source,product_key,observed_id,color_code,category_path,category_url,queue_audience,actual_audience,accepted_for_audience_quota,evidence_url,evidence_type
musinsa,1803235,1803235,,바지 > 슈트 팬츠/슬랙스,https://www.musinsa.com/category/003/goods?gf=A,,,True,https://goods-detail.musinsa.com/api2/goods/1803235,live_public_response
musinsa,1803462,1803462,,아우터 > 슈트/블레이저 재킷,https://www.musinsa.com/category/002/goods?gf=A,,,True,https://goods-detail.musinsa.com/api2/goods/1803462,live_public_response
musinsa,1884480,1884480,,바지 > 숏 팬츠,https://www.musinsa.com/category/003/goods?gf=A,,,True,https://goods-detail.musinsa.com/api2/goods/1884480,live_public_response
musinsa,2124438,2124438,,바지 > 슈트 팬츠/슬랙스,https://www.musinsa.com/category/003/goods?gf=A,,,True,https://goods-detail.musinsa.com/api2/goods/2124438,live_public_response
musinsa,2398609,2398609,,아우터 > 슈트/블레이저 재킷,https://www.musinsa.com/category/002/goods?gf=A,,,True,https://goods-detail.musinsa.com/api2/goods/2398609,live_public_response
musinsa,2444810,2444810,,아우터 > 슈트/블레이저 재킷,https://www.musinsa.com/category/002/goods?gf=A,,,True,https://goods-detail.musinsa.com/api2/goods/2444810,live_public_response
musinsa,2578996,2578996,,바지 > 슈트 팬츠/슬랙스,https://www.musinsa.com/category/003/goods?gf=A,,,True,https://goods-detail.musinsa.com/api2/goods/2578996,live_public_response
musinsa,2609006,2609006,,바지 > 슈트 팬츠/슬랙스,https://www.musinsa.com/category/003/goods?gf=A,,,True,https://goods-detail.musinsa.com/api2/goods/2609006,live_public_response
musinsa,2737014,2737014,,아우터 > 사파리/헌팅 재킷,https://www.musinsa.com/category/002/goods?gf=A,,,True,https://goods-detail.musinsa.com/api2/goods/2737014,live_public_response
musinsa,2796118,2796118,,바지 > 데님 팬츠,https://www.musinsa.com/category/003/goods?gf=A,,,True,https://goods-detail.musinsa.com/api2/goods/2796118,live_public_response
musinsa,3132891,3132891,,상의 > 반소매 티셔츠,https://www.musinsa.com/category/001/goods?gf=A,,,True,https://goods-detail.musinsa.com/api2/goods/3132891,live_public_response
musinsa,3135305,3135305,,원피스/스커트 > 롱스커트,https://www.musinsa.com/category/100/goods?gf=A,,,True,https://goods-detail.musinsa.com/api2/goods/3135305,live_public_response
musinsa,3154695,3154695,,바지 > 슈트 팬츠/슬랙스,https://www.musinsa.com/category/003/goods?gf=A,,,True,https://goods-detail.musinsa.com/api2/goods/3154695,live_public_response
musinsa,3182421,3182421,,상의 > 반소매 티셔츠,https://www.musinsa.com/category/001/goods?gf=A,,,True,https://goods-detail.musinsa.com/api2/goods/3182421,live_public_response
musinsa,3201942,3201942,,바지 > 데님 팬츠,https://www.musinsa.com/category/003/goods?gf=A,,,True,https://goods-detail.musinsa.com/api2/goods/3201942,live_public_response
musinsa,3298849,3298849,,바지 > 코튼 팬츠,https://www.musinsa.com/category/003/goods?gf=A,,,True,https://goods-detail.musinsa.com/api2/goods/3298849,live_public_response
musinsa,3776694,3776694,,아우터 > 나일론/코치 재킷,https://www.musinsa.com/category/002/goods?gf=A,,,True,https://goods-detail.musinsa.com/api2/goods/3776694,live_public_response
musinsa,3791988,3791988,,바지 > 데님 팬츠,https://www.musinsa.com/category/003/goods?gf=A,,,True,https://goods-detail.musinsa.com/api2/goods/3791988,live_public_response
musinsa,3812607,3812607,,상의 > 반소매 티셔츠,https://www.musinsa.com/category/001/goods?gf=A,,,True,https://goods-detail.musinsa.com/api2/goods/3812607,live_public_response
musinsa,4043491,4043491,,원피스/스커트 > 미니원피스,https://www.musinsa.com/category/100/goods?gf=A,,,True,https://goods-detail.musinsa.com/api2/goods/4043491,live_public_response
musinsa,4059353,4059353,,상의 > 반소매 티셔츠,https://www.musinsa.com/category/001/goods?gf=A,,,True,https://goods-detail.musinsa.com/api2/goods/4059353,live_public_response
musinsa,4154987,4154987,,원피스/스커트 > 맥시원피스,https://www.musinsa.com/category/100/goods?gf=A,,,True,https://goods-detail.musinsa.com/api2/goods/4154987,live_public_response
musinsa,4210175,4210175,,바지 > 트레이닝/조거 팬츠,https://www.musinsa.com/category/003/goods?gf=A,,,True,https://goods-detail.musinsa.com/api2/goods/4210175,live_public_response
musinsa,4276989,4276989,,바지 > 데님 팬츠,https://www.musinsa.com/category/003/goods?gf=A,,,True,https://goods-detail.musinsa.com/api2/goods/4276989,live_public_response
musinsa,4321179,4321179,,아우터 > 후드 집업,https://www.musinsa.com/category/002/goods?gf=A,,,True,https://goods-detail.musinsa.com/api2/goods/4321179,live_public_response
musinsa,4336062,4336062,,아우터 > 트레이닝 재킷,https://www.musinsa.com/category/002/goods?gf=A,,,True,https://goods-detail.musinsa.com/api2/goods/4336062,live_public_response
musinsa,4622191,4622191,,원피스/스커트 > 미니원피스,https://www.musinsa.com/category/100/goods?gf=A,,,True,https://goods-detail.musinsa.com/api2/goods/4622191,live_public_response
musinsa,4636893,4636893,,원피스/스커트 > 맥시원피스,https://www.musinsa.com/category/100/goods?gf=A,,,True,https://goods-detail.musinsa.com/api2/goods/4636893,live_public_response
musinsa,4651436,4651436,,아우터 > 카디건,https://www.musinsa.com/category/002/goods?gf=A,,,True,https://goods-detail.musinsa.com/api2/goods/4651436,live_public_response
musinsa,4652853,4652853,,아우터 > 나일론/코치 재킷,https://www.musinsa.com/category/002/goods?gf=A,,,True,https://goods-detail.musinsa.com/api2/goods/4652853,live_public_response
musinsa,4687212,4687212,,원피스/스커트 > 미니스커트,https://www.musinsa.com/category/100/goods?gf=A,,,True,https://goods-detail.musinsa.com/api2/goods/4687212,live_public_response
musinsa,4702364,4702364,,바지 > 트레이닝/조거 팬츠,https://www.musinsa.com/category/003/goods?gf=A,,,True,https://goods-detail.musinsa.com/api2/goods/4702364,live_public_response
musinsa,4719977,4719977,,아우터 > 나일론/코치 재킷,https://www.musinsa.com/category/002/goods?gf=A,,,True,https://goods-detail.musinsa.com/api2/goods/4719977,live_public_response
musinsa,4739114,4739114,,상의 > 반소매 티셔츠,https://www.musinsa.com/category/001/goods?gf=A,,,True,https://goods-detail.musinsa.com/api2/goods/4739114,live_public_response
musinsa,4795032,4795032,,아우터 > 나일론/코치 재킷,https://www.musinsa.com/category/002/goods?gf=A,,,True,https://goods-detail.musinsa.com/api2/goods/4795032,live_public_response
musinsa,4821229,4821229,,아우터 > 기타 아우터,https://www.musinsa.com/category/002/goods?gf=A,,,True,https://goods-detail.musinsa.com/api2/goods/4821229,live_public_response
musinsa,4827195,4827195,,바지 > 슈트 팬츠/슬랙스,https://www.musinsa.com/category/003/goods?gf=A,,,True,https://goods-detail.musinsa.com/api2/goods/4827195,live_public_response
musinsa,4933453,4933453,,바지 > 데님 팬츠,https://www.musinsa.com/category/003/goods?gf=A,,,True,https://goods-detail.musinsa.com/api2/goods/4933453,live_public_response
musinsa,4982343,4982343,,아우터 > 카디건,https://www.musinsa.com/category/002/goods?gf=A,,,True,https://goods-detail.musinsa.com/api2/goods/4982343,live_public_response
musinsa,4989733,4989733,,상의 > 셔츠/블라우스,https://www.musinsa.com/category/001/goods?gf=A,,,True,https://goods-detail.musinsa.com/api2/goods/4989733,live_public_response
musinsa,5059063,5059063,,아우터 > 카디건,https://www.musinsa.com/category/002/goods?gf=A,,,True,https://goods-detail.musinsa.com/api2/goods/5059063,live_public_response
musinsa,5104486,5104486,,아우터 > 카디건,https://www.musinsa.com/category/002/goods?gf=A,,,True,https://goods-detail.musinsa.com/api2/goods/5104486,live_public_response
musinsa,5134734,5134734,,원피스/스커트 > 맥시원피스,https://www.musinsa.com/category/100/goods?gf=A,,,True,https://goods-detail.musinsa.com/api2/goods/5134734,live_public_response
musinsa,5178636,5178636,,아우터 > 카디건,https://www.musinsa.com/category/002/goods?gf=A,,,True,https://goods-detail.musinsa.com/api2/goods/5178636,live_public_response
musinsa,5199474,5199474,,원피스/스커트 > 미니원피스,https://www.musinsa.com/category/100/goods?gf=A,,,True,https://goods-detail.musinsa.com/api2/goods/5199474,live_public_response
musinsa,5279560,5279560,,바지 > 코튼 팬츠,https://www.musinsa.com/category/003/goods?gf=A,,,True,https://goods-detail.musinsa.com/api2/goods/5279560,live_public_response
musinsa,5320076,5320076,,바지 > 코튼 팬츠,https://www.musinsa.com/category/003/goods?gf=A,,,True,https://goods-detail.musinsa.com/api2/goods/5320076,live_public_response
musinsa,5345115,5345115,,아우터 > 후드 집업,https://www.musinsa.com/category/002/goods?gf=A,,,True,https://goods-detail.musinsa.com/api2/goods/5345115,live_public_response
musinsa,5354512,5354512,,바지 > 슈트 팬츠/슬랙스,https://www.musinsa.com/category/003/goods?gf=A,,,True,https://goods-detail.musinsa.com/api2/goods/5354512,live_public_response
musinsa,5358816,5358816,,바지 > 데님 팬츠,https://www.musinsa.com/category/003/goods?gf=A,,,True,https://goods-detail.musinsa.com/api2/goods/5358816,live_public_response
musinsa,5413150,5413150,,바지 > 코튼 팬츠,https://www.musinsa.com/category/003/goods?gf=A,,,True,https://goods-detail.musinsa.com/api2/goods/5413150,live_public_response
musinsa,5626716,5626716,,아우터 > 카디건,https://www.musinsa.com/category/002/goods?gf=A,,,True,https://goods-detail.musinsa.com/api2/goods/5626716,live_public_response
musinsa,5698175,5698175,,원피스/스커트 > 미디스커트,https://www.musinsa.com/category/100/goods?gf=A,,,True,https://goods-detail.musinsa.com/api2/goods/5698175,live_public_response
musinsa,5698186,5698186,,원피스/스커트 > 미니원피스,https://www.musinsa.com/category/100/goods?gf=A,,,True,https://goods-detail.musinsa.com/api2/goods/5698186,live_public_response
musinsa,5698189,5698189,,원피스/스커트 > 미디스커트,https://www.musinsa.com/category/100/goods?gf=A,,,True,https://goods-detail.musinsa.com/api2/goods/5698189,live_public_response
musinsa,5886363,5886363,,바지 > 코튼 팬츠,https://www.musinsa.com/category/003/goods?gf=A,,,True,https://goods-detail.musinsa.com/api2/goods/5886363,live_public_response
musinsa,5973119,5973119,,아우터 > 나일론/코치 재킷,https://www.musinsa.com/category/002/goods?gf=A,,,True,https://goods-detail.musinsa.com/api2/goods/5973119,live_public_response
musinsa,5980112,5980112,,아우터 > 카디건,https://www.musinsa.com/category/002/goods?gf=A,,,True,https://goods-detail.musinsa.com/api2/goods/5980112,live_public_response
musinsa,5982920,5982920,,상의 > 긴소매 티셔츠,https://www.musinsa.com/category/001/goods?gf=A,,,True,https://goods-detail.musinsa.com/api2/goods/5982920,live_public_response
musinsa,5987009,5987009,,바지 > 트레이닝/조거 팬츠,https://www.musinsa.com/category/003/goods?gf=A,,,True,https://goods-detail.musinsa.com/api2/goods/5987009,live_public_response
uniqlo,E422992,E422992-000,000,티셔츠 & 스웨트셔츠 & UT > 티셔츠 (반팔 & 긴팔) > 반팔,https://www.uniqlo.com/kr/ko/men/tops/t-shirts,MEN,MEN,True,https://www.uniqlo.com/kr/ko/products/E422992-000/00,live_public_response
uniqlo,E422992,E422992-000,000,티셔츠 & 스웨트셔츠 & UT > 티셔츠 (반팔 & 긴팔) > 반팔,https://www.uniqlo.com/kr/ko/women/tops/t-shirts,WOMEN,MEN,True,https://www.uniqlo.com/kr/ko/products/E422992-000/00,live_public_response
uniqlo,E424873,E424873-000,000,티셔츠 & UT > 티셔츠 (반팔 & 긴팔) > 반팔,https://www.uniqlo.com/kr/ko/women/tops/t-shirts,WOMEN,WOMEN,True,https://www.uniqlo.com/kr/ko/products/E424873-000/00,live_public_response
uniqlo,E474592,E474592-000,000,티셔츠 & UT > 티셔츠 (반팔 & 긴팔) > 에어리즘 코튼,https://www.uniqlo.com/kr/ko/kids/tops/t-shirts,KIDS,KIDS,True,https://www.uniqlo.com/kr/ko/products/E474592-000/00,live_public_response
uniqlo,E458325,E458325-000,000,팬츠 > 쇼트 팬츠(반바지) > 이지(허리 밴딩),https://www.uniqlo.com/kr/ko/men/bottoms,MEN,MEN,True,https://www.uniqlo.com/kr/ko/products/E458325-000/00,live_public_response
uniqlo,E455365,E455365-000,000,티셔츠 & 스웨트셔츠 & UT > 티셔츠 (반팔 & 긴팔) > 반팔,https://www.uniqlo.com/kr/ko/women/tops/t-shirts,WOMEN,MEN,True,https://www.uniqlo.com/kr/ko/products/E455365-000/00,live_public_response
uniqlo,E474832,E474832-000,000,티셔츠 & UT > 티셔츠 (반팔 & 긴팔) > 에어리즘 코튼,https://www.uniqlo.com/kr/ko/kids/tops/t-shirts,KIDS,KIDS,True,https://www.uniqlo.com/kr/ko/products/E474832-000/00,live_public_response
uniqlo,E465185,E465185-000,000,티셔츠 & 스웨트셔츠 & UT > 티셔츠 (반팔 & 긴팔) > 에어리즘 코튼,https://www.uniqlo.com/kr/ko/men/tops/t-shirts,MEN,MEN,True,https://www.uniqlo.com/kr/ko/products/E465185-000/00,live_public_response
uniqlo,E465185,E465185-000,000,티셔츠 & 스웨트셔츠 & UT > 티셔츠 (반팔 & 긴팔) > 에어리즘 코튼,https://www.uniqlo.com/kr/ko/women/tops/t-shirts,WOMEN,MEN,True,https://www.uniqlo.com/kr/ko/products/E465185-000/00,live_public_response
uniqlo,E465751,E465751-000,000,티셔츠 & UT > 티셔츠 (반팔 & 긴팔) > 긴팔,https://www.uniqlo.com/kr/ko/women/tops/t-shirts,WOMEN,WOMEN,True,https://www.uniqlo.com/kr/ko/products/E465751-000/00,live_public_response
uniqlo,E483348,E483348-000,000,티셔츠 & UT > 티셔츠 (반팔 & 긴팔) > 걸즈,https://www.uniqlo.com/kr/ko/kids/tops/t-shirts,KIDS,KIDS,True,https://www.uniqlo.com/kr/ko/products/E483348-000/00,live_public_response
uniqlo,E471809,E471809-000,000,팬츠 > 스웨트 팬츠 & 조거 팬츠 > 스웨트,https://www.uniqlo.com/kr/ko/men/bottoms,MEN,MEN,True,https://www.uniqlo.com/kr/ko/products/E471809-000/00,live_public_response
uniqlo,E465755,E465755-000,000,티셔츠 & UT > 티셔츠 (반팔 & 긴팔) > 반팔,https://www.uniqlo.com/kr/ko/women/tops/t-shirts,WOMEN,WOMEN,True,https://www.uniqlo.com/kr/ko/products/E465755-000/00,live_public_response
uniqlo,E483349,E483349-000,000,티셔츠 & UT > 티셔츠 (반팔 & 긴팔) > 그래픽 티셔츠,https://www.uniqlo.com/kr/ko/kids/tops/t-shirts,KIDS,KIDS,True,https://www.uniqlo.com/kr/ko/products/E483349-000/00,live_public_response
uniqlo,E473715,E473715-000,000,팬츠 > 스웨트 팬츠 & 조거 팬츠 > 스웨트,https://www.uniqlo.com/kr/ko/men/bottoms,MEN,MEN,True,https://www.uniqlo.com/kr/ko/products/E473715-000/00,live_public_response
uniqlo,E465760,E465760-000,000,티셔츠 & UT > 티셔츠 (반팔 & 긴팔) > 반팔,https://www.uniqlo.com/kr/ko/women/tops/t-shirts,WOMEN,WOMEN,True,https://www.uniqlo.com/kr/ko/products/E465760-000/00,live_public_response
uniqlo,E483350,E483350-000,000,티셔츠 & UT > 티셔츠 (반팔 & 긴팔) > 그래픽 티셔츠,https://www.uniqlo.com/kr/ko/kids/tops/t-shirts,KIDS,KIDS,True,https://www.uniqlo.com/kr/ko/products/E483350-000/00,live_public_response
uniqlo,E475386,E475386-000,000,스포츠 유틸리티 웨어 > 팬츠 > 울트라 스트레치 팬츠,https://www.uniqlo.com/kr/ko/men/bottoms,MEN,MEN,True,https://www.uniqlo.com/kr/ko/products/E475386-000/00,live_public_response
uniqlo,E470143,E470143-000,000,티셔츠 & UT > 티셔츠 (반팔 & 긴팔) > 긴팔,https://www.uniqlo.com/kr/ko/women/tops/t-shirts,WOMEN,WOMEN,True,https://www.uniqlo.com/kr/ko/products/E470143-000/00,live_public_response
uniqlo,E483351,E483351-000,000,티셔츠 & UT > 티셔츠 (반팔 & 긴팔) > 그래픽 티셔츠,https://www.uniqlo.com/kr/ko/kids/tops/t-shirts,KIDS,KIDS,True,https://www.uniqlo.com/kr/ko/products/E483351-000/00,live_public_response
uniqlo,E476225,E476225-000,000,팬츠 > 스웨트 팬츠 & 조거 팬츠 > 유니섹스,https://www.uniqlo.com/kr/ko/men/bottoms,MEN,WOMEN,True,https://www.uniqlo.com/kr/ko/products/E476225-000/00,live_public_response
uniqlo,E480054,E480054-000,000,티셔츠 & UT > 티셔츠 (반팔 & 긴팔) > 반팔,https://www.uniqlo.com/kr/ko/women/tops/t-shirts,WOMEN,WOMEN,True,https://www.uniqlo.com/kr/ko/products/E480054-000/00,live_public_response
uniqlo,E483352,E483352-000,000,티셔츠 & UT > 티셔츠 (반팔 & 긴팔) > 그래픽 티셔츠,https://www.uniqlo.com/kr/ko/kids/tops/t-shirts,KIDS,KIDS,True,https://www.uniqlo.com/kr/ko/products/E483352-000/00,live_public_response
uniqlo,E478702,E478702-000,000,GU > 팬츠 > 팬츠,https://www.uniqlo.com/kr/ko/men/bottoms,MEN,MEN,True,https://www.uniqlo.com/kr/ko/products/E478702-000/00,live_public_response
uniqlo,E480302,E480302-000,000,팬츠 > 쇼트 팬츠(반바지) > 스코츠,https://www.uniqlo.com/kr/ko/women/dress-and-skirts,WOMEN,WOMEN,True,https://www.uniqlo.com/kr/ko/products/E480302-000/00,live_public_response
uniqlo,E483373,E483373-000,000,티셔츠 & UT > 그래픽티셔츠 > mofusand,https://www.uniqlo.com/kr/ko/kids/tops/t-shirts,KIDS,KIDS,True,https://www.uniqlo.com/kr/ko/products/E483373-000/00,live_public_response
uniqlo,E481582,E481582-000,000,팬츠 > 쇼트 팬츠(반바지) > 이지(허리 밴딩),https://www.uniqlo.com/kr/ko/men/bottoms,MEN,MEN,True,https://www.uniqlo.com/kr/ko/products/E481582-000/00,live_public_response
uniqlo,E482286,E482286-000,000,원피스 & 스커트 > 스커트 > 플레어,https://www.uniqlo.com/kr/ko/women/dress-and-skirts,WOMEN,WOMEN,True,https://www.uniqlo.com/kr/ko/products/E482286-000/00,live_public_response
uniqlo,E483377,E483377-000,000,티셔츠 & UT > 티셔츠 (반팔 & 긴팔) > 반팔,https://www.uniqlo.com/kr/ko/kids/tops/t-shirts,KIDS,KIDS,True,https://www.uniqlo.com/kr/ko/products/E483377-000/00,live_public_response
uniqlo,E481583,E481583-000,000,라운지 팬츠 > 라운지 팬츠 > 쇼트 팬츠,https://www.uniqlo.com/kr/ko/men/bottoms,MEN,MEN,True,https://www.uniqlo.com/kr/ko/products/E481583-000/00,live_public_response
uniqlo,E482658,E482658-000,000,원피스 & 스커트 > 스커트 > 플리츠,https://www.uniqlo.com/kr/ko/women/dress-and-skirts,WOMEN,WOMEN,True,https://www.uniqlo.com/kr/ko/products/E482658-000/00,live_public_response
uniqlo,E483382,E483382-000,000,티셔츠 & UT > 티셔츠 (반팔 & 긴팔) > 반팔,https://www.uniqlo.com/kr/ko/kids/tops/t-shirts,KIDS,KIDS,True,https://www.uniqlo.com/kr/ko/products/E483382-000/00,live_public_response
uniqlo,E482260,E482260-000,000,라운지 팬츠 > 라운지 팬츠 > 쇼트 팬츠,https://www.uniqlo.com/kr/ko/men/bottoms,MEN,MEN,True,https://www.uniqlo.com/kr/ko/products/E482260-000/00,live_public_response
uniqlo,E482982,E482982-000,000,원피스 & 스커트 > 원피스 > 슬리브리스 원피스,https://www.uniqlo.com/kr/ko/women/dress-and-skirts,WOMEN,WOMEN,True,https://www.uniqlo.com/kr/ko/products/E482982-000/00,live_public_response
uniqlo,E482299,E482299-000,000,티셔츠 & 스웨트셔츠 & UT > 티셔츠 (반팔 & 긴팔) > DRY-EX,https://www.uniqlo.com/kr/ko/men/tops/t-shirts,MEN,MEN,True,https://www.uniqlo.com/kr/ko/products/E482299-000/00,live_public_response
uniqlo,E482983,E482983-000,000,원피스 & 스커트 > 원피스 > 슬리브리스 원피스,https://www.uniqlo.com/kr/ko/women/dress-and-skirts,WOMEN,WOMEN,True,https://www.uniqlo.com/kr/ko/products/E482983-000/00,live_public_response
uniqlo,E482758,E482758-000,000,팬츠 > 스웨트 팬츠 & 조거 팬츠 > 스웨트,https://www.uniqlo.com/kr/ko/men/bottoms,MEN,MEN,True,https://www.uniqlo.com/kr/ko/products/E482758-000/00,live_public_response
uniqlo,E483268,E483268-000,000,티셔츠 & UT > 티셔츠 (반팔 & 긴팔) > 반팔,https://www.uniqlo.com/kr/ko/women/tops/t-shirts,WOMEN,WOMEN,True,https://www.uniqlo.com/kr/ko/products/E483268-000/00,live_public_response
uniqlo,E482883,E482883-000,000,팬츠 > 와이드 팬츠 > 유틸리티(카고ㆍ커브),https://www.uniqlo.com/kr/ko/men/bottoms,MEN,MEN,True,https://www.uniqlo.com/kr/ko/products/E482883-000/00,live_public_response
uniqlo,E483461,E483461-000,000,티셔츠 & UT > 티셔츠 (반팔 & 긴팔) > 반팔,https://www.uniqlo.com/kr/ko/women/tops/t-shirts,WOMEN,WOMEN,True,https://www.uniqlo.com/kr/ko/products/E483461-000/00,live_public_response
uniqlo,E482937,E482937-000,000,팬츠 > 쇼트 팬츠(반바지) > 유니섹스,https://www.uniqlo.com/kr/ko/men/bottoms,MEN,WOMEN,True,https://www.uniqlo.com/kr/ko/products/E482937-000/00,live_public_response
uniqlo,E483463,E483463-000,000,티셔츠 & UT > 티셔츠 (반팔 & 긴팔) > 반팔,https://www.uniqlo.com/kr/ko/women/tops/t-shirts,WOMEN,WOMEN,True,https://www.uniqlo.com/kr/ko/products/E483463-000/00,live_public_response
uniqlo,E482939,E482939-000,000,스포츠 유틸리티 웨어 > 팬츠 > 기어 팬츠,https://www.uniqlo.com/kr/ko/men/bottoms,MEN,MEN,True,https://www.uniqlo.com/kr/ko/products/E482939-000/00,live_public_response
uniqlo,E483479,E483479-000,000,티셔츠 & UT > 티셔츠 (반팔 & 긴팔) > 슬리브리스,https://www.uniqlo.com/kr/ko/women/tops/t-shirts,WOMEN,WOMEN,True,https://www.uniqlo.com/kr/ko/products/E483479-000/00,live_public_response
uniqlo,E482942,E482942-000,000,Special Collaborations > UNIQLO and JW ANDERSON > Bottoms,https://www.uniqlo.com/kr/ko/men/bottoms,MEN,MEN,True,https://www.uniqlo.com/kr/ko/products/E482942-000/00,live_public_response
uniqlo,E483535,E483535-000,000,티셔츠 & UT > 티셔츠 (반팔 & 긴팔) > 반팔,https://www.uniqlo.com/kr/ko/women/tops/t-shirts,WOMEN,WOMEN,True,https://www.uniqlo.com/kr/ko/products/E483535-000/00,live_public_response
uniqlo,E482944,E482944-000,000,팬츠 > 쇼트 팬츠(반바지) > 유니섹스,https://www.uniqlo.com/kr/ko/men/bottoms,MEN,WOMEN,True,https://www.uniqlo.com/kr/ko/products/E482944-000/00,live_public_response
uniqlo,E483536,E483536-000,000,티셔츠 & UT > 티셔츠 (반팔 & 긴팔) > 긴팔,https://www.uniqlo.com/kr/ko/women/tops/t-shirts,WOMEN,WOMEN,True,https://www.uniqlo.com/kr/ko/products/E483536-000/00,live_public_response
uniqlo,E482965,E482965-000,000,Special Collaborations > Uniqlo U > Bottoms,https://www.uniqlo.com/kr/ko/men/bottoms,MEN,MEN,True,https://www.uniqlo.com/kr/ko/products/E482965-000/00,live_public_response
uniqlo,E483285,E483285-000,000,팬츠 > 스웨트 팬츠 & 조거 팬츠 > 스웨트,https://www.uniqlo.com/kr/ko/men/bottoms,MEN,WOMEN,False,https://www.uniqlo.com/kr/ko/products/E483285-000/00,live_public_response
uniqlo,E483970,E483970-000,000,티셔츠 & 스웨트셔츠 & UT > 티셔츠 (반팔 & 긴팔) > DRY-EX,https://www.uniqlo.com/kr/ko/men/tops/t-shirts,MEN,MEN,True,https://www.uniqlo.com/kr/ko/products/E483970-000/00,live_public_response
uniqlo,E484080,E484080-000,000,티셔츠 & 스웨트셔츠 & UT > 티셔츠 (반팔 & 긴팔) > 긴팔,https://www.uniqlo.com/kr/ko/men/tops/t-shirts,MEN,MEN,True,https://www.uniqlo.com/kr/ko/products/E484080-000/00,live_public_response
uniqlo,E484209,E484209-000,000,팬츠 > 쇼트 팬츠(반바지) > 데님 & 코튼,https://www.uniqlo.com/kr/ko/men/bottoms,MEN,MEN,True,https://www.uniqlo.com/kr/ko/products/E484209-000/00,live_public_response
