source,product_key,observed_id,queue_audience,product_name,audience,accepted_for_audience_quota,category_path,depth1_name,depth1_code,depth2_name,depth2_code,depth3_name,depth3_code,depth4_name,depth4_code,evidence_url,evidence_source,breadcrumb_evidence_json,unresolved_reason
musinsa,1803235,1803235,,,,True,바지 > 슈트 팬츠/슬랙스,바지,003,슈트 팬츠/슬랙스,003008,,,,,https://goods-detail.musinsa.com/api2/goods/1803235,musinsa_detail_api,[],
musinsa,1803462,1803462,,,,True,아우터 > 슈트/블레이저 재킷,아우터,002,슈트/블레이저 재킷,002003,,,,,https://goods-detail.musinsa.com/api2/goods/1803462,musinsa_detail_api,[],
musinsa,1884480,1884480,,,,True,바지 > 숏 팬츠,바지,003,숏 팬츠,003009,,,,,https://goods-detail.musinsa.com/api2/goods/1884480,musinsa_detail_api,[],
musinsa,2124438,2124438,,,,True,바지 > 슈트 팬츠/슬랙스,바지,003,슈트 팬츠/슬랙스,003008,,,,,https://goods-detail.musinsa.com/api2/goods/2124438,musinsa_detail_api,[],
musinsa,2398609,2398609,,,,True,아우터 > 슈트/블레이저 재킷,아우터,002,슈트/블레이저 재킷,002003,,,,,https://goods-detail.musinsa.com/api2/goods/2398609,musinsa_detail_api,[],
musinsa,2444810,2444810,,,,True,아우터 > 슈트/블레이저 재킷,아우터,002,슈트/블레이저 재킷,002003,,,,,https://goods-detail.musinsa.com/api2/goods/2444810,musinsa_detail_api,[],
musinsa,2578996,2578996,,,,True,바지 > 슈트 팬츠/슬랙스,바지,003,슈트 팬츠/슬랙스,003008,,,,,https://goods-detail.musinsa.com/api2/goods/2578996,musinsa_detail_api,[],
musinsa,2609006,2609006,,,,True,바지 > 슈트 팬츠/슬랙스,바지,003,슈트 팬츠/슬랙스,003008,,,,,https://goods-detail.musinsa.com/api2/goods/2609006,musinsa_detail_api,[],
musinsa,2737014,2737014,,,,True,아우터 > 사파리/헌팅 재킷,아우터,002,사파리/헌팅 재킷,002014,,,,,https://goods-detail.musinsa.com/api2/goods/2737014,musinsa_detail_api,[],
musinsa,2796118,2796118,,,,True,바지 > 데님 팬츠,바지,003,데님 팬츠,003002,,,,,https://goods-detail.musinsa.com/api2/goods/2796118,musinsa_detail_api,[],
musinsa,3132891,3132891,,,,True,상의 > 반소매 티셔츠,상의,001,반소매 티셔츠,001001,,,,,https://goods-detail.musinsa.com/api2/goods/3132891,musinsa_detail_api,[],
musinsa,3135305,3135305,,,,True,원피스/스커트 > 롱스커트,원피스/스커트,100,롱스커트,100006,,,,,https://goods-detail.musinsa.com/api2/goods/3135305,musinsa_detail_api,[],
musinsa,3154695,3154695,,,,True,바지 > 슈트 팬츠/슬랙스,바지,003,슈트 팬츠/슬랙스,003008,,,,,https://goods-detail.musinsa.com/api2/goods/3154695,musinsa_detail_api,[],
musinsa,3182421,3182421,,,,True,상의 > 반소매 티셔츠,상의,001,반소매 티셔츠,001001,,,,,https://goods-detail.musinsa.com/api2/goods/3182421,musinsa_detail_api,[],
musinsa,3201942,3201942,,,,True,바지 > 데님 팬츠,바지,003,데님 팬츠,003002,,,,,https://goods-detail.musinsa.com/api2/goods/3201942,musinsa_detail_api,[],
musinsa,3298849,3298849,,,,True,바지 > 코튼 팬츠,바지,003,코튼 팬츠,003007,,,,,https://goods-detail.musinsa.com/api2/goods/3298849,musinsa_detail_api,[],
musinsa,3776694,3776694,,,,True,아우터 > 나일론/코치 재킷,아우터,002,나일론/코치 재킷,002006,,,,,https://goods-detail.musinsa.com/api2/goods/3776694,musinsa_detail_api,[],
musinsa,3791988,3791988,,,,True,바지 > 데님 팬츠,바지,003,데님 팬츠,003002,,,,,https://goods-detail.musinsa.com/api2/goods/3791988,musinsa_detail_api,[],
musinsa,3812607,3812607,,,,True,상의 > 반소매 티셔츠,상의,001,반소매 티셔츠,001001,,,,,https://goods-detail.musinsa.com/api2/goods/3812607,musinsa_detail_api,[],
musinsa,4043491,4043491,,,,True,원피스/스커트 > 미니원피스,원피스/스커트,100,미니원피스,100001,,,,,https://goods-detail.musinsa.com/api2/goods/4043491,musinsa_detail_api,[],
musinsa,4059353,4059353,,,,True,상의 > 반소매 티셔츠,상의,001,반소매 티셔츠,001001,,,,,https://goods-detail.musinsa.com/api2/goods/4059353,musinsa_detail_api,[],
musinsa,4154987,4154987,,,,True,원피스/스커트 > 맥시원피스,원피스/스커트,100,맥시원피스,100003,,,,,https://goods-detail.musinsa.com/api2/goods/4154987,musinsa_detail_api,[],
musinsa,4210175,4210175,,,,True,바지 > 트레이닝/조거 팬츠,바지,003,트레이닝/조거 팬츠,003004,,,,,https://goods-detail.musinsa.com/api2/goods/4210175,musinsa_detail_api,[],
musinsa,4276989,4276989,,,,True,바지 > 데님 팬츠,바지,003,데님 팬츠,003002,,,,,https://goods-detail.musinsa.com/api2/goods/4276989,musinsa_detail_api,[],
musinsa,4321179,4321179,,,,True,아우터 > 후드 집업,아우터,002,후드 집업,002022,,,,,https://goods-detail.musinsa.com/api2/goods/4321179,musinsa_detail_api,[],
musinsa,4336062,4336062,,,,True,아우터 > 트레이닝 재킷,아우터,002,트레이닝 재킷,002018,,,,,https://goods-detail.musinsa.com/api2/goods/4336062,musinsa_detail_api,[],
musinsa,4622191,4622191,,,,True,원피스/스커트 > 미니원피스,원피스/스커트,100,미니원피스,100001,,,,,https://goods-detail.musinsa.com/api2/goods/4622191,musinsa_detail_api,[],
musinsa,4636893,4636893,,,,True,원피스/스커트 > 맥시원피스,원피스/스커트,100,맥시원피스,100003,,,,,https://goods-detail.musinsa.com/api2/goods/4636893,musinsa_detail_api,[],
musinsa,4651436,4651436,,,,True,아우터 > 카디건,아우터,002,카디건,002020,,,,,https://goods-detail.musinsa.com/api2/goods/4651436,musinsa_detail_api,[],
musinsa,4652853,4652853,,,,True,아우터 > 나일론/코치 재킷,아우터,002,나일론/코치 재킷,002006,,,,,https://goods-detail.musinsa.com/api2/goods/4652853,musinsa_detail_api,[],
musinsa,4687212,4687212,,,,True,원피스/스커트 > 미니스커트,원피스/스커트,100,미니스커트,100004,,,,,https://goods-detail.musinsa.com/api2/goods/4687212,musinsa_detail_api,[],
musinsa,4702364,4702364,,,,True,바지 > 트레이닝/조거 팬츠,바지,003,트레이닝/조거 팬츠,003004,,,,,https://goods-detail.musinsa.com/api2/goods/4702364,musinsa_detail_api,[],
musinsa,4719977,4719977,,,,True,아우터 > 나일론/코치 재킷,아우터,002,나일론/코치 재킷,002006,,,,,https://goods-detail.musinsa.com/api2/goods/4719977,musinsa_detail_api,[],
musinsa,4739114,4739114,,,,True,상의 > 반소매 티셔츠,상의,001,반소매 티셔츠,001001,,,,,https://goods-detail.musinsa.com/api2/goods/4739114,musinsa_detail_api,[],
musinsa,4795032,4795032,,,,True,아우터 > 나일론/코치 재킷,아우터,002,나일론/코치 재킷,002006,,,,,https://goods-detail.musinsa.com/api2/goods/4795032,musinsa_detail_api,[],
musinsa,4821229,4821229,,,,True,아우터 > 기타 아우터,아우터,002,기타 아우터,002015,,,,,https://goods-detail.musinsa.com/api2/goods/4821229,musinsa_detail_api,[],
musinsa,4827195,4827195,,,,True,바지 > 슈트 팬츠/슬랙스,바지,003,슈트 팬츠/슬랙스,003008,,,,,https://goods-detail.musinsa.com/api2/goods/4827195,musinsa_detail_api,[],
musinsa,4933453,4933453,,,,True,바지 > 데님 팬츠,바지,003,데님 팬츠,003002,,,,,https://goods-detail.musinsa.com/api2/goods/4933453,musinsa_detail_api,[],
musinsa,4982343,4982343,,,,True,아우터 > 카디건,아우터,002,카디건,002020,,,,,https://goods-detail.musinsa.com/api2/goods/4982343,musinsa_detail_api,[],
musinsa,4989733,4989733,,,,True,상의 > 셔츠/블라우스,상의,001,셔츠/블라우스,001002,,,,,https://goods-detail.musinsa.com/api2/goods/4989733,musinsa_detail_api,[],
musinsa,5059063,5059063,,,,True,아우터 > 카디건,아우터,002,카디건,002020,,,,,https://goods-detail.musinsa.com/api2/goods/5059063,musinsa_detail_api,[],
musinsa,5104486,5104486,,,,True,아우터 > 카디건,아우터,002,카디건,002020,,,,,https://goods-detail.musinsa.com/api2/goods/5104486,musinsa_detail_api,[],
musinsa,5134734,5134734,,,,True,원피스/스커트 > 맥시원피스,원피스/스커트,100,맥시원피스,100003,,,,,https://goods-detail.musinsa.com/api2/goods/5134734,musinsa_detail_api,[],
musinsa,5178636,5178636,,,,True,아우터 > 카디건,아우터,002,카디건,002020,,,,,https://goods-detail.musinsa.com/api2/goods/5178636,musinsa_detail_api,[],
musinsa,5199474,5199474,,,,True,원피스/스커트 > 미니원피스,원피스/스커트,100,미니원피스,100001,,,,,https://goods-detail.musinsa.com/api2/goods/5199474,musinsa_detail_api,[],
musinsa,5279560,5279560,,,,True,바지 > 코튼 팬츠,바지,003,코튼 팬츠,003007,,,,,https://goods-detail.musinsa.com/api2/goods/5279560,musinsa_detail_api,[],
musinsa,5320076,5320076,,,,True,바지 > 코튼 팬츠,바지,003,코튼 팬츠,003007,,,,,https://goods-detail.musinsa.com/api2/goods/5320076,musinsa_detail_api,[],
musinsa,5345115,5345115,,,,True,아우터 > 후드 집업,아우터,002,후드 집업,002022,,,,,https://goods-detail.musinsa.com/api2/goods/5345115,musinsa_detail_api,[],
musinsa,5354512,5354512,,,,True,바지 > 슈트 팬츠/슬랙스,바지,003,슈트 팬츠/슬랙스,003008,,,,,https://goods-detail.musinsa.com/api2/goods/5354512,musinsa_detail_api,[],
musinsa,5358816,5358816,,,,True,바지 > 데님 팬츠,바지,003,데님 팬츠,003002,,,,,https://goods-detail.musinsa.com/api2/goods/5358816,musinsa_detail_api,[],
musinsa,5413150,5413150,,,,True,바지 > 코튼 팬츠,바지,003,코튼 팬츠,003007,,,,,https://goods-detail.musinsa.com/api2/goods/5413150,musinsa_detail_api,[],
musinsa,5626716,5626716,,,,True,아우터 > 카디건,아우터,002,카디건,002020,,,,,https://goods-detail.musinsa.com/api2/goods/5626716,musinsa_detail_api,[],
musinsa,5698175,5698175,,,,True,원피스/스커트 > 미디스커트,원피스/스커트,100,미디스커트,100005,,,,,https://goods-detail.musinsa.com/api2/goods/5698175,musinsa_detail_api,[],
musinsa,5698186,5698186,,,,True,원피스/스커트 > 미니원피스,원피스/스커트,100,미니원피스,100001,,,,,https://goods-detail.musinsa.com/api2/goods/5698186,musinsa_detail_api,[],
musinsa,5698189,5698189,,,,True,원피스/스커트 > 미디스커트,원피스/스커트,100,미디스커트,100005,,,,,https://goods-detail.musinsa.com/api2/goods/5698189,musinsa_detail_api,[],
musinsa,5886363,5886363,,,,True,바지 > 코튼 팬츠,바지,003,코튼 팬츠,003007,,,,,https://goods-detail.musinsa.com/api2/goods/5886363,musinsa_detail_api,[],
musinsa,5973119,5973119,,,,True,아우터 > 나일론/코치 재킷,아우터,002,나일론/코치 재킷,002006,,,,,https://goods-detail.musinsa.com/api2/goods/5973119,musinsa_detail_api,[],
musinsa,5980112,5980112,,,,True,아우터 > 카디건,아우터,002,카디건,002020,,,,,https://goods-detail.musinsa.com/api2/goods/5980112,musinsa_detail_api,[],
musinsa,5982920,5982920,,,,True,상의 > 긴소매 티셔츠,상의,001,긴소매 티셔츠,001010,,,,,https://goods-detail.musinsa.com/api2/goods/5982920,musinsa_detail_api,[],
musinsa,5987009,5987009,,,,True,바지 > 트레이닝/조거 팬츠,바지,003,트레이닝/조거 팬츠,003004,,,,,https://goods-detail.musinsa.com/api2/goods/5987009,musinsa_detail_api,[],
uniqlo,E422992,E422992-000,MEN,,MEN,True,티셔츠 & 스웨트셔츠 & UT > 티셔츠 (반팔 & 긴팔) > 반팔,티셔츠 & 스웨트셔츠 & UT,57967,티셔츠 (반팔 & 긴팔),58039,반팔,58395,,,https://www.uniqlo.com/kr/ko/products/E422992-000/00,uniqlo_hydration,"[{""role"":""gender"",""id"":""57893"",""name"":""men"",""locale"":""MEN"",""level"":1,""raw_order"":0},{""role"":""class"",""id"":""57967"",""name"":""tops"",""locale"":""티셔츠 & 스웨트셔츠 & UT"",""level"":2,""raw_order"":1},{""role"":""category"",""id"":""58039"",""name"":""t shirts"",""locale"":""티셔츠 (반팔 & 긴팔)"",""level"":3,""raw_order"":2},{""role"":""subcategory"",""id"":""58395"",""name"":""short sleeve"",""locale"":""반팔"",""level"":4,""raw_order"":3}]",
uniqlo,E424873,E424873-000,WOMEN,,WOMEN,True,티셔츠 & UT > 티셔츠 (반팔 & 긴팔) > 반팔,티셔츠 & UT,57959,티셔츠 (반팔 & 긴팔),57995,반팔,58144,,,https://www.uniqlo.com/kr/ko/products/E424873-000/00,uniqlo_hydration,"[{""role"":""gender"",""id"":""57892"",""name"":""women"",""locale"":""WOMEN"",""level"":1,""raw_order"":0},{""role"":""class"",""id"":""57959"",""name"":""tops"",""locale"":""티셔츠 & UT"",""level"":2,""raw_order"":1},{""role"":""category"",""id"":""57995"",""name"":""t shirts"",""locale"":""티셔츠 (반팔 & 긴팔)"",""level"":3,""raw_order"":2},{""role"":""subcategory"",""id"":""58144"",""name"":""half sleeve"",""locale"":""반팔"",""level"":4,""raw_order"":3}]",
uniqlo,E474592,E474592-000,KIDS,,KIDS,True,티셔츠 & UT > 티셔츠 (반팔 & 긴팔) > 에어리즘 코튼,티셔츠 & UT,57974,티셔츠 (반팔 & 긴팔),58078,에어리즘 코튼,58587,,,https://www.uniqlo.com/kr/ko/products/E474592-000/00,uniqlo_hydration,"[{""role"":""gender"",""id"":""57894"",""name"":""kids"",""locale"":""KIDS"",""level"":1,""raw_order"":0},{""role"":""class"",""id"":""57974"",""name"":""tops"",""locale"":""티셔츠 & UT"",""level"":2,""raw_order"":1},{""role"":""category"",""id"":""58078"",""name"":""t shirts"",""locale"":""티셔츠 (반팔 & 긴팔)"",""level"":3,""raw_order"":2},{""role"":""subcategory"",""id"":""58587"",""name"":""airism cotton"",""locale"":""에어리즘 코튼"",""level"":4,""raw_order"":3}]",
uniqlo,E458325,E458325-000,MEN,,MEN,True,팬츠 > 쇼트 팬츠(반바지) > 이지(허리 밴딩),팬츠,57968,쇼트 팬츠(반바지),58054,이지(허리 밴딩),58475,,,https://www.uniqlo.com/kr/ko/products/E458325-000/00,uniqlo_hydration,"[{""role"":""gender"",""id"":""57893"",""name"":""men"",""locale"":""MEN"",""level"":1,""raw_order"":0},{""role"":""class"",""id"":""57968"",""name"":""bottoms"",""locale"":""팬츠"",""level"":2,""raw_order"":1},{""role"":""category"",""id"":""58054"",""name"":""short pants"",""locale"":""쇼트 팬츠(반바지)"",""level"":3,""raw_order"":2},{""role"":""subcategory"",""id"":""58475"",""name"":""easy"",""locale"":""이지(허리 밴딩)"",""level"":4,""raw_order"":3}]",
uniqlo,E455365,E455365-000,WOMEN,,MEN,True,티셔츠 & 스웨트셔츠 & UT > 티셔츠 (반팔 & 긴팔) > 반팔,티셔츠 & 스웨트셔츠 & UT,57967,티셔츠 (반팔 & 긴팔),58039,반팔,58395,,,https://www.uniqlo.com/kr/ko/products/E455365-000/00,uniqlo_hydration,"[{""role"":""gender"",""id"":""57893"",""name"":""men"",""locale"":""MEN"",""level"":1,""raw_order"":0},{""role"":""class"",""id"":""57967"",""name"":""tops"",""locale"":""티셔츠 & 스웨트셔츠 & UT"",""level"":2,""raw_order"":1},{""role"":""category"",""id"":""58039"",""name"":""t shirts"",""locale"":""티셔츠 (반팔 & 긴팔)"",""level"":3,""raw_order"":2},{""role"":""subcategory"",""id"":""58395"",""name"":""short sleeve"",""locale"":""반팔"",""level"":4,""raw_order"":3}]",
uniqlo,E474832,E474832-000,KIDS,,KIDS,True,티셔츠 & UT > 티셔츠 (반팔 & 긴팔) > 에어리즘 코튼,티셔츠 & UT,57974,티셔츠 (반팔 & 긴팔),58078,에어리즘 코튼,58587,,,https://www.uniqlo.com/kr/ko/products/E474832-000/00,uniqlo_hydration,"[{""role"":""gender"",""id"":""57894"",""name"":""kids"",""locale"":""KIDS"",""level"":1,""raw_order"":0},{""role"":""class"",""id"":""57974"",""name"":""tops"",""locale"":""티셔츠 & UT"",""level"":2,""raw_order"":1},{""role"":""category"",""id"":""58078"",""name"":""t shirts"",""locale"":""티셔츠 (반팔 & 긴팔)"",""level"":3,""raw_order"":2},{""role"":""subcategory"",""id"":""58587"",""name"":""airism cotton"",""locale"":""에어리즘 코튼"",""level"":4,""raw_order"":3}]",
uniqlo,E465185,E465185-000,MEN,,MEN,True,티셔츠 & 스웨트셔츠 & UT > 티셔츠 (반팔 & 긴팔) > 에어리즘 코튼,티셔츠 & 스웨트셔츠 & UT,57967,티셔츠 (반팔 & 긴팔),58039,에어리즘 코튼,58390,,,https://www.uniqlo.com/kr/ko/products/E465185-000/00,uniqlo_hydration,"[{""role"":""gender"",""id"":""57893"",""name"":""men"",""locale"":""MEN"",""level"":1,""raw_order"":0},{""role"":""class"",""id"":""57967"",""name"":""tops"",""locale"":""티셔츠 & 스웨트셔츠 & UT"",""level"":2,""raw_order"":1},{""role"":""category"",""id"":""58039"",""name"":""t shirts"",""locale"":""티셔츠 (반팔 & 긴팔)"",""level"":3,""raw_order"":2},{""role"":""subcategory"",""id"":""58390"",""name"":""arism cotton"",""locale"":""에어리즘 코튼"",""level"":4,""raw_order"":3}]",
uniqlo,E465751,E465751-000,WOMEN,,WOMEN,True,티셔츠 & UT > 티셔츠 (반팔 & 긴팔) > 긴팔,티셔츠 & UT,57959,티셔츠 (반팔 & 긴팔),57995,긴팔,58142,,,https://www.uniqlo.com/kr/ko/products/E465751-000/00,uniqlo_hydration,"[{""role"":""gender"",""id"":""57892"",""name"":""women"",""locale"":""WOMEN"",""level"":1,""raw_order"":0},{""role"":""class"",""id"":""57959"",""name"":""tops"",""locale"":""티셔츠 & UT"",""level"":2,""raw_order"":1},{""role"":""category"",""id"":""57995"",""name"":""t shirts"",""locale"":""티셔츠 (반팔 & 긴팔)"",""level"":3,""raw_order"":2},{""role"":""subcategory"",""id"":""58142"",""name"":""long sleeve"",""locale"":""긴팔"",""level"":4,""raw_order"":3}]",
uniqlo,E483348,E483348-000,KIDS,,KIDS,True,티셔츠 & UT > 티셔츠 (반팔 & 긴팔) > 걸즈,티셔츠 & UT,57974,티셔츠 (반팔 & 긴팔),58078,걸즈,58586,,,https://www.uniqlo.com/kr/ko/products/E483348-000/00,uniqlo_hydration,"[{""role"":""gender"",""id"":""57894"",""name"":""kids"",""locale"":""KIDS"",""level"":1,""raw_order"":0},{""role"":""class"",""id"":""57974"",""name"":""tops"",""locale"":""티셔츠 & UT"",""level"":2,""raw_order"":1},{""role"":""category"",""id"":""58078"",""name"":""t shirts"",""locale"":""티셔츠 (반팔 & 긴팔)"",""level"":3,""raw_order"":2},{""role"":""subcategory"",""id"":""58586"",""name"":""girls"",""locale"":""걸즈"",""level"":4,""raw_order"":3}]",
uniqlo,E471809,E471809-000,MEN,,MEN,True,팬츠 > 스웨트 팬츠 & 조거 팬츠 > 스웨트,팬츠,57968,스웨트 팬츠 & 조거 팬츠,58050,스웨트,58460,,,https://www.uniqlo.com/kr/ko/products/E471809-000/00,uniqlo_hydration,"[{""role"":""gender"",""id"":""57893"",""name"":""men"",""locale"":""MEN"",""level"":1,""raw_order"":0},{""role"":""class"",""id"":""57968"",""name"":""bottoms"",""locale"":""팬츠"",""level"":2,""raw_order"":1},{""role"":""category"",""id"":""58050"",""name"":""sweat pants"",""locale"":""스웨트 팬츠 & 조거 팬츠"",""level"":3,""raw_order"":2},{""role"":""subcategory"",""id"":""58460"",""name"":""sweat"",""locale"":""스웨트"",""level"":4,""raw_order"":3}]",
uniqlo,E465755,E465755-000,WOMEN,,WOMEN,True,티셔츠 & UT > 티셔츠 (반팔 & 긴팔) > 반팔,티셔츠 & UT,57959,티셔츠 (반팔 & 긴팔),57995,반팔,58144,,,https://www.uniqlo.com/kr/ko/products/E465755-000/00,uniqlo_hydration,"[{""role"":""gender"",""id"":""57892"",""name"":""women"",""locale"":""WOMEN"",""level"":1,""raw_order"":0},{""role"":""class"",""id"":""57959"",""name"":""tops"",""locale"":""티셔츠 & UT"",""level"":2,""raw_order"":1},{""role"":""category"",""id"":""57995"",""name"":""t shirts"",""locale"":""티셔츠 (반팔 & 긴팔)"",""level"":3,""raw_order"":2},{""role"":""subcategory"",""id"":""58144"",""name"":""half sleeve"",""locale"":""반팔"",""level"":4,""raw_order"":3}]",
uniqlo,E483349,E483349-000,KIDS,,KIDS,True,티셔츠 & UT > 티셔츠 (반팔 & 긴팔) > 그래픽 티셔츠,티셔츠 & UT,57974,티셔츠 (반팔 & 긴팔),58078,그래픽 티셔츠,94366,,,https://www.uniqlo.com/kr/ko/products/E483349-000/00,uniqlo_hydration,"[{""role"":""gender"",""id"":""57894"",""name"":""kids"",""locale"":""KIDS"",""level"":1,""raw_order"":0},{""role"":""class"",""id"":""57974"",""name"":""tops"",""locale"":""티셔츠 & UT"",""level"":2,""raw_order"":1},{""role"":""category"",""id"":""58078"",""name"":""t shirts"",""locale"":""티셔츠 (반팔 & 긴팔)"",""level"":3,""raw_order"":2},{""role"":""subcategory"",""id"":""94366"",""name"":""ut"",""locale"":""그래픽 티셔츠"",""level"":4,""raw_order"":3}]",
uniqlo,E473715,E473715-000,MEN,,MEN,True,팬츠 > 스웨트 팬츠 & 조거 팬츠 > 스웨트,팬츠,57968,스웨트 팬츠 & 조거 팬츠,58050,스웨트,58460,,,https://www.uniqlo.com/kr/ko/products/E473715-000/00,uniqlo_hydration,"[{""role"":""gender"",""id"":""57893"",""name"":""men"",""locale"":""MEN"",""level"":1,""raw_order"":0},{""role"":""class"",""id"":""57968"",""name"":""bottoms"",""locale"":""팬츠"",""level"":2,""raw_order"":1},{""role"":""category"",""id"":""58050"",""name"":""sweat pants"",""locale"":""스웨트 팬츠 & 조거 팬츠"",""level"":3,""raw_order"":2},{""role"":""subcategory"",""id"":""58460"",""name"":""sweat"",""locale"":""스웨트"",""level"":4,""raw_order"":3}]",
uniqlo,E465760,E465760-000,WOMEN,,WOMEN,True,티셔츠 & UT > 티셔츠 (반팔 & 긴팔) > 반팔,티셔츠 & UT,57959,티셔츠 (반팔 & 긴팔),57995,반팔,58144,,,https://www.uniqlo.com/kr/ko/products/E465760-000/00,uniqlo_hydration,"[{""role"":""gender"",""id"":""57892"",""name"":""women"",""locale"":""WOMEN"",""level"":1,""raw_order"":0},{""role"":""class"",""id"":""57959"",""name"":""tops"",""locale"":""티셔츠 & UT"",""level"":2,""raw_order"":1},{""role"":""category"",""id"":""57995"",""name"":""t shirts"",""locale"":""티셔츠 (반팔 & 긴팔)"",""level"":3,""raw_order"":2},{""role"":""subcategory"",""id"":""58144"",""name"":""half sleeve"",""locale"":""반팔"",""level"":4,""raw_order"":3}]",
uniqlo,E483350,E483350-000,KIDS,,KIDS,True,티셔츠 & UT > 티셔츠 (반팔 & 긴팔) > 그래픽 티셔츠,티셔츠 & UT,57974,티셔츠 (반팔 & 긴팔),58078,그래픽 티셔츠,94366,,,https://www.uniqlo.com/kr/ko/products/E483350-000/00,uniqlo_hydration,"[{""role"":""gender"",""id"":""57894"",""name"":""kids"",""locale"":""KIDS"",""level"":1,""raw_order"":0},{""role"":""class"",""id"":""57974"",""name"":""tops"",""locale"":""티셔츠 & UT"",""level"":2,""raw_order"":1},{""role"":""category"",""id"":""58078"",""name"":""t shirts"",""locale"":""티셔츠 (반팔 & 긴팔)"",""level"":3,""raw_order"":2},{""role"":""subcategory"",""id"":""94366"",""name"":""ut"",""locale"":""그래픽 티셔츠"",""level"":4,""raw_order"":3}]",
uniqlo,E475386,E475386-000,MEN,,MEN,True,스포츠 유틸리티 웨어 > 팬츠 > 울트라 스트레치 팬츠,스포츠 유틸리티 웨어,57969,팬츠,58058,울트라 스트레치 팬츠,112643,,,https://www.uniqlo.com/kr/ko/products/E475386-000/00,uniqlo_hydration,"[{""role"":""gender"",""id"":""57893"",""name"":""men"",""locale"":""MEN"",""level"":1,""raw_order"":0},{""role"":""class"",""id"":""57969"",""name"":""sport utility wear"",""locale"":""스포츠 유틸리티 웨어"",""level"":2,""raw_order"":1},{""role"":""category"",""id"":""58058"",""name"":""pants"",""locale"":""팬츠"",""level"":3,""raw_order"":2},{""role"":""subcategory"",""id"":""112643"",""name"":""ultra stretch"",""locale"":""울트라 스트레치 팬츠"",""level"":4,""raw_order"":3}]",
uniqlo,E470143,E470143-000,WOMEN,,WOMEN,True,티셔츠 & UT > 티셔츠 (반팔 & 긴팔) > 긴팔,티셔츠 & UT,57959,티셔츠 (반팔 & 긴팔),57995,긴팔,58142,,,https://www.uniqlo.com/kr/ko/products/E470143-000/00,uniqlo_hydration,"[{""role"":""gender"",""id"":""57892"",""name"":""women"",""locale"":""WOMEN"",""level"":1,""raw_order"":0},{""role"":""class"",""id"":""57959"",""name"":""tops"",""locale"":""티셔츠 & UT"",""level"":2,""raw_order"":1},{""role"":""category"",""id"":""57995"",""name"":""t shirts"",""locale"":""티셔츠 (반팔 & 긴팔)"",""level"":3,""raw_order"":2},{""role"":""subcategory"",""id"":""58142"",""name"":""long sleeve"",""locale"":""긴팔"",""level"":4,""raw_order"":3}]",
uniqlo,E483351,E483351-000,KIDS,,KIDS,True,티셔츠 & UT > 티셔츠 (반팔 & 긴팔) > 그래픽 티셔츠,티셔츠 & UT,57974,티셔츠 (반팔 & 긴팔),58078,그래픽 티셔츠,94366,,,https://www.uniqlo.com/kr/ko/products/E483351-000/00,uniqlo_hydration,"[{""role"":""gender"",""id"":""57894"",""name"":""kids"",""locale"":""KIDS"",""level"":1,""raw_order"":0},{""role"":""class"",""id"":""57974"",""name"":""tops"",""locale"":""티셔츠 & UT"",""level"":2,""raw_order"":1},{""role"":""category"",""id"":""58078"",""name"":""t shirts"",""locale"":""티셔츠 (반팔 & 긴팔)"",""level"":3,""raw_order"":2},{""role"":""subcategory"",""id"":""94366"",""name"":""ut"",""locale"":""그래픽 티셔츠"",""level"":4,""raw_order"":3}]",
uniqlo,E476225,E476225-000,MEN,,WOMEN,True,팬츠 > 스웨트 팬츠 & 조거 팬츠 > 유니섹스,팬츠,57960,스웨트 팬츠 & 조거 팬츠,58005,유니섹스,63086,,,https://www.uniqlo.com/kr/ko/products/E476225-000/00,uniqlo_hydration,"[{""role"":""gender"",""id"":""57892"",""name"":""women"",""locale"":""WOMEN"",""level"":1,""raw_order"":0},{""role"":""class"",""id"":""57960"",""name"":""bottoms"",""locale"":""팬츠"",""level"":2,""raw_order"":1},{""role"":""category"",""id"":""58005"",""name"":""sweat pants"",""locale"":""스웨트 팬츠 & 조거 팬츠"",""level"":3,""raw_order"":2},{""role"":""subcategory"",""id"":""63086"",""name"":""unisex"",""locale"":""유니섹스"",""level"":4,""raw_order"":3}]",
uniqlo,E480054,E480054-000,WOMEN,,WOMEN,True,티셔츠 & UT > 티셔츠 (반팔 & 긴팔) > 반팔,티셔츠 & UT,57959,티셔츠 (반팔 & 긴팔),57995,반팔,58144,,,https://www.uniqlo.com/kr/ko/products/E480054-000/00,uniqlo_hydration,"[{""role"":""gender"",""id"":""57892"",""name"":""women"",""locale"":""WOMEN"",""level"":1,""raw_order"":0},{""role"":""class"",""id"":""57959"",""name"":""tops"",""locale"":""티셔츠 & UT"",""level"":2,""raw_order"":1},{""role"":""category"",""id"":""57995"",""name"":""t shirts"",""locale"":""티셔츠 (반팔 & 긴팔)"",""level"":3,""raw_order"":2},{""role"":""subcategory"",""id"":""58144"",""name"":""half sleeve"",""locale"":""반팔"",""level"":4,""raw_order"":3}]",
uniqlo,E483352,E483352-000,KIDS,,KIDS,True,티셔츠 & UT > 티셔츠 (반팔 & 긴팔) > 그래픽 티셔츠,티셔츠 & UT,57974,티셔츠 (반팔 & 긴팔),58078,그래픽 티셔츠,94366,,,https://www.uniqlo.com/kr/ko/products/E483352-000/00,uniqlo_hydration,"[{""role"":""gender"",""id"":""57894"",""name"":""kids"",""locale"":""KIDS"",""level"":1,""raw_order"":0},{""role"":""class"",""id"":""57974"",""name"":""tops"",""locale"":""티셔츠 & UT"",""level"":2,""raw_order"":1},{""role"":""category"",""id"":""58078"",""name"":""t shirts"",""locale"":""티셔츠 (반팔 & 긴팔)"",""level"":3,""raw_order"":2},{""role"":""subcategory"",""id"":""94366"",""name"":""ut"",""locale"":""그래픽 티셔츠"",""level"":4,""raw_order"":3}]",
uniqlo,E478702,E478702-000,MEN,,MEN,True,GU > 팬츠 > 팬츠,GU,124425,팬츠,124432,팬츠,124450,,,https://www.uniqlo.com/kr/ko/products/E478702-000/00,uniqlo_hydration,"[{""role"":""gender"",""id"":""57893"",""name"":""men"",""locale"":""MEN"",""level"":1,""raw_order"":0},{""role"":""class"",""id"":""124425"",""name"":""gu"",""locale"":""GU"",""level"":2,""raw_order"":1},{""role"":""category"",""id"":""124432"",""name"":""bottoms"",""locale"":""팬츠"",""level"":3,""raw_order"":2},{""role"":""subcategory"",""id"":""124450"",""name"":""pants"",""locale"":""팬츠"",""level"":4,""raw_order"":3}]",
uniqlo,E480302,E480302-000,WOMEN,,WOMEN,True,팬츠 > 쇼트 팬츠(반바지) > 스코츠,팬츠,57960,쇼트 팬츠(반바지),58010,스코츠,96370,,,https://www.uniqlo.com/kr/ko/products/E480302-000/00,uniqlo_hydration,"[{""role"":""gender"",""id"":""57892"",""name"":""women"",""locale"":""WOMEN"",""level"":1,""raw_order"":0},{""role"":""class"",""id"":""57960"",""name"":""bottoms"",""locale"":""팬츠"",""level"":2,""raw_order"":1},{""role"":""category"",""id"":""58010"",""name"":""short pants"",""locale"":""쇼트 팬츠(반바지)"",""level"":3,""raw_order"":2},{""role"":""subcategory"",""id"":""96370"",""name"":""skort"",""locale"":""스코츠"",""level"":4,""raw_order"":3}]",
uniqlo,E483373,E483373-000,KIDS,,KIDS,True,티셔츠 & UT > 그래픽티셔츠 > mofusand,티셔츠 & UT,57974,그래픽티셔츠,58081,mofusand,136135,,,https://www.uniqlo.com/kr/ko/products/E483373-000/00,uniqlo_hydration,"[{""role"":""gender"",""id"":""57894"",""name"":""kids"",""locale"":""KIDS"",""level"":1,""raw_order"":0},{""role"":""class"",""id"":""57974"",""name"":""tops"",""locale"":""티셔츠 & UT"",""level"":2,""raw_order"":1},{""role"":""category"",""id"":""58081"",""name"":""ut graphic tees"",""locale"":""그래픽티셔츠"",""level"":3,""raw_order"":2},{""role"":""subcategory"",""id"":""136135"",""name"":""mofusand 26ss"",""locale"":""mofusand"",""level"":4,""raw_order"":3}]",
uniqlo,E481582,E481582-000,MEN,,MEN,True,팬츠 > 쇼트 팬츠(반바지) > 이지(허리 밴딩),팬츠,57968,쇼트 팬츠(반바지),58054,이지(허리 밴딩),58475,,,https://www.uniqlo.com/kr/ko/products/E481582-000/00,uniqlo_hydration,"[{""role"":""gender"",""id"":""57893"",""name"":""men"",""locale"":""MEN"",""level"":1,""raw_order"":0},{""role"":""class"",""id"":""57968"",""name"":""bottoms"",""locale"":""팬츠"",""level"":2,""raw_order"":1},{""role"":""category"",""id"":""58054"",""name"":""short pants"",""locale"":""쇼트 팬츠(반바지)"",""level"":3,""raw_order"":2},{""role"":""subcategory"",""id"":""58475"",""name"":""easy"",""locale"":""이지(허리 밴딩)"",""level"":4,""raw_order"":3}]",
uniqlo,E482286,E482286-000,WOMEN,,WOMEN,True,원피스 & 스커트 > 스커트 > 플레어,원피스 & 스커트,57961,스커트,58012,플레어,58247,,,https://www.uniqlo.com/kr/ko/products/E482286-000/00,uniqlo_hydration,"[{""role"":""gender"",""id"":""57892"",""name"":""women"",""locale"":""WOMEN"",""level"":1,""raw_order"":0},{""role"":""class"",""id"":""57961"",""name"":""dress and skirts"",""locale"":""원피스 & 스커트"",""level"":2,""raw_order"":1},{""role"":""category"",""id"":""58012"",""name"":""skirts"",""locale"":""스커트"",""level"":3,""raw_order"":2},{""role"":""subcategory"",""id"":""58247"",""name"":""flare skirts"",""locale"":""플레어"",""level"":4,""raw_order"":3}]",
uniqlo,E483377,E483377-000,KIDS,,KIDS,True,티셔츠 & UT > 티셔츠 (반팔 & 긴팔) > 반팔,티셔츠 & UT,57974,티셔츠 (반팔 & 긴팔),58078,반팔,58585,,,https://www.uniqlo.com/kr/ko/products/E483377-000/00,uniqlo_hydration,"[{""role"":""gender"",""id"":""57894"",""name"":""kids"",""locale"":""KIDS"",""level"":1,""raw_order"":0},{""role"":""class"",""id"":""57974"",""name"":""tops"",""locale"":""티셔츠 & UT"",""level"":2,""raw_order"":1},{""role"":""category"",""id"":""58078"",""name"":""t shirts"",""locale"":""티셔츠 (반팔 & 긴팔)"",""level"":3,""raw_order"":2},{""role"":""subcategory"",""id"":""58585"",""name"":""short sleeve"",""locale"":""반팔"",""level"":4,""raw_order"":3}]",
uniqlo,E481583,E481583-000,MEN,,MEN,True,라운지 팬츠 > 라운지 팬츠 > 쇼트 팬츠,라운지 팬츠,57971,라운지 팬츠,58067,쇼트 팬츠,58545,,,https://www.uniqlo.com/kr/ko/products/E481583-000/00,uniqlo_hydration,"[{""role"":""gender"",""id"":""57893"",""name"":""men"",""locale"":""MEN"",""level"":1,""raw_order"":0},{""role"":""class"",""id"":""57971"",""name"":""loungewear and homeware"",""locale"":""라운지 팬츠"",""level"":2,""raw_order"":1},{""role"":""category"",""id"":""58067"",""name"":""lounge pants"",""locale"":""라운지 팬츠"",""level"":3,""raw_order"":2},{""role"":""subcategory"",""id"":""58545"",""name"":""shorts"",""locale"":""쇼트 팬츠"",""level"":4,""raw_order"":3}]",
uniqlo,E482658,E482658-000,WOMEN,,WOMEN,True,원피스 & 스커트 > 스커트 > 플리츠,원피스 & 스커트,57961,스커트,58012,플리츠,58246,,,https://www.uniqlo.com/kr/ko/products/E482658-000/00,uniqlo_hydration,"[{""role"":""gender"",""id"":""57892"",""name"":""women"",""locale"":""WOMEN"",""level"":1,""raw_order"":0},{""role"":""class"",""id"":""57961"",""name"":""dress and skirts"",""locale"":""원피스 & 스커트"",""level"":2,""raw_order"":1},{""role"":""category"",""id"":""58012"",""name"":""skirts"",""locale"":""스커트"",""level"":3,""raw_order"":2},{""role"":""subcategory"",""id"":""58246"",""name"":""pleated skirts"",""locale"":""플리츠"",""level"":4,""raw_order"":3}]",
uniqlo,E483382,E483382-000,KIDS,,KIDS,True,티셔츠 & UT > 티셔츠 (반팔 & 긴팔) > 반팔,티셔츠 & UT,57974,티셔츠 (반팔 & 긴팔),58078,반팔,58585,,,https://www.uniqlo.com/kr/ko/products/E483382-000/00,uniqlo_hydration,"[{""role"":""gender"",""id"":""57894"",""name"":""kids"",""locale"":""KIDS"",""level"":1,""raw_order"":0},{""role"":""class"",""id"":""57974"",""name"":""tops"",""locale"":""티셔츠 & UT"",""level"":2,""raw_order"":1},{""role"":""category"",""id"":""58078"",""name"":""t shirts"",""locale"":""티셔츠 (반팔 & 긴팔)"",""level"":3,""raw_order"":2},{""role"":""subcategory"",""id"":""58585"",""name"":""short sleeve"",""locale"":""반팔"",""level"":4,""raw_order"":3}]",
uniqlo,E482260,E482260-000,MEN,,MEN,True,라운지 팬츠 > 라운지 팬츠 > 쇼트 팬츠,라운지 팬츠,57971,라운지 팬츠,58067,쇼트 팬츠,58545,,,https://www.uniqlo.com/kr/ko/products/E482260-000/00,uniqlo_hydration,"[{""role"":""gender"",""id"":""57893"",""name"":""men"",""locale"":""MEN"",""level"":1,""raw_order"":0},{""role"":""class"",""id"":""57971"",""name"":""loungewear and homeware"",""locale"":""라운지 팬츠"",""level"":2,""raw_order"":1},{""role"":""category"",""id"":""58067"",""name"":""lounge pants"",""locale"":""라운지 팬츠"",""level"":3,""raw_order"":2},{""role"":""subcategory"",""id"":""58545"",""name"":""shorts"",""locale"":""쇼트 팬츠"",""level"":4,""raw_order"":3}]",
uniqlo,E482982,E482982-000,WOMEN,,WOMEN,True,원피스 & 스커트 > 원피스 > 슬리브리스 원피스,원피스 & 스커트,57961,원피스,58011,슬리브리스 원피스,58243,,,https://www.uniqlo.com/kr/ko/products/E482982-000/00,uniqlo_hydration,"[{""role"":""gender"",""id"":""57892"",""name"":""women"",""locale"":""WOMEN"",""level"":1,""raw_order"":0},{""role"":""class"",""id"":""57961"",""name"":""dress and skirts"",""locale"":""원피스 & 스커트"",""level"":2,""raw_order"":1},{""role"":""category"",""id"":""58011"",""name"":""dresses"",""locale"":""원피스"",""level"":3,""raw_order"":2},{""role"":""subcategory"",""id"":""58243"",""name"":""sleeveless"",""locale"":""슬리브리스 원피스"",""level"":4,""raw_order"":3}]",
uniqlo,E482299,E482299-000,MEN,,MEN,True,티셔츠 & 스웨트셔츠 & UT > 티셔츠 (반팔 & 긴팔) > DRY-EX,티셔츠 & 스웨트셔츠 & UT,57967,티셔츠 (반팔 & 긴팔),58039,DRY-EX,58393,,,https://www.uniqlo.com/kr/ko/products/E482299-000/00,uniqlo_hydration,"[{""role"":""gender"",""id"":""57893"",""name"":""men"",""locale"":""MEN"",""level"":1,""raw_order"":0},{""role"":""class"",""id"":""57967"",""name"":""tops"",""locale"":""티셔츠 & 스웨트셔츠 & UT"",""level"":2,""raw_order"":1},{""role"":""category"",""id"":""58039"",""name"":""t shirts"",""locale"":""티셔츠 (반팔 & 긴팔)"",""level"":3,""raw_order"":2},{""role"":""subcategory"",""id"":""58393"",""name"":""dry ex"",""locale"":""DRY-EX"",""level"":4,""raw_order"":3}]",
uniqlo,E482983,E482983-000,WOMEN,,WOMEN,True,원피스 & 스커트 > 원피스 > 슬리브리스 원피스,원피스 & 스커트,57961,원피스,58011,슬리브리스 원피스,58243,,,https://www.uniqlo.com/kr/ko/products/E482983-000/00,uniqlo_hydration,"[{""role"":""gender"",""id"":""57892"",""name"":""women"",""locale"":""WOMEN"",""level"":1,""raw_order"":0},{""role"":""class"",""id"":""57961"",""name"":""dress and skirts"",""locale"":""원피스 & 스커트"",""level"":2,""raw_order"":1},{""role"":""category"",""id"":""58011"",""name"":""dresses"",""locale"":""원피스"",""level"":3,""raw_order"":2},{""role"":""subcategory"",""id"":""58243"",""name"":""sleeveless"",""locale"":""슬리브리스 원피스"",""level"":4,""raw_order"":3}]",
uniqlo,E482758,E482758-000,MEN,,MEN,True,팬츠 > 스웨트 팬츠 & 조거 팬츠 > 스웨트,팬츠,57968,스웨트 팬츠 & 조거 팬츠,58050,스웨트,58460,,,https://www.uniqlo.com/kr/ko/products/E482758-000/00,uniqlo_hydration,"[{""role"":""gender"",""id"":""57893"",""name"":""men"",""locale"":""MEN"",""level"":1,""raw_order"":0},{""role"":""class"",""id"":""57968"",""name"":""bottoms"",""locale"":""팬츠"",""level"":2,""raw_order"":1},{""role"":""category"",""id"":""58050"",""name"":""sweat pants"",""locale"":""스웨트 팬츠 & 조거 팬츠"",""level"":3,""raw_order"":2},{""role"":""subcategory"",""id"":""58460"",""name"":""sweat"",""locale"":""스웨트"",""level"":4,""raw_order"":3}]",
uniqlo,E483268,E483268-000,WOMEN,,WOMEN,True,티셔츠 & UT > 티셔츠 (반팔 & 긴팔) > 반팔,티셔츠 & UT,57959,티셔츠 (반팔 & 긴팔),57995,반팔,58144,,,https://www.uniqlo.com/kr/ko/products/E483268-000/00,uniqlo_hydration,"[{""role"":""gender"",""id"":""57892"",""name"":""women"",""locale"":""WOMEN"",""level"":1,""raw_order"":0},{""role"":""class"",""id"":""57959"",""name"":""tops"",""locale"":""티셔츠 & UT"",""level"":2,""raw_order"":1},{""role"":""category"",""id"":""57995"",""name"":""t shirts"",""locale"":""티셔츠 (반팔 & 긴팔)"",""level"":3,""raw_order"":2},{""role"":""subcategory"",""id"":""58144"",""name"":""half sleeve"",""locale"":""반팔"",""level"":4,""raw_order"":3}]",
uniqlo,E482883,E482883-000,MEN,,MEN,True,팬츠 > 와이드 팬츠 > 유틸리티(카고ㆍ커브),팬츠,57968,와이드 팬츠,58046,유틸리티(카고ㆍ커브),58443,,,https://www.uniqlo.com/kr/ko/products/E482883-000/00,uniqlo_hydration,"[{""role"":""gender"",""id"":""57893"",""name"":""men"",""locale"":""MEN"",""level"":1,""raw_order"":0},{""role"":""class"",""id"":""57968"",""name"":""bottoms"",""locale"":""팬츠"",""level"":2,""raw_order"":1},{""role"":""category"",""id"":""58046"",""name"":""wide pants"",""locale"":""와이드 팬츠"",""level"":3,""raw_order"":2},{""role"":""subcategory"",""id"":""58443"",""name"":""work pants"",""locale"":""유틸리티(카고ㆍ커브)"",""level"":4,""raw_order"":3}]",
uniqlo,E483461,E483461-000,WOMEN,,WOMEN,True,티셔츠 & UT > 티셔츠 (반팔 & 긴팔) > 반팔,티셔츠 & UT,57959,티셔츠 (반팔 & 긴팔),57995,반팔,58144,,,https://www.uniqlo.com/kr/ko/products/E483461-000/00,uniqlo_hydration,"[{""role"":""gender"",""id"":""57892"",""name"":""women"",""locale"":""WOMEN"",""level"":1,""raw_order"":0},{""role"":""class"",""id"":""57959"",""name"":""tops"",""locale"":""티셔츠 & UT"",""level"":2,""raw_order"":1},{""role"":""category"",""id"":""57995"",""name"":""t shirts"",""locale"":""티셔츠 (반팔 & 긴팔)"",""level"":3,""raw_order"":2},{""role"":""subcategory"",""id"":""58144"",""name"":""half sleeve"",""locale"":""반팔"",""level"":4,""raw_order"":3}]",
uniqlo,E482937,E482937-000,MEN,,WOMEN,True,팬츠 > 쇼트 팬츠(반바지) > 유니섹스,팬츠,57960,쇼트 팬츠(반바지),58010,유니섹스,63087,,,https://www.uniqlo.com/kr/ko/products/E482937-000/00,uniqlo_hydration,"[{""role"":""gender"",""id"":""57892"",""name"":""women"",""locale"":""WOMEN"",""level"":1,""raw_order"":0},{""role"":""class"",""id"":""57960"",""name"":""bottoms"",""locale"":""팬츠"",""level"":2,""raw_order"":1},{""role"":""category"",""id"":""58010"",""name"":""short pants"",""locale"":""쇼트 팬츠(반바지)"",""level"":3,""raw_order"":2},{""role"":""subcategory"",""id"":""63087"",""name"":""unisex"",""locale"":""유니섹스"",""level"":4,""raw_order"":3}]",
uniqlo,E483463,E483463-000,WOMEN,,WOMEN,True,티셔츠 & UT > 티셔츠 (반팔 & 긴팔) > 반팔,티셔츠 & UT,57959,티셔츠 (반팔 & 긴팔),57995,반팔,58144,,,https://www.uniqlo.com/kr/ko/products/E483463-000/00,uniqlo_hydration,"[{""role"":""gender"",""id"":""57892"",""name"":""women"",""locale"":""WOMEN"",""level"":1,""raw_order"":0},{""role"":""class"",""id"":""57959"",""name"":""tops"",""locale"":""티셔츠 & UT"",""level"":2,""raw_order"":1},{""role"":""category"",""id"":""57995"",""name"":""t shirts"",""locale"":""티셔츠 (반팔 & 긴팔)"",""level"":3,""raw_order"":2},{""role"":""subcategory"",""id"":""58144"",""name"":""half sleeve"",""locale"":""반팔"",""level"":4,""raw_order"":3}]",
uniqlo,E482939,E482939-000,MEN,,MEN,True,스포츠 유틸리티 웨어 > 팬츠 > 기어 팬츠,스포츠 유틸리티 웨어,57969,팬츠,58058,기어 팬츠,58498,,,https://www.uniqlo.com/kr/ko/products/E482939-000/00,uniqlo_hydration,"[{""role"":""gender"",""id"":""57893"",""name"":""men"",""locale"":""MEN"",""level"":1,""raw_order"":0},{""role"":""class"",""id"":""57969"",""name"":""sport utility wear"",""locale"":""스포츠 유틸리티 웨어"",""level"":2,""raw_order"":1},{""role"":""category"",""id"":""58058"",""name"":""pants"",""locale"":""팬츠"",""level"":3,""raw_order"":2},{""role"":""subcategory"",""id"":""58498"",""name"":""geared"",""locale"":""기어 팬츠"",""level"":4,""raw_order"":3}]",
uniqlo,E483479,E483479-000,WOMEN,,WOMEN,True,티셔츠 & UT > 티셔츠 (반팔 & 긴팔) > 슬리브리스,티셔츠 & UT,57959,티셔츠 (반팔 & 긴팔),57995,슬리브리스,58145,,,https://www.uniqlo.com/kr/ko/products/E483479-000/00,uniqlo_hydration,"[{""role"":""gender"",""id"":""57892"",""name"":""women"",""locale"":""WOMEN"",""level"":1,""raw_order"":0},{""role"":""class"",""id"":""57959"",""name"":""tops"",""locale"":""티셔츠 & UT"",""level"":2,""raw_order"":1},{""role"":""category"",""id"":""57995"",""name"":""t shirts"",""locale"":""티셔츠 (반팔 & 긴팔)"",""level"":3,""raw_order"":2},{""role"":""subcategory"",""id"":""58145"",""name"":""sleeveless"",""locale"":""슬리브리스"",""level"":4,""raw_order"":3}]",
uniqlo,E482942,E482942-000,MEN,,MEN,True,Special Collaborations > UNIQLO and JW ANDERSON > Bottoms,Special Collaborations,107543,UNIQLO and JW ANDERSON,107552,Bottoms,107624,,,https://www.uniqlo.com/kr/ko/products/E482942-000/00,uniqlo_hydration,"[{""role"":""gender"",""id"":""57893"",""name"":""men"",""locale"":""MEN"",""level"":1,""raw_order"":0},{""role"":""class"",""id"":""107543"",""name"":""special collaboration"",""locale"":""Special Collaborations"",""level"":2,""raw_order"":1},{""role"":""category"",""id"":""107552"",""name"":""uniqlo and jw anderson"",""locale"":""UNIQLO and JW ANDERSON"",""level"":3,""raw_order"":2},{""role"":""subcategory"",""id"":""107624"",""name"":""bottoms"",""locale"":""Bottoms"",""level"":4,""raw_order"":3}]",
uniqlo,E483535,E483535-000,WOMEN,,WOMEN,True,티셔츠 & UT > 티셔츠 (반팔 & 긴팔) > 반팔,티셔츠 & UT,57959,티셔츠 (반팔 & 긴팔),57995,반팔,58144,,,https://www.uniqlo.com/kr/ko/products/E483535-000/00,uniqlo_hydration,"[{""role"":""gender"",""id"":""57892"",""name"":""women"",""locale"":""WOMEN"",""level"":1,""raw_order"":0},{""role"":""class"",""id"":""57959"",""name"":""tops"",""locale"":""티셔츠 & UT"",""level"":2,""raw_order"":1},{""role"":""category"",""id"":""57995"",""name"":""t shirts"",""locale"":""티셔츠 (반팔 & 긴팔)"",""level"":3,""raw_order"":2},{""role"":""subcategory"",""id"":""58144"",""name"":""half sleeve"",""locale"":""반팔"",""level"":4,""raw_order"":3}]",
uniqlo,E482944,E482944-000,MEN,,WOMEN,True,팬츠 > 쇼트 팬츠(반바지) > 유니섹스,팬츠,57960,쇼트 팬츠(반바지),58010,유니섹스,63087,,,https://www.uniqlo.com/kr/ko/products/E482944-000/00,uniqlo_hydration,"[{""role"":""gender"",""id"":""57892"",""name"":""women"",""locale"":""WOMEN"",""level"":1,""raw_order"":0},{""role"":""class"",""id"":""57960"",""name"":""bottoms"",""locale"":""팬츠"",""level"":2,""raw_order"":1},{""role"":""category"",""id"":""58010"",""name"":""short pants"",""locale"":""쇼트 팬츠(반바지)"",""level"":3,""raw_order"":2},{""role"":""subcategory"",""id"":""63087"",""name"":""unisex"",""locale"":""유니섹스"",""level"":4,""raw_order"":3}]",
uniqlo,E483536,E483536-000,WOMEN,,WOMEN,True,티셔츠 & UT > 티셔츠 (반팔 & 긴팔) > 긴팔,티셔츠 & UT,57959,티셔츠 (반팔 & 긴팔),57995,긴팔,58142,,,https://www.uniqlo.com/kr/ko/products/E483536-000/00,uniqlo_hydration,"[{""role"":""gender"",""id"":""57892"",""name"":""women"",""locale"":""WOMEN"",""level"":1,""raw_order"":0},{""role"":""class"",""id"":""57959"",""name"":""tops"",""locale"":""티셔츠 & UT"",""level"":2,""raw_order"":1},{""role"":""category"",""id"":""57995"",""name"":""t shirts"",""locale"":""티셔츠 (반팔 & 긴팔)"",""level"":3,""raw_order"":2},{""role"":""subcategory"",""id"":""58142"",""name"":""long sleeve"",""locale"":""긴팔"",""level"":4,""raw_order"":3}]",
uniqlo,E482965,E482965-000,MEN,,MEN,True,Special Collaborations > Uniqlo U > Bottoms,Special Collaborations,107543,Uniqlo U,107550,Bottoms,107607,,,https://www.uniqlo.com/kr/ko/products/E482965-000/00,uniqlo_hydration,"[{""role"":""gender"",""id"":""57893"",""name"":""men"",""locale"":""MEN"",""level"":1,""raw_order"":0},{""role"":""class"",""id"":""107543"",""name"":""special collaboration"",""locale"":""Special Collaborations"",""level"":2,""raw_order"":1},{""role"":""category"",""id"":""107550"",""name"":""uniqlo u"",""locale"":""Uniqlo U"",""level"":3,""raw_order"":2},{""role"":""subcategory"",""id"":""107607"",""name"":""bottoms"",""locale"":""Bottoms"",""level"":4,""raw_order"":3}]",
uniqlo,E483285,E483285-000,MEN,,WOMEN,False,팬츠 > 스웨트 팬츠 & 조거 팬츠 > 스웨트,팬츠,57960,스웨트 팬츠 & 조거 팬츠,58005,스웨트,58209,,,https://www.uniqlo.com/kr/ko/products/E483285-000/00,uniqlo_hydration,"[{""role"":""gender"",""id"":""57892"",""name"":""women"",""locale"":""WOMEN"",""level"":1,""raw_order"":0},{""role"":""class"",""id"":""57960"",""name"":""bottoms"",""locale"":""팬츠"",""level"":2,""raw_order"":1},{""role"":""category"",""id"":""58005"",""name"":""sweat pants"",""locale"":""스웨트 팬츠 & 조거 팬츠"",""level"":3,""raw_order"":2},{""role"":""subcategory"",""id"":""58209"",""name"":""sweat"",""locale"":""스웨트"",""level"":4,""raw_order"":3}]",
uniqlo,E483970,E483970-000,MEN,,MEN,True,티셔츠 & 스웨트셔츠 & UT > 티셔츠 (반팔 & 긴팔) > DRY-EX,티셔츠 & 스웨트셔츠 & UT,57967,티셔츠 (반팔 & 긴팔),58039,DRY-EX,58393,,,https://www.uniqlo.com/kr/ko/products/E483970-000/00,uniqlo_hydration,"[{""role"":""gender"",""id"":""57893"",""name"":""men"",""locale"":""MEN"",""level"":1,""raw_order"":0},{""role"":""class"",""id"":""57967"",""name"":""tops"",""locale"":""티셔츠 & 스웨트셔츠 & UT"",""level"":2,""raw_order"":1},{""role"":""category"",""id"":""58039"",""name"":""t shirts"",""locale"":""티셔츠 (반팔 & 긴팔)"",""level"":3,""raw_order"":2},{""role"":""subcategory"",""id"":""58393"",""name"":""dry ex"",""locale"":""DRY-EX"",""level"":4,""raw_order"":3}]",
uniqlo,E484080,E484080-000,MEN,,MEN,True,티셔츠 & 스웨트셔츠 & UT > 티셔츠 (반팔 & 긴팔) > 긴팔,티셔츠 & 스웨트셔츠 & UT,57967,티셔츠 (반팔 & 긴팔),58039,긴팔,58394,,,https://www.uniqlo.com/kr/ko/products/E484080-000/00,uniqlo_hydration,"[{""role"":""gender"",""id"":""57893"",""name"":""men"",""locale"":""MEN"",""level"":1,""raw_order"":0},{""role"":""class"",""id"":""57967"",""name"":""tops"",""locale"":""티셔츠 & 스웨트셔츠 & UT"",""level"":2,""raw_order"":1},{""role"":""category"",""id"":""58039"",""name"":""t shirts"",""locale"":""티셔츠 (반팔 & 긴팔)"",""level"":3,""raw_order"":2},{""role"":""subcategory"",""id"":""58394"",""name"":""long sleeve"",""locale"":""긴팔"",""level"":4,""raw_order"":3}]",
uniqlo,E484209,E484209-000,MEN,,MEN,True,팬츠 > 쇼트 팬츠(반바지) > 데님 & 코튼,팬츠,57968,쇼트 팬츠(반바지),58054,데님 & 코튼,113378,,,https://www.uniqlo.com/kr/ko/products/E484209-000/00,uniqlo_hydration,"[{""role"":""gender"",""id"":""57893"",""name"":""men"",""locale"":""MEN"",""level"":1,""raw_order"":0},{""role"":""class"",""id"":""57968"",""name"":""bottoms"",""locale"":""팬츠"",""level"":2,""raw_order"":1},{""role"":""category"",""id"":""58054"",""name"":""short pants"",""locale"":""쇼트 팬츠(반바지)"",""level"":3,""raw_order"":2},{""role"":""subcategory"",""id"":""113378"",""name"":""denim"",""locale"":""데님 & 코튼"",""level"":4,""raw_order"":3}]",
