"쇼핑몰","원본 카테고리 경로","원본 실측 항목명","등장 상품 수","카테고리 상품 수","확보율","표준 실측명 후보","매핑 확실성","단위","측정 기준 설명","동명 이의어·이명 동의어","교차 비교 가능 여부","측정 기준 차이·제한 사유"
"무신사","상의 / 반소매 티셔츠","총장","15","15","15/15 = 100.0%","총장","추정 매핑","cm(응답 관행; 명시 확인 불가)","확인할 수 없음","확인할 수 없음","조건부 가능","카테고리·측정 기준별 의미 검증 필요"
"무신사","상의 / 반소매 티셔츠","어깨너비","13","15","13/15 = 86.7%","어깨","추정 매핑","cm(응답 관행; 명시 확인 불가)","확인할 수 없음","확인할 수 없음","조건부 가능","카테고리·측정 기준별 의미 검증 필요"
"무신사","상의 / 반소매 티셔츠","가슴단면","15","15","15/15 = 100.0%","가슴","추정 매핑","cm(응답 관행; 명시 확인 불가)","확인할 수 없음","확인할 수 없음","조건부 가능","카테고리·측정 기준별 의미 검증 필요"
"무신사","상의 / 반소매 티셔츠","소매길이","15","15","15/15 = 100.0%","소매","추정 매핑","cm(응답 관행; 명시 확인 불가)","확인할 수 없음","확인할 수 없음","조건부 가능","카테고리·측정 기준별 의미 검증 필요"
"무신사","상의 / 반소매 티셔츠","총장","19","20","19/20 = 95.0%","총장","추정 매핑","cm(응답 관행; 명시 확인 불가)","확인할 수 없음","확인할 수 없음","조건부 가능","카테고리·측정 기준별 의미 검증 필요"
"무신사","상의 / 반소매 티셔츠","어깨너비","18","20","18/20 = 90.0%","어깨","추정 매핑","cm(응답 관행; 명시 확인 불가)","확인할 수 없음","확인할 수 없음","조건부 가능","카테고리·측정 기준별 의미 검증 필요"
"무신사","상의 / 반소매 티셔츠","가슴단면","19","20","19/20 = 95.0%","가슴","추정 매핑","cm(응답 관행; 명시 확인 불가)","확인할 수 없음","확인할 수 없음","조건부 가능","카테고리·측정 기준별 의미 검증 필요"
"무신사","상의 / 반소매 티셔츠","소매길이","19","20","19/20 = 95.0%","소매","추정 매핑","cm(응답 관행; 명시 확인 불가)","확인할 수 없음","확인할 수 없음","조건부 가능","카테고리·측정 기준별 의미 검증 필요"
"무신사","상의 / 셔츠/블라우스","총장","2","3","2/3 = 66.7%","총장","추정 매핑","cm(응답 관행; 명시 확인 불가)","확인할 수 없음","확인할 수 없음","조건부 가능","카테고리·측정 기준별 의미 검증 필요"
"무신사","상의 / 셔츠/블라우스","어깨너비","2","3","2/3 = 66.7%","어깨","추정 매핑","cm(응답 관행; 명시 확인 불가)","확인할 수 없음","확인할 수 없음","조건부 가능","카테고리·측정 기준별 의미 검증 필요"
"무신사","상의 / 셔츠/블라우스","가슴단면","2","3","2/3 = 66.7%","가슴","추정 매핑","cm(응답 관행; 명시 확인 불가)","확인할 수 없음","확인할 수 없음","조건부 가능","카테고리·측정 기준별 의미 검증 필요"
"무신사","상의 / 셔츠/블라우스","소매길이","2","3","2/3 = 66.7%","소매","추정 매핑","cm(응답 관행; 명시 확인 불가)","확인할 수 없음","확인할 수 없음","조건부 가능","카테고리·측정 기준별 의미 검증 필요"
"무신사","상의 / 반소매 티셔츠","총장","4","4","4/4 = 100.0%","총장","추정 매핑","cm(응답 관행; 명시 확인 불가)","확인할 수 없음","확인할 수 없음","조건부 가능","카테고리·측정 기준별 의미 검증 필요"
"무신사","상의 / 반소매 티셔츠","어깨너비","3","4","3/4 = 75.0%","어깨","추정 매핑","cm(응답 관행; 명시 확인 불가)","확인할 수 없음","확인할 수 없음","조건부 가능","카테고리·측정 기준별 의미 검증 필요"
"무신사","상의 / 반소매 티셔츠","가슴단면","4","4","4/4 = 100.0%","가슴","추정 매핑","cm(응답 관행; 명시 확인 불가)","확인할 수 없음","확인할 수 없음","조건부 가능","카테고리·측정 기준별 의미 검증 필요"
"무신사","상의 / 반소매 티셔츠","소매길이","4","4","4/4 = 100.0%","소매","추정 매핑","cm(응답 관행; 명시 확인 불가)","확인할 수 없음","확인할 수 없음","조건부 가능","카테고리·측정 기준별 의미 검증 필요"
"무신사","스포츠/레저 / 상의 / 나시/민소매 티셔츠","총장","1","1","1/1 = 100.0%","총장","추정 매핑","cm(응답 관행; 명시 확인 불가)","확인할 수 없음","확인할 수 없음","조건부 가능","카테고리·측정 기준별 의미 검증 필요"
"무신사","스포츠/레저 / 상의 / 나시/민소매 티셔츠","가슴단면","1","1","1/1 = 100.0%","가슴","추정 매핑","cm(응답 관행; 명시 확인 불가)","확인할 수 없음","확인할 수 없음","조건부 가능","카테고리·측정 기준별 의미 검증 필요"
"무신사","스포츠/레저 / 상의 / 나시/민소매 티셔츠","어깨너비","1","1","1/1 = 100.0%","어깨","추정 매핑","cm(응답 관행; 명시 확인 불가)","확인할 수 없음","확인할 수 없음","조건부 가능","카테고리·측정 기준별 의미 검증 필요"
"무신사","스포츠/레저 / 상의 / 반소매 티셔츠","총장","2","3","2/3 = 66.7%","총장","추정 매핑","cm(응답 관행; 명시 확인 불가)","확인할 수 없음","확인할 수 없음","조건부 가능","카테고리·측정 기준별 의미 검증 필요"
"무신사","스포츠/레저 / 상의 / 반소매 티셔츠","어깨너비","2","3","2/3 = 66.7%","어깨","추정 매핑","cm(응답 관행; 명시 확인 불가)","확인할 수 없음","확인할 수 없음","조건부 가능","카테고리·측정 기준별 의미 검증 필요"
"무신사","스포츠/레저 / 상의 / 반소매 티셔츠","가슴단면","2","3","2/3 = 66.7%","가슴","추정 매핑","cm(응답 관행; 명시 확인 불가)","확인할 수 없음","확인할 수 없음","조건부 가능","카테고리·측정 기준별 의미 검증 필요"
"무신사","스포츠/레저 / 상의 / 반소매 티셔츠","소매길이","2","3","2/3 = 66.7%","소매","추정 매핑","cm(응답 관행; 명시 확인 불가)","확인할 수 없음","확인할 수 없음","조건부 가능","카테고리·측정 기준별 의미 검증 필요"
"무신사","상의 / 긴소매 티셔츠","총장","2","2","2/2 = 100.0%","총장","추정 매핑","cm(응답 관행; 명시 확인 불가)","확인할 수 없음","확인할 수 없음","조건부 가능","카테고리·측정 기준별 의미 검증 필요"
"무신사","상의 / 긴소매 티셔츠","어깨너비","2","2","2/2 = 100.0%","어깨","추정 매핑","cm(응답 관행; 명시 확인 불가)","확인할 수 없음","확인할 수 없음","조건부 가능","카테고리·측정 기준별 의미 검증 필요"
"무신사","상의 / 긴소매 티셔츠","가슴단면","2","2","2/2 = 100.0%","가슴","추정 매핑","cm(응답 관행; 명시 확인 불가)","확인할 수 없음","확인할 수 없음","조건부 가능","카테고리·측정 기준별 의미 검증 필요"
"무신사","상의 / 긴소매 티셔츠","소매길이","2","2","2/2 = 100.0%","소매","추정 매핑","cm(응답 관행; 명시 확인 불가)","확인할 수 없음","확인할 수 없음","조건부 가능","카테고리·측정 기준별 의미 검증 필요"
"무신사","상의 / 셔츠/블라우스","총장","4","4","4/4 = 100.0%","총장","추정 매핑","cm(응답 관행; 명시 확인 불가)","확인할 수 없음","확인할 수 없음","조건부 가능","카테고리·측정 기준별 의미 검증 필요"
"무신사","상의 / 셔츠/블라우스","어깨너비","4","4","4/4 = 100.0%","어깨","추정 매핑","cm(응답 관행; 명시 확인 불가)","확인할 수 없음","확인할 수 없음","조건부 가능","카테고리·측정 기준별 의미 검증 필요"
"무신사","상의 / 셔츠/블라우스","가슴단면","4","4","4/4 = 100.0%","가슴","추정 매핑","cm(응답 관행; 명시 확인 불가)","확인할 수 없음","확인할 수 없음","조건부 가능","카테고리·측정 기준별 의미 검증 필요"
"무신사","상의 / 셔츠/블라우스","소매길이","4","4","4/4 = 100.0%","소매","추정 매핑","cm(응답 관행; 명시 확인 불가)","확인할 수 없음","확인할 수 없음","조건부 가능","카테고리·측정 기준별 의미 검증 필요"
"무신사","상의 / 반소매 티셔츠","총장","2","2","2/2 = 100.0%","총장","추정 매핑","cm(응답 관행; 명시 확인 불가)","확인할 수 없음","확인할 수 없음","조건부 가능","카테고리·측정 기준별 의미 검증 필요"
"무신사","상의 / 반소매 티셔츠","어깨너비","2","2","2/2 = 100.0%","어깨","추정 매핑","cm(응답 관행; 명시 확인 불가)","확인할 수 없음","확인할 수 없음","조건부 가능","카테고리·측정 기준별 의미 검증 필요"
"무신사","상의 / 반소매 티셔츠","가슴단면","2","2","2/2 = 100.0%","가슴","추정 매핑","cm(응답 관행; 명시 확인 불가)","확인할 수 없음","확인할 수 없음","조건부 가능","카테고리·측정 기준별 의미 검증 필요"
"무신사","상의 / 반소매 티셔츠","소매길이","2","2","2/2 = 100.0%","소매","추정 매핑","cm(응답 관행; 명시 확인 불가)","확인할 수 없음","확인할 수 없음","조건부 가능","카테고리·측정 기준별 의미 검증 필요"
"무신사","상의 / 민소매 티셔츠","총장","1","1","1/1 = 100.0%","총장","추정 매핑","cm(응답 관행; 명시 확인 불가)","확인할 수 없음","확인할 수 없음","조건부 가능","카테고리·측정 기준별 의미 검증 필요"
"무신사","상의 / 민소매 티셔츠","가슴단면","1","1","1/1 = 100.0%","가슴","추정 매핑","cm(응답 관행; 명시 확인 불가)","확인할 수 없음","확인할 수 없음","조건부 가능","카테고리·측정 기준별 의미 검증 필요"
"무신사","상의 / 민소매 티셔츠","어깨너비","1","1","1/1 = 100.0%","어깨","추정 매핑","cm(응답 관행; 명시 확인 불가)","확인할 수 없음","확인할 수 없음","조건부 가능","카테고리·측정 기준별 의미 검증 필요"
"무신사","상의 / 민소매 티셔츠","총장","1","1","1/1 = 100.0%","총장","추정 매핑","cm(응답 관행; 명시 확인 불가)","확인할 수 없음","확인할 수 없음","조건부 가능","카테고리·측정 기준별 의미 검증 필요"
"무신사","상의 / 민소매 티셔츠","가슴단면","1","1","1/1 = 100.0%","가슴","추정 매핑","cm(응답 관행; 명시 확인 불가)","확인할 수 없음","확인할 수 없음","조건부 가능","카테고리·측정 기준별 의미 검증 필요"
"무신사","상의 / 민소매 티셔츠","어깨너비","1","1","1/1 = 100.0%","어깨","추정 매핑","cm(응답 관행; 명시 확인 불가)","확인할 수 없음","확인할 수 없음","조건부 가능","카테고리·측정 기준별 의미 검증 필요"
"무신사","상의 / 긴소매 티셔츠","총장","2","2","2/2 = 100.0%","총장","추정 매핑","cm(응답 관행; 명시 확인 불가)","확인할 수 없음","확인할 수 없음","조건부 가능","카테고리·측정 기준별 의미 검증 필요"
"무신사","상의 / 긴소매 티셔츠","어깨너비","2","2","2/2 = 100.0%","어깨","추정 매핑","cm(응답 관행; 명시 확인 불가)","확인할 수 없음","확인할 수 없음","조건부 가능","카테고리·측정 기준별 의미 검증 필요"
"무신사","상의 / 긴소매 티셔츠","가슴단면","2","2","2/2 = 100.0%","가슴","추정 매핑","cm(응답 관행; 명시 확인 불가)","확인할 수 없음","확인할 수 없음","조건부 가능","카테고리·측정 기준별 의미 검증 필요"
"무신사","상의 / 긴소매 티셔츠","소매길이","2","2","2/2 = 100.0%","소매","추정 매핑","cm(응답 관행; 명시 확인 불가)","확인할 수 없음","확인할 수 없음","조건부 가능","카테고리·측정 기준별 의미 검증 필요"
"무신사","상의 / 니트/스웨터","총장","1","1","1/1 = 100.0%","총장","추정 매핑","cm(응답 관행; 명시 확인 불가)","확인할 수 없음","확인할 수 없음","조건부 가능","카테고리·측정 기준별 의미 검증 필요"
"무신사","상의 / 니트/스웨터","어깨너비","1","1","1/1 = 100.0%","어깨","추정 매핑","cm(응답 관행; 명시 확인 불가)","확인할 수 없음","확인할 수 없음","조건부 가능","카테고리·측정 기준별 의미 검증 필요"
"무신사","상의 / 니트/스웨터","가슴단면","1","1","1/1 = 100.0%","가슴","추정 매핑","cm(응답 관행; 명시 확인 불가)","확인할 수 없음","확인할 수 없음","조건부 가능","카테고리·측정 기준별 의미 검증 필요"
"무신사","상의 / 니트/스웨터","소매길이","1","1","1/1 = 100.0%","소매","추정 매핑","cm(응답 관행; 명시 확인 불가)","확인할 수 없음","확인할 수 없음","조건부 가능","카테고리·측정 기준별 의미 검증 필요"
"무신사","상의 / 기타 상의","총장","1","1","1/1 = 100.0%","총장","추정 매핑","cm(응답 관행; 명시 확인 불가)","확인할 수 없음","확인할 수 없음","조건부 가능","카테고리·측정 기준별 의미 검증 필요"
"무신사","상의 / 기타 상의","가슴단면","1","1","1/1 = 100.0%","가슴","추정 매핑","cm(응답 관행; 명시 확인 불가)","확인할 수 없음","확인할 수 없음","조건부 가능","카테고리·측정 기준별 의미 검증 필요"
"무신사","상의 / 기타 상의","어깨너비","1","1","1/1 = 100.0%","어깨","추정 매핑","cm(응답 관행; 명시 확인 불가)","확인할 수 없음","확인할 수 없음","조건부 가능","카테고리·측정 기준별 의미 검증 필요"
"무신사","아우터 / 후드 집업","총장","6","6","6/6 = 100.0%","총장","추정 매핑","cm(응답 관행; 명시 확인 불가)","확인할 수 없음","확인할 수 없음","조건부 가능","카테고리·측정 기준별 의미 검증 필요"
"무신사","아우터 / 후드 집업","가슴단면","6","6","6/6 = 100.0%","가슴","추정 매핑","cm(응답 관행; 명시 확인 불가)","확인할 수 없음","확인할 수 없음","조건부 가능","카테고리·측정 기준별 의미 검증 필요"
"무신사","아우터 / 후드 집업","소매길이","6","6","6/6 = 100.0%","소매","추정 매핑","cm(응답 관행; 명시 확인 불가)","확인할 수 없음","확인할 수 없음","조건부 가능","카테고리·측정 기준별 의미 검증 필요"
"무신사","아우터 / 후드 집업","어깨너비","2","6","2/6 = 33.3%","어깨","추정 매핑","cm(응답 관행; 명시 확인 불가)","확인할 수 없음","확인할 수 없음","조건부 가능","카테고리·측정 기준별 의미 검증 필요"
"무신사","아우터 / 카디건","총장","16","19","16/19 = 84.2%","총장","추정 매핑","cm(응답 관행; 명시 확인 불가)","확인할 수 없음","확인할 수 없음","조건부 가능","카테고리·측정 기준별 의미 검증 필요"
"무신사","아우터 / 카디건","가슴단면","16","19","16/19 = 84.2%","가슴","추정 매핑","cm(응답 관행; 명시 확인 불가)","확인할 수 없음","확인할 수 없음","조건부 가능","카테고리·측정 기준별 의미 검증 필요"
"무신사","아우터 / 카디건","소매길이","16","19","16/19 = 84.2%","소매","추정 매핑","cm(응답 관행; 명시 확인 불가)","확인할 수 없음","확인할 수 없음","조건부 가능","카테고리·측정 기준별 의미 검증 필요"
"무신사","아우터 / 카디건","어깨너비","15","19","15/19 = 78.9%","어깨","추정 매핑","cm(응답 관행; 명시 확인 불가)","확인할 수 없음","확인할 수 없음","조건부 가능","카테고리·측정 기준별 의미 검증 필요"
"무신사","아우터 / 트레이닝 재킷","총장","2","2","2/2 = 100.0%","총장","추정 매핑","cm(응답 관행; 명시 확인 불가)","확인할 수 없음","확인할 수 없음","조건부 가능","카테고리·측정 기준별 의미 검증 필요"
"무신사","아우터 / 트레이닝 재킷","어깨너비","1","2","1/2 = 50.0%","어깨","추정 매핑","cm(응답 관행; 명시 확인 불가)","확인할 수 없음","확인할 수 없음","조건부 가능","카테고리·측정 기준별 의미 검증 필요"
"무신사","아우터 / 트레이닝 재킷","가슴단면","2","2","2/2 = 100.0%","가슴","추정 매핑","cm(응답 관행; 명시 확인 불가)","확인할 수 없음","확인할 수 없음","조건부 가능","카테고리·측정 기준별 의미 검증 필요"
"무신사","아우터 / 트레이닝 재킷","소매길이","2","2","2/2 = 100.0%","소매","추정 매핑","cm(응답 관행; 명시 확인 불가)","확인할 수 없음","확인할 수 없음","조건부 가능","카테고리·측정 기준별 의미 검증 필요"
"무신사","아우터 / 나일론/코치 재킷","총장","2","3","2/3 = 66.7%","총장","추정 매핑","cm(응답 관행; 명시 확인 불가)","확인할 수 없음","확인할 수 없음","조건부 가능","카테고리·측정 기준별 의미 검증 필요"
"무신사","아우터 / 나일론/코치 재킷","가슴단면","2","3","2/3 = 66.7%","가슴","추정 매핑","cm(응답 관행; 명시 확인 불가)","확인할 수 없음","확인할 수 없음","조건부 가능","카테고리·측정 기준별 의미 검증 필요"
"무신사","아우터 / 나일론/코치 재킷","소매길이","2","3","2/3 = 66.7%","소매","추정 매핑","cm(응답 관행; 명시 확인 불가)","확인할 수 없음","확인할 수 없음","조건부 가능","카테고리·측정 기준별 의미 검증 필요"
"무신사","아우터 / 나일론/코치 재킷","어깨너비","1","3","1/3 = 33.3%","어깨","추정 매핑","cm(응답 관행; 명시 확인 불가)","확인할 수 없음","확인할 수 없음","조건부 가능","카테고리·측정 기준별 의미 검증 필요"
"무신사","아우터 / 나일론/코치 재킷","총장","6","6","6/6 = 100.0%","총장","추정 매핑","cm(응답 관행; 명시 확인 불가)","확인할 수 없음","확인할 수 없음","조건부 가능","카테고리·측정 기준별 의미 검증 필요"
"무신사","아우터 / 나일론/코치 재킷","가슴단면","6","6","6/6 = 100.0%","가슴","추정 매핑","cm(응답 관행; 명시 확인 불가)","확인할 수 없음","확인할 수 없음","조건부 가능","카테고리·측정 기준별 의미 검증 필요"
"무신사","아우터 / 나일론/코치 재킷","소매길이","6","6","6/6 = 100.0%","소매","추정 매핑","cm(응답 관행; 명시 확인 불가)","확인할 수 없음","확인할 수 없음","조건부 가능","카테고리·측정 기준별 의미 검증 필요"
"무신사","아우터 / 나일론/코치 재킷","어깨너비","3","6","3/6 = 50.0%","어깨","추정 매핑","cm(응답 관행; 명시 확인 불가)","확인할 수 없음","확인할 수 없음","조건부 가능","카테고리·측정 기준별 의미 검증 필요"
"무신사","아우터 / 나일론/코치 재킷","총장","4","4","4/4 = 100.0%","총장","추정 매핑","cm(응답 관행; 명시 확인 불가)","확인할 수 없음","확인할 수 없음","조건부 가능","카테고리·측정 기준별 의미 검증 필요"
"무신사","아우터 / 나일론/코치 재킷","어깨너비","2","4","2/4 = 50.0%","어깨","추정 매핑","cm(응답 관행; 명시 확인 불가)","확인할 수 없음","확인할 수 없음","조건부 가능","카테고리·측정 기준별 의미 검증 필요"
"무신사","아우터 / 나일론/코치 재킷","가슴단면","4","4","4/4 = 100.0%","가슴","추정 매핑","cm(응답 관행; 명시 확인 불가)","확인할 수 없음","확인할 수 없음","조건부 가능","카테고리·측정 기준별 의미 검증 필요"
"무신사","아우터 / 나일론/코치 재킷","소매길이","4","4","4/4 = 100.0%","소매","추정 매핑","cm(응답 관행; 명시 확인 불가)","확인할 수 없음","확인할 수 없음","조건부 가능","카테고리·측정 기준별 의미 검증 필요"
"무신사","아우터 / 슈트/블레이저 재킷","총장","3","4","3/4 = 75.0%","총장","추정 매핑","cm(응답 관행; 명시 확인 불가)","확인할 수 없음","확인할 수 없음","조건부 가능","카테고리·측정 기준별 의미 검증 필요"
"무신사","아우터 / 슈트/블레이저 재킷","어깨너비","3","4","3/4 = 75.0%","어깨","추정 매핑","cm(응답 관행; 명시 확인 불가)","확인할 수 없음","확인할 수 없음","조건부 가능","카테고리·측정 기준별 의미 검증 필요"
"무신사","아우터 / 슈트/블레이저 재킷","가슴단면","3","4","3/4 = 75.0%","가슴","추정 매핑","cm(응답 관행; 명시 확인 불가)","확인할 수 없음","확인할 수 없음","조건부 가능","카테고리·측정 기준별 의미 검증 필요"
"무신사","아우터 / 슈트/블레이저 재킷","소매길이","3","4","3/4 = 75.0%","소매","추정 매핑","cm(응답 관행; 명시 확인 불가)","확인할 수 없음","확인할 수 없음","조건부 가능","카테고리·측정 기준별 의미 검증 필요"
"무신사","아우터 / 기타 아우터","총장","1","1","1/1 = 100.0%","총장","추정 매핑","cm(응답 관행; 명시 확인 불가)","확인할 수 없음","확인할 수 없음","조건부 가능","카테고리·측정 기준별 의미 검증 필요"
"무신사","아우터 / 기타 아우터","어깨너비","1","1","1/1 = 100.0%","어깨","추정 매핑","cm(응답 관행; 명시 확인 불가)","확인할 수 없음","확인할 수 없음","조건부 가능","카테고리·측정 기준별 의미 검증 필요"
"무신사","아우터 / 기타 아우터","가슴단면","1","1","1/1 = 100.0%","가슴","추정 매핑","cm(응답 관행; 명시 확인 불가)","확인할 수 없음","확인할 수 없음","조건부 가능","카테고리·측정 기준별 의미 검증 필요"
"무신사","아우터 / 기타 아우터","소매길이","1","1","1/1 = 100.0%","소매","추정 매핑","cm(응답 관행; 명시 확인 불가)","확인할 수 없음","확인할 수 없음","조건부 가능","카테고리·측정 기준별 의미 검증 필요"
"무신사","아우터 / 기타 아우터","총장","1","1","1/1 = 100.0%","총장","추정 매핑","cm(응답 관행; 명시 확인 불가)","확인할 수 없음","확인할 수 없음","조건부 가능","카테고리·측정 기준별 의미 검증 필요"
"무신사","아우터 / 기타 아우터","어깨너비","1","1","1/1 = 100.0%","어깨","추정 매핑","cm(응답 관행; 명시 확인 불가)","확인할 수 없음","확인할 수 없음","조건부 가능","카테고리·측정 기준별 의미 검증 필요"
"무신사","아우터 / 기타 아우터","가슴단면","1","1","1/1 = 100.0%","가슴","추정 매핑","cm(응답 관행; 명시 확인 불가)","확인할 수 없음","확인할 수 없음","조건부 가능","카테고리·측정 기준별 의미 검증 필요"
"무신사","아우터 / 기타 아우터","소매길이","1","1","1/1 = 100.0%","소매","추정 매핑","cm(응답 관행; 명시 확인 불가)","확인할 수 없음","확인할 수 없음","조건부 가능","카테고리·측정 기준별 의미 검증 필요"
"무신사","아우터 / 슈트/블레이저 재킷","총장","5","5","5/5 = 100.0%","총장","추정 매핑","cm(응답 관행; 명시 확인 불가)","확인할 수 없음","확인할 수 없음","조건부 가능","카테고리·측정 기준별 의미 검증 필요"
"무신사","아우터 / 슈트/블레이저 재킷","어깨너비","5","5","5/5 = 100.0%","어깨","추정 매핑","cm(응답 관행; 명시 확인 불가)","확인할 수 없음","확인할 수 없음","조건부 가능","카테고리·측정 기준별 의미 검증 필요"
"무신사","아우터 / 슈트/블레이저 재킷","가슴단면","5","5","5/5 = 100.0%","가슴","추정 매핑","cm(응답 관행; 명시 확인 불가)","확인할 수 없음","확인할 수 없음","조건부 가능","카테고리·측정 기준별 의미 검증 필요"
"무신사","아우터 / 슈트/블레이저 재킷","소매길이","5","5","5/5 = 100.0%","소매","추정 매핑","cm(응답 관행; 명시 확인 불가)","확인할 수 없음","확인할 수 없음","조건부 가능","카테고리·측정 기준별 의미 검증 필요"
"무신사","아우터 / 후드 집업","총장","1","1","1/1 = 100.0%","총장","추정 매핑","cm(응답 관행; 명시 확인 불가)","확인할 수 없음","확인할 수 없음","조건부 가능","카테고리·측정 기준별 의미 검증 필요"
"무신사","아우터 / 후드 집업","어깨너비","1","1","1/1 = 100.0%","어깨","추정 매핑","cm(응답 관행; 명시 확인 불가)","확인할 수 없음","확인할 수 없음","조건부 가능","카테고리·측정 기준별 의미 검증 필요"
"무신사","아우터 / 후드 집업","가슴단면","1","1","1/1 = 100.0%","가슴","추정 매핑","cm(응답 관행; 명시 확인 불가)","확인할 수 없음","확인할 수 없음","조건부 가능","카테고리·측정 기준별 의미 검증 필요"
"무신사","아우터 / 후드 집업","소매길이","1","1","1/1 = 100.0%","소매","추정 매핑","cm(응답 관행; 명시 확인 불가)","확인할 수 없음","확인할 수 없음","조건부 가능","카테고리·측정 기준별 의미 검증 필요"
"무신사","아우터 / 카디건","총장","3","3","3/3 = 100.0%","총장","추정 매핑","cm(응답 관행; 명시 확인 불가)","확인할 수 없음","확인할 수 없음","조건부 가능","카테고리·측정 기준별 의미 검증 필요"
"무신사","아우터 / 카디건","어깨너비","3","3","3/3 = 100.0%","어깨","추정 매핑","cm(응답 관행; 명시 확인 불가)","확인할 수 없음","확인할 수 없음","조건부 가능","카테고리·측정 기준별 의미 검증 필요"
"무신사","아우터 / 카디건","가슴단면","3","3","3/3 = 100.0%","가슴","추정 매핑","cm(응답 관행; 명시 확인 불가)","확인할 수 없음","확인할 수 없음","조건부 가능","카테고리·측정 기준별 의미 검증 필요"
"무신사","아우터 / 카디건","소매길이","3","3","3/3 = 100.0%","소매","추정 매핑","cm(응답 관행; 명시 확인 불가)","확인할 수 없음","확인할 수 없음","조건부 가능","카테고리·측정 기준별 의미 검증 필요"
"무신사","아우터 / 후드 집업","총장","1","1","1/1 = 100.0%","총장","추정 매핑","cm(응답 관행; 명시 확인 불가)","확인할 수 없음","확인할 수 없음","조건부 가능","카테고리·측정 기준별 의미 검증 필요"
"무신사","아우터 / 후드 집업","어깨너비","1","1","1/1 = 100.0%","어깨","추정 매핑","cm(응답 관행; 명시 확인 불가)","확인할 수 없음","확인할 수 없음","조건부 가능","카테고리·측정 기준별 의미 검증 필요"
"무신사","아우터 / 후드 집업","가슴단면","1","1","1/1 = 100.0%","가슴","추정 매핑","cm(응답 관행; 명시 확인 불가)","확인할 수 없음","확인할 수 없음","조건부 가능","카테고리·측정 기준별 의미 검증 필요"
"무신사","아우터 / 후드 집업","소매길이","1","1","1/1 = 100.0%","소매","추정 매핑","cm(응답 관행; 명시 확인 불가)","확인할 수 없음","확인할 수 없음","조건부 가능","카테고리·측정 기준별 의미 검증 필요"
"무신사","스포츠/레저 / 아우터 / 나일론/코치 재킷","총장","1","1","1/1 = 100.0%","총장","추정 매핑","cm(응답 관행; 명시 확인 불가)","확인할 수 없음","확인할 수 없음","조건부 가능","카테고리·측정 기준별 의미 검증 필요"
"무신사","스포츠/레저 / 아우터 / 나일론/코치 재킷","어깨너비","1","1","1/1 = 100.0%","어깨","추정 매핑","cm(응답 관행; 명시 확인 불가)","확인할 수 없음","확인할 수 없음","조건부 가능","카테고리·측정 기준별 의미 검증 필요"
"무신사","스포츠/레저 / 아우터 / 나일론/코치 재킷","가슴단면","1","1","1/1 = 100.0%","가슴","추정 매핑","cm(응답 관행; 명시 확인 불가)","확인할 수 없음","확인할 수 없음","조건부 가능","카테고리·측정 기준별 의미 검증 필요"
"무신사","스포츠/레저 / 아우터 / 나일론/코치 재킷","소매길이","1","1","1/1 = 100.0%","소매","추정 매핑","cm(응답 관행; 명시 확인 불가)","확인할 수 없음","확인할 수 없음","조건부 가능","카테고리·측정 기준별 의미 검증 필요"
"무신사","아우터 / 경량 패딩/패딩 베스트 / 경량 패딩","총장","1","1","1/1 = 100.0%","총장","추정 매핑","cm(응답 관행; 명시 확인 불가)","확인할 수 없음","확인할 수 없음","조건부 가능","카테고리·측정 기준별 의미 검증 필요"
"무신사","아우터 / 경량 패딩/패딩 베스트 / 경량 패딩","어깨너비","1","1","1/1 = 100.0%","어깨","추정 매핑","cm(응답 관행; 명시 확인 불가)","확인할 수 없음","확인할 수 없음","조건부 가능","카테고리·측정 기준별 의미 검증 필요"
"무신사","아우터 / 경량 패딩/패딩 베스트 / 경량 패딩","가슴단면","1","1","1/1 = 100.0%","가슴","추정 매핑","cm(응답 관행; 명시 확인 불가)","확인할 수 없음","확인할 수 없음","조건부 가능","카테고리·측정 기준별 의미 검증 필요"
"무신사","아우터 / 경량 패딩/패딩 베스트 / 경량 패딩","소매길이","1","1","1/1 = 100.0%","소매","추정 매핑","cm(응답 관행; 명시 확인 불가)","확인할 수 없음","확인할 수 없음","조건부 가능","카테고리·측정 기준별 의미 검증 필요"
"무신사","아우터 / 경량 패딩/패딩 베스트 / 경량 패딩","총장","1","1","1/1 = 100.0%","총장","추정 매핑","cm(응답 관행; 명시 확인 불가)","확인할 수 없음","확인할 수 없음","조건부 가능","카테고리·측정 기준별 의미 검증 필요"
"무신사","아우터 / 경량 패딩/패딩 베스트 / 경량 패딩","어깨너비","1","1","1/1 = 100.0%","어깨","추정 매핑","cm(응답 관행; 명시 확인 불가)","확인할 수 없음","확인할 수 없음","조건부 가능","카테고리·측정 기준별 의미 검증 필요"
"무신사","아우터 / 경량 패딩/패딩 베스트 / 경량 패딩","가슴단면","1","1","1/1 = 100.0%","가슴","추정 매핑","cm(응답 관행; 명시 확인 불가)","확인할 수 없음","확인할 수 없음","조건부 가능","카테고리·측정 기준별 의미 검증 필요"
"무신사","아우터 / 경량 패딩/패딩 베스트 / 경량 패딩","소매길이","1","1","1/1 = 100.0%","소매","추정 매핑","cm(응답 관행; 명시 확인 불가)","확인할 수 없음","확인할 수 없음","조건부 가능","카테고리·측정 기준별 의미 검증 필요"
"무신사","바지 / 데님 팬츠","총장","7","7","7/7 = 100.0%","총장","추정 매핑","cm(응답 관행; 명시 확인 불가)","확인할 수 없음","확인할 수 없음","조건부 가능","카테고리·측정 기준별 의미 검증 필요"
"무신사","바지 / 데님 팬츠","허리단면","7","7","7/7 = 100.0%","허리","추정 매핑","cm(응답 관행; 명시 확인 불가)","확인할 수 없음","확인할 수 없음","조건부 가능","카테고리·측정 기준별 의미 검증 필요"
"무신사","바지 / 데님 팬츠","엉덩이단면","7","7","7/7 = 100.0%","엉덩이","추정 매핑","cm(응답 관행; 명시 확인 불가)","확인할 수 없음","확인할 수 없음","조건부 가능","카테고리·측정 기준별 의미 검증 필요"
"무신사","바지 / 데님 팬츠","허벅지단면","7","7","7/7 = 100.0%","허벅지","추정 매핑","cm(응답 관행; 명시 확인 불가)","확인할 수 없음","확인할 수 없음","조건부 가능","카테고리·측정 기준별 의미 검증 필요"
"무신사","바지 / 데님 팬츠","밑위","7","7","7/7 = 100.0%","밑위","추정 매핑","cm(응답 관행; 명시 확인 불가)","확인할 수 없음","확인할 수 없음","조건부 가능","카테고리·측정 기준별 의미 검증 필요"
"무신사","바지 / 데님 팬츠","밑단단면","7","7","7/7 = 100.0%","밑단","추정 매핑","cm(응답 관행; 명시 확인 불가)","확인할 수 없음","확인할 수 없음","조건부 가능","카테고리·측정 기준별 의미 검증 필요"
"무신사","바지 / 코튼 팬츠","총장","3","3","3/3 = 100.0%","총장","추정 매핑","cm(응답 관행; 명시 확인 불가)","확인할 수 없음","확인할 수 없음","조건부 가능","카테고리·측정 기준별 의미 검증 필요"
"무신사","바지 / 코튼 팬츠","허리단면","3","3","3/3 = 100.0%","허리","추정 매핑","cm(응답 관행; 명시 확인 불가)","확인할 수 없음","확인할 수 없음","조건부 가능","카테고리·측정 기준별 의미 검증 필요"
"무신사","바지 / 코튼 팬츠","엉덩이단면","3","3","3/3 = 100.0%","엉덩이","추정 매핑","cm(응답 관행; 명시 확인 불가)","확인할 수 없음","확인할 수 없음","조건부 가능","카테고리·측정 기준별 의미 검증 필요"
"무신사","바지 / 코튼 팬츠","허벅지단면","3","3","3/3 = 100.0%","허벅지","추정 매핑","cm(응답 관행; 명시 확인 불가)","확인할 수 없음","확인할 수 없음","조건부 가능","카테고리·측정 기준별 의미 검증 필요"
"무신사","바지 / 코튼 팬츠","밑위","3","3","3/3 = 100.0%","밑위","추정 매핑","cm(응답 관행; 명시 확인 불가)","확인할 수 없음","확인할 수 없음","조건부 가능","카테고리·측정 기준별 의미 검증 필요"
"무신사","바지 / 코튼 팬츠","밑단단면","3","3","3/3 = 100.0%","밑단","추정 매핑","cm(응답 관행; 명시 확인 불가)","확인할 수 없음","확인할 수 없음","조건부 가능","카테고리·측정 기준별 의미 검증 필요"
"무신사","바지 / 슈트 팬츠/슬랙스","총장","2","2","2/2 = 100.0%","총장","추정 매핑","cm(응답 관행; 명시 확인 불가)","확인할 수 없음","확인할 수 없음","조건부 가능","카테고리·측정 기준별 의미 검증 필요"
"무신사","바지 / 슈트 팬츠/슬랙스","허리단면","2","2","2/2 = 100.0%","허리","추정 매핑","cm(응답 관행; 명시 확인 불가)","확인할 수 없음","확인할 수 없음","조건부 가능","카테고리·측정 기준별 의미 검증 필요"
"무신사","바지 / 슈트 팬츠/슬랙스","엉덩이단면","2","2","2/2 = 100.0%","엉덩이","추정 매핑","cm(응답 관행; 명시 확인 불가)","확인할 수 없음","확인할 수 없음","조건부 가능","카테고리·측정 기준별 의미 검증 필요"
"무신사","바지 / 슈트 팬츠/슬랙스","허벅지단면","2","2","2/2 = 100.0%","허벅지","추정 매핑","cm(응답 관행; 명시 확인 불가)","확인할 수 없음","확인할 수 없음","조건부 가능","카테고리·측정 기준별 의미 검증 필요"
"무신사","바지 / 슈트 팬츠/슬랙스","밑위","2","2","2/2 = 100.0%","밑위","추정 매핑","cm(응답 관행; 명시 확인 불가)","확인할 수 없음","확인할 수 없음","조건부 가능","카테고리·측정 기준별 의미 검증 필요"
"무신사","바지 / 슈트 팬츠/슬랙스","밑단단면","2","2","2/2 = 100.0%","밑단","추정 매핑","cm(응답 관행; 명시 확인 불가)","확인할 수 없음","확인할 수 없음","조건부 가능","카테고리·측정 기준별 의미 검증 필요"
"무신사","바지 / 기타 하의","총장","4","4","4/4 = 100.0%","총장","추정 매핑","cm(응답 관행; 명시 확인 불가)","확인할 수 없음","확인할 수 없음","조건부 가능","카테고리·측정 기준별 의미 검증 필요"
"무신사","바지 / 기타 하의","허리단면","4","4","4/4 = 100.0%","허리","추정 매핑","cm(응답 관행; 명시 확인 불가)","확인할 수 없음","확인할 수 없음","조건부 가능","카테고리·측정 기준별 의미 검증 필요"
"무신사","바지 / 기타 하의","엉덩이단면","4","4","4/4 = 100.0%","엉덩이","추정 매핑","cm(응답 관행; 명시 확인 불가)","확인할 수 없음","확인할 수 없음","조건부 가능","카테고리·측정 기준별 의미 검증 필요"
"무신사","바지 / 기타 하의","허벅지단면","4","4","4/4 = 100.0%","허벅지","추정 매핑","cm(응답 관행; 명시 확인 불가)","확인할 수 없음","확인할 수 없음","조건부 가능","카테고리·측정 기준별 의미 검증 필요"
"무신사","바지 / 기타 하의","밑위","4","4","4/4 = 100.0%","밑위","추정 매핑","cm(응답 관행; 명시 확인 불가)","확인할 수 없음","확인할 수 없음","조건부 가능","카테고리·측정 기준별 의미 검증 필요"
"무신사","바지 / 기타 하의","밑단단면","4","4","4/4 = 100.0%","밑단","추정 매핑","cm(응답 관행; 명시 확인 불가)","확인할 수 없음","확인할 수 없음","조건부 가능","카테고리·측정 기준별 의미 검증 필요"
"무신사","바지 / 코튼 팬츠","총장","8","8","8/8 = 100.0%","총장","추정 매핑","cm(응답 관행; 명시 확인 불가)","확인할 수 없음","확인할 수 없음","조건부 가능","카테고리·측정 기준별 의미 검증 필요"
"무신사","바지 / 코튼 팬츠","허리단면","8","8","8/8 = 100.0%","허리","추정 매핑","cm(응답 관행; 명시 확인 불가)","확인할 수 없음","확인할 수 없음","조건부 가능","카테고리·측정 기준별 의미 검증 필요"
"무신사","바지 / 코튼 팬츠","엉덩이단면","8","8","8/8 = 100.0%","엉덩이","추정 매핑","cm(응답 관행; 명시 확인 불가)","확인할 수 없음","확인할 수 없음","조건부 가능","카테고리·측정 기준별 의미 검증 필요"
"무신사","바지 / 코튼 팬츠","허벅지단면","8","8","8/8 = 100.0%","허벅지","추정 매핑","cm(응답 관행; 명시 확인 불가)","확인할 수 없음","확인할 수 없음","조건부 가능","카테고리·측정 기준별 의미 검증 필요"
"무신사","바지 / 코튼 팬츠","밑위","8","8","8/8 = 100.0%","밑위","추정 매핑","cm(응답 관행; 명시 확인 불가)","확인할 수 없음","확인할 수 없음","조건부 가능","카테고리·측정 기준별 의미 검증 필요"
"무신사","바지 / 코튼 팬츠","밑단단면","8","8","8/8 = 100.0%","밑단","추정 매핑","cm(응답 관행; 명시 확인 불가)","확인할 수 없음","확인할 수 없음","조건부 가능","카테고리·측정 기준별 의미 검증 필요"
"무신사","바지 / 트레이닝/조거 팬츠","총장","6","7","6/7 = 85.7%","총장","추정 매핑","cm(응답 관행; 명시 확인 불가)","확인할 수 없음","확인할 수 없음","조건부 가능","카테고리·측정 기준별 의미 검증 필요"
"무신사","바지 / 트레이닝/조거 팬츠","허리단면","6","7","6/7 = 85.7%","허리","추정 매핑","cm(응답 관행; 명시 확인 불가)","확인할 수 없음","확인할 수 없음","조건부 가능","카테고리·측정 기준별 의미 검증 필요"
"무신사","바지 / 트레이닝/조거 팬츠","엉덩이단면","6","7","6/7 = 85.7%","엉덩이","추정 매핑","cm(응답 관행; 명시 확인 불가)","확인할 수 없음","확인할 수 없음","조건부 가능","카테고리·측정 기준별 의미 검증 필요"
"무신사","바지 / 트레이닝/조거 팬츠","허벅지단면","6","7","6/7 = 85.7%","허벅지","추정 매핑","cm(응답 관행; 명시 확인 불가)","확인할 수 없음","확인할 수 없음","조건부 가능","카테고리·측정 기준별 의미 검증 필요"
"무신사","바지 / 트레이닝/조거 팬츠","밑위","6","7","6/7 = 85.7%","밑위","추정 매핑","cm(응답 관행; 명시 확인 불가)","확인할 수 없음","확인할 수 없음","조건부 가능","카테고리·측정 기준별 의미 검증 필요"
"무신사","바지 / 트레이닝/조거 팬츠","밑단단면","6","7","6/7 = 85.7%","밑단","추정 매핑","cm(응답 관행; 명시 확인 불가)","확인할 수 없음","확인할 수 없음","조건부 가능","카테고리·측정 기준별 의미 검증 필요"
"무신사","바지 / 데님 팬츠","총장","5","5","5/5 = 100.0%","총장","추정 매핑","cm(응답 관행; 명시 확인 불가)","확인할 수 없음","확인할 수 없음","조건부 가능","카테고리·측정 기준별 의미 검증 필요"
"무신사","바지 / 데님 팬츠","허리단면","5","5","5/5 = 100.0%","허리","추정 매핑","cm(응답 관행; 명시 확인 불가)","확인할 수 없음","확인할 수 없음","조건부 가능","카테고리·측정 기준별 의미 검증 필요"
"무신사","바지 / 데님 팬츠","엉덩이단면","5","5","5/5 = 100.0%","엉덩이","추정 매핑","cm(응답 관행; 명시 확인 불가)","확인할 수 없음","확인할 수 없음","조건부 가능","카테고리·측정 기준별 의미 검증 필요"
"무신사","바지 / 데님 팬츠","허벅지단면","5","5","5/5 = 100.0%","허벅지","추정 매핑","cm(응답 관행; 명시 확인 불가)","확인할 수 없음","확인할 수 없음","조건부 가능","카테고리·측정 기준별 의미 검증 필요"
"무신사","바지 / 데님 팬츠","밑위","5","5","5/5 = 100.0%","밑위","추정 매핑","cm(응답 관행; 명시 확인 불가)","확인할 수 없음","확인할 수 없음","조건부 가능","카테고리·측정 기준별 의미 검증 필요"
"무신사","바지 / 데님 팬츠","밑단단면","5","5","5/5 = 100.0%","밑단","추정 매핑","cm(응답 관행; 명시 확인 불가)","확인할 수 없음","확인할 수 없음","조건부 가능","카테고리·측정 기준별 의미 검증 필요"
"무신사","바지 / 슈트 팬츠/슬랙스","총장","9","9","9/9 = 100.0%","총장","추정 매핑","cm(응답 관행; 명시 확인 불가)","확인할 수 없음","확인할 수 없음","조건부 가능","카테고리·측정 기준별 의미 검증 필요"
"무신사","바지 / 슈트 팬츠/슬랙스","허리단면","9","9","9/9 = 100.0%","허리","추정 매핑","cm(응답 관행; 명시 확인 불가)","확인할 수 없음","확인할 수 없음","조건부 가능","카테고리·측정 기준별 의미 검증 필요"
"무신사","바지 / 슈트 팬츠/슬랙스","엉덩이단면","9","9","9/9 = 100.0%","엉덩이","추정 매핑","cm(응답 관행; 명시 확인 불가)","확인할 수 없음","확인할 수 없음","조건부 가능","카테고리·측정 기준별 의미 검증 필요"
"무신사","바지 / 슈트 팬츠/슬랙스","허벅지단면","9","9","9/9 = 100.0%","허벅지","추정 매핑","cm(응답 관행; 명시 확인 불가)","확인할 수 없음","확인할 수 없음","조건부 가능","카테고리·측정 기준별 의미 검증 필요"
"무신사","바지 / 슈트 팬츠/슬랙스","밑위","9","9","9/9 = 100.0%","밑위","추정 매핑","cm(응답 관행; 명시 확인 불가)","확인할 수 없음","확인할 수 없음","조건부 가능","카테고리·측정 기준별 의미 검증 필요"
"무신사","바지 / 슈트 팬츠/슬랙스","밑단단면","9","9","9/9 = 100.0%","밑단","추정 매핑","cm(응답 관행; 명시 확인 불가)","확인할 수 없음","확인할 수 없음","조건부 가능","카테고리·측정 기준별 의미 검증 필요"
"무신사","바지 / 숏 팬츠","총장","6","6","6/6 = 100.0%","총장","추정 매핑","cm(응답 관행; 명시 확인 불가)","확인할 수 없음","확인할 수 없음","조건부 가능","카테고리·측정 기준별 의미 검증 필요"
"무신사","바지 / 숏 팬츠","허리단면","6","6","6/6 = 100.0%","허리","추정 매핑","cm(응답 관행; 명시 확인 불가)","확인할 수 없음","확인할 수 없음","조건부 가능","카테고리·측정 기준별 의미 검증 필요"
"무신사","바지 / 숏 팬츠","엉덩이단면","6","6","6/6 = 100.0%","엉덩이","추정 매핑","cm(응답 관행; 명시 확인 불가)","확인할 수 없음","확인할 수 없음","조건부 가능","카테고리·측정 기준별 의미 검증 필요"
"무신사","바지 / 숏 팬츠","허벅지단면","6","6","6/6 = 100.0%","허벅지","추정 매핑","cm(응답 관행; 명시 확인 불가)","확인할 수 없음","확인할 수 없음","조건부 가능","카테고리·측정 기준별 의미 검증 필요"
"무신사","바지 / 숏 팬츠","밑위","6","6","6/6 = 100.0%","밑위","추정 매핑","cm(응답 관행; 명시 확인 불가)","확인할 수 없음","확인할 수 없음","조건부 가능","카테고리·측정 기준별 의미 검증 필요"
"무신사","바지 / 숏 팬츠","밑단단면","6","6","6/6 = 100.0%","밑단","추정 매핑","cm(응답 관행; 명시 확인 불가)","확인할 수 없음","확인할 수 없음","조건부 가능","카테고리·측정 기준별 의미 검증 필요"
"무신사","바지 / 숏 팬츠","총장","2","2","2/2 = 100.0%","총장","추정 매핑","cm(응답 관행; 명시 확인 불가)","확인할 수 없음","확인할 수 없음","조건부 가능","카테고리·측정 기준별 의미 검증 필요"
"무신사","바지 / 숏 팬츠","허리단면","2","2","2/2 = 100.0%","허리","추정 매핑","cm(응답 관행; 명시 확인 불가)","확인할 수 없음","확인할 수 없음","조건부 가능","카테고리·측정 기준별 의미 검증 필요"
"무신사","바지 / 숏 팬츠","엉덩이단면","2","2","2/2 = 100.0%","엉덩이","추정 매핑","cm(응답 관행; 명시 확인 불가)","확인할 수 없음","확인할 수 없음","조건부 가능","카테고리·측정 기준별 의미 검증 필요"
"무신사","바지 / 숏 팬츠","허벅지단면","2","2","2/2 = 100.0%","허벅지","추정 매핑","cm(응답 관행; 명시 확인 불가)","확인할 수 없음","확인할 수 없음","조건부 가능","카테고리·측정 기준별 의미 검증 필요"
"무신사","바지 / 숏 팬츠","밑위","2","2","2/2 = 100.0%","밑위","추정 매핑","cm(응답 관행; 명시 확인 불가)","확인할 수 없음","확인할 수 없음","조건부 가능","카테고리·측정 기준별 의미 검증 필요"
"무신사","바지 / 숏 팬츠","밑단단면","2","2","2/2 = 100.0%","밑단","추정 매핑","cm(응답 관행; 명시 확인 불가)","확인할 수 없음","확인할 수 없음","조건부 가능","카테고리·측정 기준별 의미 검증 필요"
"무신사","스포츠/레저 / 하의 / 기타 바지","총장","1","1","1/1 = 100.0%","총장","추정 매핑","cm(응답 관행; 명시 확인 불가)","확인할 수 없음","확인할 수 없음","조건부 가능","카테고리·측정 기준별 의미 검증 필요"
"무신사","스포츠/레저 / 하의 / 기타 바지","허리단면","1","1","1/1 = 100.0%","허리","추정 매핑","cm(응답 관행; 명시 확인 불가)","확인할 수 없음","확인할 수 없음","조건부 가능","카테고리·측정 기준별 의미 검증 필요"
"무신사","스포츠/레저 / 하의 / 기타 바지","엉덩이단면","1","1","1/1 = 100.0%","엉덩이","추정 매핑","cm(응답 관행; 명시 확인 불가)","확인할 수 없음","확인할 수 없음","조건부 가능","카테고리·측정 기준별 의미 검증 필요"
"무신사","스포츠/레저 / 하의 / 기타 바지","허벅지단면","1","1","1/1 = 100.0%","허벅지","추정 매핑","cm(응답 관행; 명시 확인 불가)","확인할 수 없음","확인할 수 없음","조건부 가능","카테고리·측정 기준별 의미 검증 필요"
"무신사","스포츠/레저 / 하의 / 기타 바지","밑위","1","1","1/1 = 100.0%","밑위","추정 매핑","cm(응답 관행; 명시 확인 불가)","확인할 수 없음","확인할 수 없음","조건부 가능","카테고리·측정 기준별 의미 검증 필요"
"무신사","스포츠/레저 / 하의 / 기타 바지","밑단단면","1","1","1/1 = 100.0%","밑단","추정 매핑","cm(응답 관행; 명시 확인 불가)","확인할 수 없음","확인할 수 없음","조건부 가능","카테고리·측정 기준별 의미 검증 필요"
"무신사","스포츠/레저 / 하의 / 기타 바지","총장","1","1","1/1 = 100.0%","총장","추정 매핑","cm(응답 관행; 명시 확인 불가)","확인할 수 없음","확인할 수 없음","조건부 가능","카테고리·측정 기준별 의미 검증 필요"
"무신사","스포츠/레저 / 하의 / 기타 바지","허리단면","1","1","1/1 = 100.0%","허리","추정 매핑","cm(응답 관행; 명시 확인 불가)","확인할 수 없음","확인할 수 없음","조건부 가능","카테고리·측정 기준별 의미 검증 필요"
"무신사","스포츠/레저 / 하의 / 기타 바지","엉덩이단면","1","1","1/1 = 100.0%","엉덩이","추정 매핑","cm(응답 관행; 명시 확인 불가)","확인할 수 없음","확인할 수 없음","조건부 가능","카테고리·측정 기준별 의미 검증 필요"
"무신사","스포츠/레저 / 하의 / 기타 바지","허벅지단면","1","1","1/1 = 100.0%","허벅지","추정 매핑","cm(응답 관행; 명시 확인 불가)","확인할 수 없음","확인할 수 없음","조건부 가능","카테고리·측정 기준별 의미 검증 필요"
"무신사","스포츠/레저 / 하의 / 기타 바지","밑위","1","1","1/1 = 100.0%","밑위","추정 매핑","cm(응답 관행; 명시 확인 불가)","확인할 수 없음","확인할 수 없음","조건부 가능","카테고리·측정 기준별 의미 검증 필요"
"무신사","스포츠/레저 / 하의 / 기타 바지","밑단단면","1","1","1/1 = 100.0%","밑단","추정 매핑","cm(응답 관행; 명시 확인 불가)","확인할 수 없음","확인할 수 없음","조건부 가능","카테고리·측정 기준별 의미 검증 필요"
"무신사","바지 / 트레이닝/조거 팬츠","총장","2","2","2/2 = 100.0%","총장","추정 매핑","cm(응답 관행; 명시 확인 불가)","확인할 수 없음","확인할 수 없음","조건부 가능","카테고리·측정 기준별 의미 검증 필요"
"무신사","바지 / 트레이닝/조거 팬츠","허리단면","2","2","2/2 = 100.0%","허리","추정 매핑","cm(응답 관행; 명시 확인 불가)","확인할 수 없음","확인할 수 없음","조건부 가능","카테고리·측정 기준별 의미 검증 필요"
"무신사","바지 / 트레이닝/조거 팬츠","엉덩이단면","2","2","2/2 = 100.0%","엉덩이","추정 매핑","cm(응답 관행; 명시 확인 불가)","확인할 수 없음","확인할 수 없음","조건부 가능","카테고리·측정 기준별 의미 검증 필요"
"무신사","바지 / 트레이닝/조거 팬츠","허벅지단면","2","2","2/2 = 100.0%","허벅지","추정 매핑","cm(응답 관행; 명시 확인 불가)","확인할 수 없음","확인할 수 없음","조건부 가능","카테고리·측정 기준별 의미 검증 필요"
"무신사","바지 / 트레이닝/조거 팬츠","밑위","2","2","2/2 = 100.0%","밑위","추정 매핑","cm(응답 관행; 명시 확인 불가)","확인할 수 없음","확인할 수 없음","조건부 가능","카테고리·측정 기준별 의미 검증 필요"
"무신사","바지 / 트레이닝/조거 팬츠","밑단단면","2","2","2/2 = 100.0%","밑단","추정 매핑","cm(응답 관행; 명시 확인 불가)","확인할 수 없음","확인할 수 없음","조건부 가능","카테고리·측정 기준별 의미 검증 필요"
"무신사","바지 / 기타 하의","총장","1","1","1/1 = 100.0%","총장","추정 매핑","cm(응답 관행; 명시 확인 불가)","확인할 수 없음","확인할 수 없음","조건부 가능","카테고리·측정 기준별 의미 검증 필요"
"무신사","바지 / 기타 하의","허리단면","1","1","1/1 = 100.0%","허리","추정 매핑","cm(응답 관행; 명시 확인 불가)","확인할 수 없음","확인할 수 없음","조건부 가능","카테고리·측정 기준별 의미 검증 필요"
"무신사","바지 / 기타 하의","엉덩이단면","1","1","1/1 = 100.0%","엉덩이","추정 매핑","cm(응답 관행; 명시 확인 불가)","확인할 수 없음","확인할 수 없음","조건부 가능","카테고리·측정 기준별 의미 검증 필요"
"무신사","바지 / 기타 하의","허벅지단면","1","1","1/1 = 100.0%","허벅지","추정 매핑","cm(응답 관행; 명시 확인 불가)","확인할 수 없음","확인할 수 없음","조건부 가능","카테고리·측정 기준별 의미 검증 필요"
"무신사","바지 / 기타 하의","밑위","1","1","1/1 = 100.0%","밑위","추정 매핑","cm(응답 관행; 명시 확인 불가)","확인할 수 없음","확인할 수 없음","조건부 가능","카테고리·측정 기준별 의미 검증 필요"
"무신사","바지 / 기타 하의","밑단단면","1","1","1/1 = 100.0%","밑단","추정 매핑","cm(응답 관행; 명시 확인 불가)","확인할 수 없음","확인할 수 없음","조건부 가능","카테고리·측정 기준별 의미 검증 필요"
"무신사","원피스/스커트 / 미니원피스","총장","6","6","6/6 = 100.0%","총장","추정 매핑","cm(응답 관행; 명시 확인 불가)","확인할 수 없음","확인할 수 없음","조건부 가능","카테고리·측정 기준별 의미 검증 필요"
"무신사","원피스/스커트 / 미니원피스","어깨너비","6","6","6/6 = 100.0%","어깨","추정 매핑","cm(응답 관행; 명시 확인 불가)","확인할 수 없음","확인할 수 없음","조건부 가능","카테고리·측정 기준별 의미 검증 필요"
"무신사","원피스/스커트 / 미니원피스","가슴단면","6","6","6/6 = 100.0%","가슴","추정 매핑","cm(응답 관행; 명시 확인 불가)","확인할 수 없음","확인할 수 없음","조건부 가능","카테고리·측정 기준별 의미 검증 필요"
"무신사","원피스/스커트 / 미니원피스","소매길이","6","6","6/6 = 100.0%","소매","추정 매핑","cm(응답 관행; 명시 확인 불가)","확인할 수 없음","확인할 수 없음","조건부 가능","카테고리·측정 기준별 의미 검증 필요"
"무신사","원피스/스커트 / 미니원피스","엉덩이단면","6","6","6/6 = 100.0%","엉덩이","추정 매핑","cm(응답 관행; 명시 확인 불가)","확인할 수 없음","확인할 수 없음","조건부 가능","카테고리·측정 기준별 의미 검증 필요"
"무신사","원피스/스커트 / 미디스커트","총장","3","3","3/3 = 100.0%","총장","추정 매핑","cm(응답 관행; 명시 확인 불가)","확인할 수 없음","확인할 수 없음","조건부 가능","카테고리·측정 기준별 의미 검증 필요"
"무신사","원피스/스커트 / 미디스커트","허리단면","3","3","3/3 = 100.0%","허리","추정 매핑","cm(응답 관행; 명시 확인 불가)","확인할 수 없음","확인할 수 없음","조건부 가능","카테고리·측정 기준별 의미 검증 필요"
"무신사","원피스/스커트 / 미디스커트","엉덩이단면","3","3","3/3 = 100.0%","엉덩이","추정 매핑","cm(응답 관행; 명시 확인 불가)","확인할 수 없음","확인할 수 없음","조건부 가능","카테고리·측정 기준별 의미 검증 필요"
"무신사","원피스/스커트 / 미디스커트","밑단단면","3","3","3/3 = 100.0%","밑단","추정 매핑","cm(응답 관행; 명시 확인 불가)","확인할 수 없음","확인할 수 없음","조건부 가능","카테고리·측정 기준별 의미 검증 필요"
"무신사","원피스/스커트 / 미디원피스","총장","2","3","2/3 = 66.7%","총장","추정 매핑","cm(응답 관행; 명시 확인 불가)","확인할 수 없음","확인할 수 없음","조건부 가능","카테고리·측정 기준별 의미 검증 필요"
"무신사","원피스/스커트 / 미디원피스","어깨너비","2","3","2/3 = 66.7%","어깨","추정 매핑","cm(응답 관행; 명시 확인 불가)","확인할 수 없음","확인할 수 없음","조건부 가능","카테고리·측정 기준별 의미 검증 필요"
"무신사","원피스/스커트 / 미디원피스","가슴단면","2","3","2/3 = 66.7%","가슴","추정 매핑","cm(응답 관행; 명시 확인 불가)","확인할 수 없음","확인할 수 없음","조건부 가능","카테고리·측정 기준별 의미 검증 필요"
"무신사","원피스/스커트 / 미디원피스","소매길이","2","3","2/3 = 66.7%","소매","추정 매핑","cm(응답 관행; 명시 확인 불가)","확인할 수 없음","확인할 수 없음","조건부 가능","카테고리·측정 기준별 의미 검증 필요"
"무신사","원피스/스커트 / 미디원피스","엉덩이단면","2","3","2/3 = 66.7%","엉덩이","추정 매핑","cm(응답 관행; 명시 확인 불가)","확인할 수 없음","확인할 수 없음","조건부 가능","카테고리·측정 기준별 의미 검증 필요"
"무신사","원피스/스커트 / 맥시원피스","총장","3","4","3/4 = 75.0%","총장","추정 매핑","cm(응답 관행; 명시 확인 불가)","확인할 수 없음","확인할 수 없음","조건부 가능","카테고리·측정 기준별 의미 검증 필요"
"무신사","원피스/스커트 / 맥시원피스","어깨너비","3","4","3/4 = 75.0%","어깨","추정 매핑","cm(응답 관행; 명시 확인 불가)","확인할 수 없음","확인할 수 없음","조건부 가능","카테고리·측정 기준별 의미 검증 필요"
"무신사","원피스/스커트 / 맥시원피스","가슴단면","3","4","3/4 = 75.0%","가슴","추정 매핑","cm(응답 관행; 명시 확인 불가)","확인할 수 없음","확인할 수 없음","조건부 가능","카테고리·측정 기준별 의미 검증 필요"
"무신사","원피스/스커트 / 맥시원피스","소매길이","3","4","3/4 = 75.0%","소매","추정 매핑","cm(응답 관행; 명시 확인 불가)","확인할 수 없음","확인할 수 없음","조건부 가능","카테고리·측정 기준별 의미 검증 필요"
"무신사","원피스/스커트 / 맥시원피스","엉덩이단면","3","4","3/4 = 75.0%","엉덩이","추정 매핑","cm(응답 관행; 명시 확인 불가)","확인할 수 없음","확인할 수 없음","조건부 가능","카테고리·측정 기준별 의미 검증 필요"
"무신사","원피스/스커트 / 미니스커트","총장","2","3","2/3 = 66.7%","총장","추정 매핑","cm(응답 관행; 명시 확인 불가)","확인할 수 없음","확인할 수 없음","조건부 가능","카테고리·측정 기준별 의미 검증 필요"
"무신사","원피스/스커트 / 미니스커트","허리단면","2","3","2/3 = 66.7%","허리","추정 매핑","cm(응답 관행; 명시 확인 불가)","확인할 수 없음","확인할 수 없음","조건부 가능","카테고리·측정 기준별 의미 검증 필요"
"무신사","원피스/스커트 / 미니스커트","엉덩이단면","2","3","2/3 = 66.7%","엉덩이","추정 매핑","cm(응답 관행; 명시 확인 불가)","확인할 수 없음","확인할 수 없음","조건부 가능","카테고리·측정 기준별 의미 검증 필요"
"무신사","원피스/스커트 / 미니스커트","밑단단면","2","3","2/3 = 66.7%","밑단","추정 매핑","cm(응답 관행; 명시 확인 불가)","확인할 수 없음","확인할 수 없음","조건부 가능","카테고리·측정 기준별 의미 검증 필요"
"무신사","원피스/스커트 / 롱스커트","총장","1","1","1/1 = 100.0%","총장","추정 매핑","cm(응답 관행; 명시 확인 불가)","확인할 수 없음","확인할 수 없음","조건부 가능","카테고리·측정 기준별 의미 검증 필요"
"무신사","원피스/스커트 / 롱스커트","허리단면","1","1","1/1 = 100.0%","허리","추정 매핑","cm(응답 관행; 명시 확인 불가)","확인할 수 없음","확인할 수 없음","조건부 가능","카테고리·측정 기준별 의미 검증 필요"
"무신사","원피스/스커트 / 롱스커트","엉덩이단면","1","1","1/1 = 100.0%","엉덩이","추정 매핑","cm(응답 관행; 명시 확인 불가)","확인할 수 없음","확인할 수 없음","조건부 가능","카테고리·측정 기준별 의미 검증 필요"
"무신사","원피스/스커트 / 롱스커트","밑단단면","1","1","1/1 = 100.0%","밑단","추정 매핑","cm(응답 관행; 명시 확인 불가)","확인할 수 없음","확인할 수 없음","조건부 가능","카테고리·측정 기준별 의미 검증 필요"
"유니클로","/kr/ko/women/tops/t-shirts","전체 길이","35","35","35/35 = 100.0%","총장","추정 매핑","cm|inch","확인할 수 없음","확인할 수 없음","조건부 가능","카테고리·측정 기준별 의미 검증 필요"
"유니클로","/kr/ko/women/tops/t-shirts","어깨너비(솔기에서 솔기까지)","30","35","30/35 = 85.7%","어깨","추정 매핑","cm|inch","확인할 수 없음","확인할 수 없음","조건부 가능","카테고리·측정 기준별 의미 검증 필요"
"유니클로","/kr/ko/women/tops/t-shirts","가슴너비","35","35","35/35 = 100.0%","가슴","추정 매핑","cm|inch","확인할 수 없음","확인할 수 없음","조건부 가능","카테고리·측정 기준별 의미 검증 필요"
"유니클로","/kr/ko/women/tops/t-shirts","등 중심부터 소매까지 길이","23","35","23/35 = 65.7%","소매","추정 매핑","cm|inch","확인할 수 없음","확인할 수 없음","조건부 가능","카테고리·측정 기준별 의미 검증 필요"
"유니클로","/kr/ko/men/outerwear","전체 길이","25","25","25/25 = 100.0%","총장","추정 매핑","cm|inch","확인할 수 없음","확인할 수 없음","조건부 가능","카테고리·측정 기준별 의미 검증 필요"
"유니클로","/kr/ko/men/outerwear","어깨너비(솔기에서 솔기까지)","20","25","20/25 = 80.0%","어깨","추정 매핑","cm|inch","확인할 수 없음","확인할 수 없음","조건부 가능","카테고리·측정 기준별 의미 검증 필요"
"유니클로","/kr/ko/men/outerwear","가슴너비","25","25","25/25 = 100.0%","가슴","추정 매핑","cm|inch","확인할 수 없음","확인할 수 없음","조건부 가능","카테고리·측정 기준별 의미 검증 필요"
"유니클로","/kr/ko/men/outerwear","등 중심부터 소매까지 길이","25","25","25/25 = 100.0%","소매","추정 매핑","cm|inch","확인할 수 없음","확인할 수 없음","조건부 가능","카테고리·측정 기준별 의미 검증 필요"
"유니클로","/kr/ko/men/outerwear","목둘레","1","25","1/25 = 4.0%","","미대응","cm|inch","확인할 수 없음","확인할 수 없음","비교 제외","카테고리·측정 기준별 의미 검증 필요"
"유니클로","/kr/ko/men/outerwear","소매 길이","9","25","9/25 = 36.0%","소매","추정 매핑","cm|inch","확인할 수 없음","확인할 수 없음","조건부 가능","카테고리·측정 기준별 의미 검증 필요"
"유니클로","/kr/ko/men/bottoms","허리 둘레","15","15","15/15 = 100.0%","허리","추정 매핑","cm|inch","확인할 수 없음","확인할 수 없음","조건부 가능","카테고리·측정 기준별 의미 검증 필요"
"유니클로","/kr/ko/men/bottoms","엉덩이 둘레","15","15","15/15 = 100.0%","엉덩이","추정 매핑","cm|inch","확인할 수 없음","확인할 수 없음","조건부 가능","카테고리·측정 기준별 의미 검증 필요"
"유니클로","/kr/ko/men/bottoms","허벅지 너비","15","15","15/15 = 100.0%","허벅지","추정 매핑","cm|inch","확인할 수 없음","확인할 수 없음","조건부 가능","카테고리·측정 기준별 의미 검증 필요"
"유니클로","/kr/ko/men/bottoms","밑위 길이","15","15","15/15 = 100.0%","밑위","추정 매핑","cm|inch","확인할 수 없음","확인할 수 없음","조건부 가능","카테고리·측정 기준별 의미 검증 필요"
"유니클로","/kr/ko/men/bottoms","밑단 너비","15","15","15/15 = 100.0%","밑단","추정 매핑","cm|inch","확인할 수 없음","확인할 수 없음","조건부 가능","카테고리·측정 기준별 의미 검증 필요"
"유니클로","/kr/ko/men/bottoms","다리 길이","15","15","15/15 = 100.0%","인심","추정 매핑","cm|inch","확인할 수 없음","확인할 수 없음","조건부 가능","카테고리·측정 기준별 의미 검증 필요"
"유니클로","/kr/ko/women/bottoms","허리 둘레","15","15","15/15 = 100.0%","허리","추정 매핑","cm|inch","확인할 수 없음","확인할 수 없음","조건부 가능","카테고리·측정 기준별 의미 검증 필요"
"유니클로","/kr/ko/women/bottoms","엉덩이 둘레","15","15","15/15 = 100.0%","엉덩이","추정 매핑","cm|inch","확인할 수 없음","확인할 수 없음","조건부 가능","카테고리·측정 기준별 의미 검증 필요"
"유니클로","/kr/ko/women/bottoms","허벅지 너비","14","15","14/15 = 93.3%","허벅지","추정 매핑","cm|inch","확인할 수 없음","확인할 수 없음","조건부 가능","카테고리·측정 기준별 의미 검증 필요"
"유니클로","/kr/ko/women/bottoms","밑위 길이","14","15","14/15 = 93.3%","밑위","추정 매핑","cm|inch","확인할 수 없음","확인할 수 없음","조건부 가능","카테고리·측정 기준별 의미 검증 필요"
"유니클로","/kr/ko/women/bottoms","밑단 너비","14","15","14/15 = 93.3%","밑단","추정 매핑","cm|inch","확인할 수 없음","확인할 수 없음","조건부 가능","카테고리·측정 기준별 의미 검증 필요"
"유니클로","/kr/ko/women/bottoms","다리 길이","14","15","14/15 = 93.3%","인심","추정 매핑","cm|inch","확인할 수 없음","확인할 수 없음","조건부 가능","카테고리·측정 기준별 의미 검증 필요"
"유니클로","/kr/ko/women/bottoms","스커트 길이","1","15","1/15 = 6.7%","총장","추정 매핑","cm|inch","확인할 수 없음","확인할 수 없음","조건부 가능","카테고리·측정 기준별 의미 검증 필요"
"유니클로","/kr/ko/women/dress-and-skirts","전체 길이","10","10","10/10 = 100.0%","총장","추정 매핑","cm|inch","확인할 수 없음","확인할 수 없음","조건부 가능","카테고리·측정 기준별 의미 검증 필요"
"유니클로","/kr/ko/women/dress-and-skirts","어깨너비(솔기에서 솔기까지)","4","10","4/10 = 40.0%","어깨","추정 매핑","cm|inch","확인할 수 없음","확인할 수 없음","조건부 가능","카테고리·측정 기준별 의미 검증 필요"
"유니클로","/kr/ko/women/dress-and-skirts","가슴너비","9","10","9/10 = 90.0%","가슴","추정 매핑","cm|inch","확인할 수 없음","확인할 수 없음","조건부 가능","카테고리·측정 기준별 의미 검증 필요"
"유니클로","/kr/ko/women/dress-and-skirts","몸 너비 (주름 및 박음질 포함)","5","10","5/10 = 50.0%","","미대응","cm|inch","확인할 수 없음","확인할 수 없음","비교 제외","카테고리·측정 기준별 의미 검증 필요"
"유니클로","/kr/ko/women/dress-and-skirts","엉덩이 둘레","5","10","5/10 = 50.0%","엉덩이","추정 매핑","cm|inch","확인할 수 없음","확인할 수 없음","조건부 가능","카테고리·측정 기준별 의미 검증 필요"
"유니클로","/kr/ko/women/dress-and-skirts","치마 길이 [페티코트]","2","10","2/10 = 20.0%","총장","추정 매핑","cm|inch","확인할 수 없음","확인할 수 없음","조건부 가능","카테고리·측정 기준별 의미 검증 필요"
"유니클로","/kr/ko/women/dress-and-skirts","허리 둘레 (상품 사이즈) [페티코트]","2","10","2/10 = 20.0%","허리","추정 매핑","cm|inch","확인할 수 없음","확인할 수 없음","조건부 가능","카테고리·측정 기준별 의미 검증 필요"
"유니클로","/kr/ko/women/dress-and-skirts","등 중심부터 소매까지 길이","2","10","2/10 = 20.0%","소매","추정 매핑","cm|inch","확인할 수 없음","확인할 수 없음","조건부 가능","카테고리·측정 기준별 의미 검증 필요"
