source,observed_id,category_path,status,rule,reason,direct_product_count
uniqlo,,니트 & 가디건 > 가디건,unresolved,uniqlo_cardigan,기존 유니클로 가디건 분류 충돌을 유지,0
uniqlo,,니트 & 가디건 > 니트 > 가디건,unresolved,uniqlo_cardigan,기존 유니클로 가디건 분류 충돌을 유지,1
uniqlo,,이너웨어 > 에어리즘 > 브라,unresolved,bra,기존 검토에서 앱 카테고리 연결이 확정되지 않음,1
uniqlo,,,unresolved,invalid_category_url,category URL contains an undefined/null path component; raw_href=undefined/kr/ko; resolved_url=https://www.uniqlo.com/kr/ko/kids/undefined/kr/ko; raw_path=/Users/jinyoung/Documents/Projects/FitMatch/FitMatch/Docs/Research/CategoryCorpus-live-uniqlo-full/raw/uniqlo/category-pages/240845e71ad89b893c3c.html,0
uniqlo,,,unresolved,invalid_category_url,category URL contains an undefined/null path component; raw_href=undefined/kr/ko; resolved_url=https://www.uniqlo.com/kr/ko/women/undefined/kr/ko; raw_path=/Users/jinyoung/Documents/Projects/FitMatch/FitMatch/Docs/Research/CategoryCorpus-live-uniqlo-full/raw/uniqlo/category-pages/e2049d219387901a14f2.html,0
uniqlo,,,unresolved,invalid_category_url,category URL contains an undefined/null path component; raw_href=undefined/kr/ko; resolved_url=https://www.uniqlo.com/kr/ko/kids/undefined/kr/ko; raw_path=/Users/jinyoung/Documents/Projects/FitMatch/FitMatch/Docs/Research/CategoryCorpus-live-uniqlo-full/raw/uniqlo/category-pages/e1fd5986c8bc4e00b656.html,0
uniqlo,,,unresolved,invalid_category_url,category URL contains an undefined/null path component; raw_href=undefined/kr/ko; resolved_url=https://www.uniqlo.com/kr/ko/baby/newborn/undefined/kr/ko; raw_path=/Users/jinyoung/Documents/Projects/FitMatch/FitMatch/Docs/Research/CategoryCorpus-live-uniqlo-full/raw/uniqlo/category-pages/dc40e22ffadd68d8ec5c.html,0
uniqlo,,,unresolved,invalid_category_url,category URL contains an undefined/null path component; raw_href=undefined/kr/ko; resolved_url=https://www.uniqlo.com/kr/ko/baby/toddler/undefined/kr/ko; raw_path=/Users/jinyoung/Documents/Projects/FitMatch/FitMatch/Docs/Research/CategoryCorpus-live-uniqlo-full/raw/uniqlo/category-pages/f362927b8bce38c29555.html,0
uniqlo,,,unresolved,invalid_category_url,category URL contains an undefined/null path component; raw_href=undefined/kr/ko; resolved_url=https://www.uniqlo.com/kr/ko/men/undefined/kr/ko; raw_path=/Users/jinyoung/Documents/Projects/FitMatch/FitMatch/Docs/Research/CategoryCorpus-live-uniqlo-full/raw/uniqlo/category-pages/bc9ac8e75ffa798237a5.html,0
uniqlo,,,unresolved,invalid_category_url,category URL contains an undefined/null path component; raw_href=undefined/kr/ko; resolved_url=https://www.uniqlo.com/kr/ko/kids/undefined/kr/ko; raw_path=/Users/jinyoung/Documents/Projects/FitMatch/FitMatch/Docs/Research/CategoryCorpus-live-uniqlo-full/raw/uniqlo/category-pages/7162772f142d9b00faea.html,0
uniqlo,,,unresolved,invalid_category_url,category URL contains an undefined/null path component; raw_href=undefined/kr/ko; resolved_url=https://www.uniqlo.com/kr/ko/women/undefined/kr/ko; raw_path=/Users/jinyoung/Documents/Projects/FitMatch/FitMatch/Docs/Research/CategoryCorpus-live-uniqlo-full/raw/uniqlo/category-pages/e4a97cff8cce50fbfbdc.html,0
uniqlo,,,unresolved,invalid_category_url,category URL contains an undefined/null path component; raw_href=undefined/kr/ko; resolved_url=https://www.uniqlo.com/kr/ko/kids/airism/undefined/kr/ko; raw_path=/Users/jinyoung/Documents/Projects/FitMatch/FitMatch/Docs/Research/CategoryCorpus-live-uniqlo-full/raw/uniqlo/category-pages/2fa3fd69985f26d438e3.html,0
uniqlo,,,unresolved,invalid_category_url,category URL contains an undefined/null path component; raw_href=undefined/kr/ko; resolved_url=https://www.uniqlo.com/kr/ko/kids/airism/undefined/kr/ko; raw_path=/Users/jinyoung/Documents/Projects/FitMatch/FitMatch/Docs/Research/CategoryCorpus-live-uniqlo-full/raw/uniqlo/category-pages/1dc331c47a0cef4cc337.html,0
uniqlo,,,unresolved,invalid_category_url,category URL contains an undefined/null path component; raw_href=undefined/kr/ko; resolved_url=https://www.uniqlo.com/kr/ko/men/bottoms/undefined/kr/ko; raw_path=/Users/jinyoung/Documents/Projects/FitMatch/FitMatch/Docs/Research/CategoryCorpus-live-uniqlo-full/raw/uniqlo/category-pages/54577a660cf4698216fe.html,0
uniqlo,,,unresolved,invalid_category_url,category URL contains an undefined/null path component; raw_href=undefined/kr/ko; resolved_url=https://www.uniqlo.com/kr/ko/women/airism/undefined/kr/ko; raw_path=/Users/jinyoung/Documents/Projects/FitMatch/FitMatch/Docs/Research/CategoryCorpus-live-uniqlo-full/raw/uniqlo/category-pages/0cf558c2750d6d7ebee7.html,0
uniqlo,,,unresolved,invalid_category_url,category URL contains an undefined/null path component; raw_href=undefined/kr/ko; resolved_url=https://www.uniqlo.com/kr/ko/men/airism/undefined/kr/ko; raw_path=/Users/jinyoung/Documents/Projects/FitMatch/FitMatch/Docs/Research/CategoryCorpus-live-uniqlo-full/raw/uniqlo/category-pages/092f7a1cce29bd55d611.html,0
uniqlo,,,unresolved,invalid_category_url,category URL contains an undefined/null path component; raw_href=undefined/kr/ko; resolved_url=https://www.uniqlo.com/kr/ko/women/innerwear/undefined/kr/ko; raw_path=/Users/jinyoung/Documents/Projects/FitMatch/FitMatch/Docs/Research/CategoryCorpus-live-uniqlo-full/raw/uniqlo/category-pages/5d926effc2a2b523611d.html,0
uniqlo,,,unresolved,invalid_category_url,category URL contains an undefined/null path component; raw_href=undefined/kr/ko; resolved_url=https://www.uniqlo.com/kr/ko/men/linen/undefined/kr/ko; raw_path=/Users/jinyoung/Documents/Projects/FitMatch/FitMatch/Docs/Research/CategoryCorpus-live-uniqlo-full/raw/uniqlo/category-pages/d9b16e33b33ac7a40b92.html,0
uniqlo,,,unresolved,invalid_category_url,category URL contains an undefined/null path component; raw_href=undefined/kr/ko; resolved_url=https://www.uniqlo.com/kr/ko/men/sport-utility-wear/undefined/kr/ko; raw_path=/Users/jinyoung/Documents/Projects/FitMatch/FitMatch/Docs/Research/CategoryCorpus-live-uniqlo-full/raw/uniqlo/category-pages/53e09b782cb7171db294.html,0
uniqlo,,,unresolved,invalid_category_url,category URL contains an undefined/null path component; raw_href=undefined/kr/ko; resolved_url=https://www.uniqlo.com/kr/ko/women/lounge-and-underwear-collection/undefined/kr/ko; raw_path=/Users/jinyoung/Documents/Projects/FitMatch/FitMatch/Docs/Research/CategoryCorpus-live-uniqlo-full/raw/uniqlo/category-pages/9ddace5195df40bcc0cc.html,0
uniqlo,,,unresolved,invalid_category_url,category URL contains an undefined/null path component; raw_href=undefined/kr/ko; resolved_url=https://www.uniqlo.com/kr/ko/men/sport-utility-wear/undefined/kr/ko; raw_path=/Users/jinyoung/Documents/Projects/FitMatch/FitMatch/Docs/Research/CategoryCorpus-live-uniqlo-full/raw/uniqlo/category-pages/c05273478e91bd06f459.html,0
uniqlo,,,unresolved,invalid_category_url,category URL contains an undefined/null path component; raw_href=undefined/kr/ko; resolved_url=https://www.uniqlo.com/kr/ko/women/lounge-and-underwear-collection/undefined/kr/ko; raw_path=/Users/jinyoung/Documents/Projects/FitMatch/FitMatch/Docs/Research/CategoryCorpus-live-uniqlo-full/raw/uniqlo/category-pages/7522c051832b63af624c.html,0
uniqlo,,,unresolved,invalid_category_url,category URL contains an undefined/null path component; raw_href=undefined/kr/ko; resolved_url=https://www.uniqlo.com/kr/ko/women/lounge-and-underwear-collection/undefined/kr/ko; raw_path=/Users/jinyoung/Documents/Projects/FitMatch/FitMatch/Docs/Research/CategoryCorpus-live-uniqlo-full/raw/uniqlo/category-pages/5652799750e052654168.html,0
uniqlo,,,unresolved,invalid_category_url,public category request returned HTTP 404; raw_href=undefined/kr/ko; resolved_url=https://www.uniqlo.com/kr/ko/baby/newborn/undefined/kr/ko; raw_path=/Users/jinyoung/Documents/Projects/FitMatch/FitMatch/Docs/Research/CategoryCorpus-live-uniqlo-full/raw/uniqlo/category-pages/dc40e22ffadd68d8ec5c.html,0
uniqlo,,,unresolved,invalid_category_url,public category request returned HTTP 404; raw_href=/kr/ko/men/accessories/1; resolved_url=https://www.uniqlo.com/kr/ko/men/accessories/1; raw_path=/Users/jinyoung/Documents/Projects/FitMatch/FitMatch/Docs/Research/CategoryCorpus-live-uniqlo-full/raw/uniqlo/category-pages/f98171b4e19e68656d66.html,0
uniqlo,,,unresolved,invalid_category_url,category URL contains an undefined/null path component; raw_href=undefined/kr/ko; resolved_url=https://www.uniqlo.com/kr/ko/women/special-collaboration/undefined/kr/ko; raw_path=/Users/jinyoung/Documents/Projects/FitMatch/FitMatch/Docs/Research/CategoryCorpus-live-uniqlo-full/raw/uniqlo/category-pages/499d87bc240163d24c24.html,0
