sample_id,captured_at,product_url,section,family,subfamily,product_name,style_number,catentry_id,internal_product_id,identity_resolution_source,http_status,challenge_detected,response_type,measure_guide_present,size_guide_present,raw_measurement_codes,unit,measurement_basis_status,category_resolution_status,notes,response_hash,fixture_path
men_shirt_04166166,2026-08-21T01:13:19.771Z,https://www.zara.com/kr/ko/%E1%84%85%E1%85%A6%E1%84%80%E1%85%B2%E1%86%AF%E1%84%85%E1%85%A5-%E1%84%91%E1%85%B5%E1%86%BA-%E1%84%89%E1%85%A7%E1%84%8E%E1%85%B3-p04166166.html?v1=545490346,MAN,셔츠,B. Camisería,레귤러 핏 셔츠,04166166,545490346,545486853,product_page_embedded_analytics,200,false,body_only,false,true,,,NOT_APPLICABLE,STRUCTURED_SOURCE_HINT,cached response reused,3ceacf9e80612d9de4fe8bfcbce3f62adaed890c8b516e99024ed207ab4c42a2,cache/545486853.json
men_blazer_05552381,2026-08-21T01:13:19.771Z,https://www.zara.com/kr/ko/100-%E1%84%8B%E1%85%AE%E1%86%AF-%E1%84%85%E1%85%B5%E1%86%AF%E1%84%85%E1%85%A6%E1%86%A8%E1%84%89%E1%85%B3%E1%84%91%E1%85%B5%E1%86%BA-%E1%84%87%E1%85%B3%E1%86%AF%E1%84%85%E1%85%A6%E1%84%8B%E1%85%B5%E1%84%8C%E1%85%A5-p05552381.html?v1=551791628,MAN,브레이저,Blasier,릴렉스핏 100% 울 블레이저,05552381,551791628,551789966,product_page_embedded_analytics,200,false,body_only,false,true,,,NOT_APPLICABLE,STRUCTURED_SOURCE_HINT,cached response reused,55e45b7bfa20cf1cd2ebd8e946697da2f5356fdae0f9d78651326ada69d3b1e4,cache/551789966.json
men_pants_06861017,2026-08-21T01:13:19.771Z,https://www.zara.com/kr/ko/%E1%84%91%E1%85%B3%E1%86%AF%E1%84%85%E1%85%B5%E1%84%8E%E1%85%B3-%E1%84%89%E1%85%B3%E1%84%90%E1%85%B3%E1%84%85%E1%85%A6%E1%84%8B%E1%85%B5%E1%84%90%E1%85%B3-%E1%84%91%E1%85%B5%E1%86%BA-%E1%84%91%E1%85%A2%E1%86%AB%E1%84%8E%E1%85%B3-p06861017.html?v1=555813567,MAN,바지,F. Pant Resto,플리츠 스트레이트 핏 팬츠,06861017,555813567,555794883,product_page_embedded_analytics,200,false,body_only,false,true,,,NOT_APPLICABLE,STRUCTURED_SOURCE_HINT,cached response reused,a27fabfd335ce82574cf5da9fbc9a5cb0802b50d0a71b0c11400b2d9a8f87e59,cache/555794883.json
men_knit_05987400,2026-08-21T01:13:19.771Z,https://www.zara.com/kr/ko/%E1%84%85%E1%85%A6%E1%84%80%E1%85%B2%E1%86%AF%E1%84%85%E1%85%A5%E1%84%91%E1%85%B5%E1%86%BA-%E1%84%82%E1%85%B5%E1%84%90%E1%85%B3-%E1%84%91%E1%85%A9%E1%86%AF%E1%84%85%E1%85%A9%E1%84%89%E1%85%A7%E1%84%8E%E1%85%B3-p05987400.html?v1=545479232,MAN,스웨터,B. Jersey M/C,레귤러핏 니트 폴로셔츠,05987400,545479232,545475314,product_page_embedded_analytics,200,false,body_only,false,true,,,NOT_APPLICABLE,STRUCTURED_SOURCE_HINT,cached response reused,c6013d245fb0b9b299e48c1035483672bf165868b6ae65ea4b008c615fa09122,cache/545475314.json
men_outer_06987339,2026-08-21T01:13:19.771Z,https://www.zara.com/kr/ko/%E1%84%86%E1%85%A6%E1%84%90%E1%85%A1%E1%86%AF-%E1%84%90%E1%85%A9%E1%84%80%E1%85%B3%E1%86%AF-%E1%84%85%E1%85%B5%E1%86%AF%E1%84%85%E1%85%A6%E1%86%A8%E1%84%89%E1%85%B3%E1%84%91%E1%85%B5%E1%86%BA-%E1%84%8C%E1%85%A2%E1%84%8F%E1%85%B5%E1%86%BA-p06987339.html,MAN,스포츠 재킷,B. Cazadora,메탈 토글 릴렉스핏 재킷,06987339,549815778,549813606,product_page_embedded_analytics,200,false,body_only,false,true,,,NOT_APPLICABLE,STRUCTURED_SOURCE_HINT,cached response reused,c6013d245fb0b9b299e48c1035483672bf165868b6ae65ea4b008c615fa09122,cache/549813606.json
men_denim_04470350,2026-08-21T01:13:19.771Z,https://www.zara.com/kr/ko/%E1%84%85%E1%85%A6%E1%84%80%E1%85%B2%E1%86%AF%E1%84%85%E1%85%A5%E1%84%91%E1%85%B5%E1%86%BA-%E1%84%8E%E1%85%A5%E1%86%BC%E1%84%87%E1%85%A1%E1%84%8C%E1%85%B5-p04470350.html,MAN,바지,B. Pant Denim,레귤러핏 청바지,04470350,547367126,547363203,product_page_embedded_analytics,200,false,body_only,false,true,,,NOT_APPLICABLE,STRUCTURED_SOURCE_HINT,cached response reused,6931c907cff3c240038cc60b5b178d296f24301c80dbf2628b4be09e964d14d0,cache/547363203.json
men_shorts_04090032,2026-08-21T01:13:19.771Z,https://www.zara.com/kr/ko/%E1%84%91%E1%85%A6%E1%84%8B%E1%85%B5%E1%84%91%E1%85%A5%E1%84%87%E1%85%A2%E1%86%A8-%E1%84%8B%E1%85%B0%E1%84%8B%E1%85%B5%E1%84%89%E1%85%B3%E1%84%90%E1%85%B3-%E1%84%8F%E1%85%A9%E1%84%90%E1%85%B3%E1%86%AB-%E1%84%89%E1%85%AD%E1%84%8E%E1%85%B3-p04090032.html,MAN,버뮤다반바지,F.Bermuda Resto,코튼 페이퍼백 쇼츠,04090032,555080429,555068728,product_page_embedded_analytics,200,false,body_only,false,true,,,NOT_APPLICABLE,STRUCTURED_SOURCE_HINT,cached response reused,c97a0b41682ec54e628684ebe4436d6c30711d149ea867b72b12ce1617b478d8,cache/555068728.json
men_sweatshirt_04087303,2026-08-21T01:13:19.771Z,https://www.zara.com/kr/ko/%E1%84%8F%E1%85%A5%E1%86%AF%E1%84%85%E1%85%A9-%E1%84%87%E1%85%B3%E1%86%AF%E1%84%85%E1%85%A9%E1%86%A8-%E1%84%8C%E1%85%B5%E1%84%91%E1%85%A5%E1%84%82%E1%85%A6%E1%86%A8-%E1%84%89%E1%85%B3%E1%84%8B%E1%85%B0%E1%84%90%E1%85%B3%E1%84%89%E1%85%A7%E1%84%8E%E1%85%B3-p04087303.html,MAN,스웨트 셔츠,F. Sudadera,컬러 블록 지퍼넥 스웨트셔츠,04087303,549569317,549551955,product_page_embedded_analytics,200,false,body_only,false,true,,,NOT_APPLICABLE,STRUCTURED_SOURCE_HINT,cached response reused,c6013d245fb0b9b299e48c1035483672bf165868b6ae65ea4b008c615fa09122,cache/549551955.json
women_tshirt_04174325_navy,2026-08-21T01:13:19.771Z,https://www.zara.com/kr/ko/%E1%84%89%E1%85%B3%E1%86%AF%E1%84%85%E1%85%B5%E1%86%B7%E1%84%91%E1%85%B5%E1%86%BA-%E1%84%87%E1%85%A1%E1%86%AB%E1%84%89%E1%85%A9%E1%84%86%E1%85%A2-%E1%84%90%E1%85%B5%E1%84%89%E1%85%A7%E1%84%8E%E1%85%B3-p04174325.html?v1=547793140,WOMAN,티셔츠,C.CTAS BASICAS,슬림핏 반소매 티셔츠,04174325,547793140,545408873,product_page_embedded_analytics,200,false,body_only,false,true,,,NOT_APPLICABLE,STRUCTURED_SOURCE_HINT,cached response reused,b891bb9a44d5cb2084d3d2955d9b971716bc7d721134a7cd40816db739fed064,cache/545408873.json
women_tshirt_04174325_brown,2026-08-21T01:13:19.771Z,https://www.zara.com/kr/ko/%E1%84%89%E1%85%B3%E1%86%AF%E1%84%85%E1%85%B5%E1%86%B7%E1%84%91%E1%85%B5%E1%86%BA-%E1%84%87%E1%85%A1%E1%86%AB%E1%84%89%E1%85%A9%E1%84%86%E1%85%A2-%E1%84%90%E1%85%B5%E1%84%89%E1%85%A7%E1%84%8E%E1%85%B3-p04174325.html?v1=555526397,WOMAN,티셔츠,C.CTAS BASICAS,슬림핏 반소매 티셔츠,04174325,555526397,545408873,product_page_embedded_analytics,200,false,body_only,false,true,,,NOT_APPLICABLE,STRUCTURED_SOURCE_HINT,cached response reused,b891bb9a44d5cb2084d3d2955d9b971716bc7d721134a7cd40816db739fed064,cache/545408873.json
women_tshirt_04174325_cream,2026-08-21T01:13:19.771Z,https://www.zara.com/kr/ko/%E1%84%89%E1%85%B3%E1%86%AF%E1%84%85%E1%85%B5%E1%86%B7%E1%84%91%E1%85%B5%E1%86%BA-%E1%84%87%E1%85%A1%E1%86%AB%E1%84%89%E1%85%A9%E1%84%86%E1%85%A2-%E1%84%90%E1%85%B5%E1%84%89%E1%85%A7%E1%84%8E%E1%85%B3-p04174325.html?v1=555529728,WOMAN,티셔츠,C.CTAS BASICAS,슬림핏 반소매 티셔츠,04174325,555529728,545408873,product_page_embedded_analytics,200,false,body_only,false,true,,,NOT_APPLICABLE,STRUCTURED_SOURCE_HINT,cached response reused,b891bb9a44d5cb2084d3d2955d9b971716bc7d721134a7cd40816db739fed064,cache/545408873.json
women_dress_01058506,2026-08-21T01:13:19.771Z,https://www.zara.com/kr/ko/%E1%84%91%E1%85%A9%E1%86%AF%E1%84%85%E1%85%B5%E1%86%84%E1%85%A1%E1%84%86%E1%85%B5%E1%84%83%E1%85%B3-%E1%84%92%E1%85%A9%E1%86%AB%E1%84%87%E1%85%A1%E1%86%BC-%E1%84%86%E1%85%B5%E1%84%83%E1%85%B5-%E1%84%8B%E1%85%AF%E1%86%AB%E1%84%91%E1%85%B5%E1%84%89%E1%85%B3-p01058506.html?v1=585384053,WOMAN,드레스,C.VESTIDO FANTA,폴리아미드 미디 원피스,01058506,585384053,550330066,product_page_embedded_analytics,200,false,body_only,false,true,,,NOT_APPLICABLE,STRUCTURED_SOURCE_HINT,cached response reused,7b893736835c556f03c4c6b3079f915ff2f819fcfce066970307f4005e48146a,cache/550330066.json
women_shirt_08741239,2026-08-21T01:13:19.771Z,https://www.zara.com/kr/ko/%E1%84%87%E1%85%A6%E1%84%8B%E1%85%B5%E1%84%8C%E1%85%B5%E1%86%A8-%E1%84%8B%E1%85%A9%E1%86%A8%E1%84%89%E1%85%B3%E1%84%91%E1%85%A5%E1%84%83%E1%85%B3-%E1%84%89%E1%85%A7%E1%84%8E%E1%85%B3-p08741239.html?v1=584074972,WOMAN,셔츠,B.SHIRT,베이직 옥스퍼드 셔츠,08741239,584074972,545478073,product_page_embedded_analytics,200,false,body_only,false,true,,,NOT_APPLICABLE,STRUCTURED_SOURCE_HINT,cached response reused,fdb5fdbaa89f046cd3faa23cf829898095b373a2c4c18a06e3a6178ffcb7afd9,cache/545478073.json
women_cardigan_02893103,2026-08-21T01:13:19.771Z,https://www.zara.com/kr/ko/100-%E1%84%8B%E1%85%AE%E1%86%AF-%E1%84%8C%E1%85%B5%E1%84%91%E1%85%A5-%E1%84%8C%E1%85%A2%E1%84%8F%E1%85%B5%E1%86%BA-p02893103.html?v1=545474606,WOMAN,가디건,KNIT CARDIGAN,100% 울 지퍼 재킷,02893103,545474606,545471348,product_page_embedded_analytics,200,false,body_only,false,true,,,NOT_APPLICABLE,STRUCTURED_SOURCE_HINT,cached response reused,c0218fbaaad10bfebf478aa8d653a8a16d7c826702dbb16659adae2e7bfbff1c,cache/545471348.json
women_outer_04391892,2026-08-21T01:13:19.771Z,https://www.zara.com/kr/ko/%E1%84%91%E1%85%A6%E1%84%8B%E1%85%B5%E1%84%8F%E1%85%B3-%E1%84%85%E1%85%A6%E1%84%83%E1%85%A5-%E1%84%8C%E1%85%A5%E1%86%B7%E1%84%91%E1%85%A5-p04391892.html?v1=547008825,WOMAN,스포츠 재킷,T.SHORT-OUTWEAR,페이크 레더 재킷,04391892,547008825,547002700,product_page_embedded_analytics,200,false,body_only,false,true,,,NOT_APPLICABLE,STRUCTURED_SOURCE_HINT,cached response reused,fdb5fdbaa89f046cd3faa23cf829898095b373a2c4c18a06e3a6178ffcb7afd9,cache/547002700.json
women_denim_01934230,2026-08-21T01:13:19.771Z,https://www.zara.com/kr/ko/jeans-z1975-%E1%84%85%E1%85%A9%E1%84%8B%E1%85%AE%E1%84%85%E1%85%A1%E1%84%8B%E1%85%B5%E1%84%8C%E1%85%B3-%E1%84%85%E1%85%A6%E1%84%80%E1%85%B2%E1%86%AF%E1%84%85%E1%85%A5-p01934230.html?v1=585050955,WOMAN,바지,B.FOLDER PANTS,JEANS Z1975 로우라이즈 레귤러,01934230,585050955,545395654,product_page_embedded_analytics,200,false,body_only,false,true,,,NOT_APPLICABLE,STRUCTURED_SOURCE_HINT,cached response reused,04d6396750e070e33cdb9509ab8519f875a4b708293956866b94d628328ff800,cache/545395654.json
women_shorts_04391520,2026-08-21T01:13:19.771Z,https://www.zara.com/kr/ko/%E1%84%87%E1%85%A5%E1%84%90%E1%85%B3%E1%86%AB-%E1%84%91%E1%85%B3%E1%86%AF%E1%84%85%E1%85%B5%E1%84%8E%E1%85%B3-%E1%84%89%E1%85%AD%E1%84%8E%E1%85%B3-p04391520.html?v1=585264213,WOMAN,버뮤다반바지,T.BERMUDAS,버튼 플리츠 쇼츠,04391520,585264213,547261621,product_page_embedded_analytics,200,false,body_only,false,true,,,NOT_APPLICABLE,STRUCTURED_SOURCE_HINT,cached response reused,11f9ecd86eee6e938a7b4c56e8631ab295b856079e1cc39ffdc908b70a0c5bc3,cache/547261621.json
women_blazer_02753522,2026-08-21T01:13:19.771Z,https://www.zara.com/kr/ko/%E1%84%8B%E1%85%A9%E1%84%87%E1%85%A5%E1%84%89%E1%85%A1%E1%84%8B%E1%85%B5%E1%84%8C%E1%85%B3-%E1%84%83%E1%85%A5%E1%84%87%E1%85%B3%E1%86%AF-%E1%84%87%E1%85%B3%E1%84%85%E1%85%A6%E1%84%89%E1%85%B3%E1%84%90%E1%85%B3-%E1%84%87%E1%85%B3%E1%86%AF%E1%84%85%E1%85%A6%E1%84%8B%E1%85%B5%E1%84%8C%E1%85%A5-p02753522.html?v1=585277985,WOMAN,브레이저,B.BLAZER,오버사이즈 더블 브레스트 블레이저,02753522,585277985,545479171,product_page_embedded_analytics,200,false,body_only,false,true,,,NOT_APPLICABLE,STRUCTURED_SOURCE_HINT,cached response reused,a7402de498c80b189f9fefcf0597f9f9b636aa76c3ade7a10ac9ddc186138058,cache/545479171.json
women_skirt_08338537,2026-08-21T01:13:19.771Z,https://www.zara.com/kr/ko/%E1%84%89%E1%85%A2%E1%84%90%E1%85%B5%E1%86%AB-%E1%84%86%E1%85%B5%E1%84%83%E1%85%B5-%E1%84%89%E1%85%B3%E1%84%8F%E1%85%A5%E1%84%90%E1%85%B3-p08338537.html?v1=547002060,WOMAN,치마,T.SKIRT,새틴 미디 스커트,08338537,547002060,546995917,product_page_embedded_analytics,200,false,body_only,false,true,,,NOT_APPLICABLE,STRUCTURED_SOURCE_HINT,cached response reused,11f9ecd86eee6e938a7b4c56e8631ab295b856079e1cc39ffdc908b70a0c5bc3,cache/546995917.json
api_only_garment_control_498702922,2026-08-21T01:13:19.771Z,,UNKNOWN,UNKNOWN,,하트 스탬핑 티셔츠 (Phase 1 API control),,,498702922,phase1_verified_api_only,200,false,garment_measure,true,false,zone-name-arm-width|zone-name-back-width|zone-name-chest|zone-name-front-length|zone-name-sleeve-length,cm|in,PROBABLE,UNKNOWN,cached response reused,1b18d6e486ce5442a170bdd5fb53caea63300b2475929fc97afbf459a7246ea7,cache/498702922.json
