source,product_key,observed_id,product_name,audience,category_path,depth1_name,depth1_code,depth2_name,depth2_code,depth3_name,depth3_code,depth4_name,depth4_code,evidence_url,evidence_source,breadcrumb_evidence_json,unresolved_reason
musinsa,1803235,,,,바지 > 슈트 팬츠/슬랙스,바지,003,슈트 팬츠/슬랙스,003008,,,,,https://goods-detail.musinsa.com/api2/goods/1803235,musinsa_detail_api,,
musinsa,1803462,,,,아우터 > 슈트/블레이저 재킷,아우터,002,슈트/블레이저 재킷,002003,,,,,https://goods-detail.musinsa.com/api2/goods/1803462,musinsa_detail_api,,
musinsa,1884480,,,,바지 > 숏 팬츠,바지,003,숏 팬츠,003009,,,,,https://goods-detail.musinsa.com/api2/goods/1884480,musinsa_detail_api,,
musinsa,2124438,,,,바지 > 슈트 팬츠/슬랙스,바지,003,슈트 팬츠/슬랙스,003008,,,,,https://goods-detail.musinsa.com/api2/goods/2124438,musinsa_detail_api,,
musinsa,2398609,,,,아우터 > 슈트/블레이저 재킷,아우터,002,슈트/블레이저 재킷,002003,,,,,https://goods-detail.musinsa.com/api2/goods/2398609,musinsa_detail_api,,
musinsa,2444810,,,,아우터 > 슈트/블레이저 재킷,아우터,002,슈트/블레이저 재킷,002003,,,,,https://goods-detail.musinsa.com/api2/goods/2444810,musinsa_detail_api,,
musinsa,2578996,,,,바지 > 슈트 팬츠/슬랙스,바지,003,슈트 팬츠/슬랙스,003008,,,,,https://goods-detail.musinsa.com/api2/goods/2578996,musinsa_detail_api,,
musinsa,2609006,,,,바지 > 슈트 팬츠/슬랙스,바지,003,슈트 팬츠/슬랙스,003008,,,,,https://goods-detail.musinsa.com/api2/goods/2609006,musinsa_detail_api,,
musinsa,2737014,,,,아우터 > 사파리/헌팅 재킷,아우터,002,사파리/헌팅 재킷,002014,,,,,https://goods-detail.musinsa.com/api2/goods/2737014,musinsa_detail_api,,
musinsa,2796118,,,,바지 > 데님 팬츠,바지,003,데님 팬츠,003002,,,,,https://goods-detail.musinsa.com/api2/goods/2796118,musinsa_detail_api,,
musinsa,3132891,,,,상의 > 반소매 티셔츠,상의,001,반소매 티셔츠,001001,,,,,https://goods-detail.musinsa.com/api2/goods/3132891,musinsa_detail_api,,
musinsa,3135305,,,,원피스/스커트 > 롱스커트,원피스/스커트,100,롱스커트,100006,,,,,https://goods-detail.musinsa.com/api2/goods/3135305,musinsa_detail_api,,
musinsa,3154695,,,,바지 > 슈트 팬츠/슬랙스,바지,003,슈트 팬츠/슬랙스,003008,,,,,https://goods-detail.musinsa.com/api2/goods/3154695,musinsa_detail_api,,
musinsa,3182421,,,,상의 > 반소매 티셔츠,상의,001,반소매 티셔츠,001001,,,,,https://goods-detail.musinsa.com/api2/goods/3182421,musinsa_detail_api,,
musinsa,3201942,,,,바지 > 데님 팬츠,바지,003,데님 팬츠,003002,,,,,https://goods-detail.musinsa.com/api2/goods/3201942,musinsa_detail_api,,
musinsa,3298849,,,,바지 > 코튼 팬츠,바지,003,코튼 팬츠,003007,,,,,https://goods-detail.musinsa.com/api2/goods/3298849,musinsa_detail_api,,
musinsa,3776694,,,,아우터 > 나일론/코치 재킷,아우터,002,나일론/코치 재킷,002006,,,,,https://goods-detail.musinsa.com/api2/goods/3776694,musinsa_detail_api,,
musinsa,3791988,,,,바지 > 데님 팬츠,바지,003,데님 팬츠,003002,,,,,https://goods-detail.musinsa.com/api2/goods/3791988,musinsa_detail_api,,
musinsa,3812607,,,,상의 > 반소매 티셔츠,상의,001,반소매 티셔츠,001001,,,,,https://goods-detail.musinsa.com/api2/goods/3812607,musinsa_detail_api,,
musinsa,4043491,,,,원피스/스커트 > 미니원피스,원피스/스커트,100,미니원피스,100001,,,,,https://goods-detail.musinsa.com/api2/goods/4043491,musinsa_detail_api,,
uniqlo,E422992,E422992-000,,MEN,티셔츠 & 스웨트셔츠 & UT > 티셔츠 (반팔 & 긴팔) > 반팔,티셔츠 & 스웨트셔츠 & UT,57967,티셔츠 (반팔 & 긴팔),58039,반팔,58395,,,https://www.uniqlo.com/kr/ko/products/E422992-000/00,uniqlo_hydration,"[{""role"":""gender"",""id"":""57893"",""name"":""men"",""locale"":""MEN"",""level"":1,""raw_order"":0},{""role"":""class"",""id"":""57967"",""name"":""tops"",""locale"":""티셔츠 & 스웨트셔츠 & UT"",""level"":2,""raw_order"":1},{""role"":""category"",""id"":""58039"",""name"":""t shirts"",""locale"":""티셔츠 (반팔 & 긴팔)"",""level"":3,""raw_order"":2},{""role"":""subcategory"",""id"":""58395"",""name"":""short sleeve"",""locale"":""반팔"",""level"":4,""raw_order"":3}]",
uniqlo,E424873,E424873-000,,WOMEN,티셔츠 & UT > 티셔츠 (반팔 & 긴팔) > 반팔,티셔츠 & UT,57959,티셔츠 (반팔 & 긴팔),57995,반팔,58144,,,https://www.uniqlo.com/kr/ko/products/E424873-000/00,uniqlo_hydration,"[{""role"":""gender"",""id"":""57892"",""name"":""women"",""locale"":""WOMEN"",""level"":1,""raw_order"":0},{""role"":""class"",""id"":""57959"",""name"":""tops"",""locale"":""티셔츠 & UT"",""level"":2,""raw_order"":1},{""role"":""category"",""id"":""57995"",""name"":""t shirts"",""locale"":""티셔츠 (반팔 & 긴팔)"",""level"":3,""raw_order"":2},{""role"":""subcategory"",""id"":""58144"",""name"":""half sleeve"",""locale"":""반팔"",""level"":4,""raw_order"":3}]",
uniqlo,E444557,E444557-000,,MEN,아우터 > 감탄 재킷 > 감탄 재킷 (라이트),아우터,57966,감탄 재킷,58036,감탄 재킷 (라이트),58376,,,https://www.uniqlo.com/kr/ko/products/E444557-000/00,uniqlo_hydration,"[{""role"":""gender"",""id"":""57893"",""name"":""men"",""locale"":""MEN"",""level"":1,""raw_order"":0},{""role"":""class"",""id"":""57966"",""name"":""outerwear"",""locale"":""아우터"",""level"":2,""raw_order"":1},{""role"":""category"",""id"":""58036"",""name"":""gamtan jackets"",""locale"":""감탄 재킷"",""level"":3,""raw_order"":2},{""role"":""subcategory"",""id"":""58376"",""name"":""cotton"",""locale"":""감탄 재킷 (라이트)"",""level"":4,""raw_order"":3}]",
uniqlo,E444557,E444557-001,,MEN,아우터 > 감탄 재킷 > 감탄 재킷 (라이트),아우터,57966,감탄 재킷,58036,감탄 재킷 (라이트),58376,,,https://www.uniqlo.com/kr/ko/products/E444557-001/00,uniqlo_hydration,"[{""role"":""gender"",""id"":""57893"",""name"":""men"",""locale"":""MEN"",""level"":1,""raw_order"":0},{""role"":""class"",""id"":""57966"",""name"":""outerwear"",""locale"":""아우터"",""level"":2,""raw_order"":1},{""role"":""category"",""id"":""58036"",""name"":""gamtan jackets"",""locale"":""감탄 재킷"",""level"":3,""raw_order"":2},{""role"":""subcategory"",""id"":""58376"",""name"":""cotton"",""locale"":""감탄 재킷 (라이트)"",""level"":4,""raw_order"":3}]",
uniqlo,E448034,E448034-000,,MEN,아우터 > 감탄 재킷 > 감탄 재킷,아우터,57966,감탄 재킷,58036,감탄 재킷,58375,,,https://www.uniqlo.com/kr/ko/products/E448034-000/00,uniqlo_hydration,"[{""role"":""gender"",""id"":""57893"",""name"":""men"",""locale"":""MEN"",""level"":1,""raw_order"":0},{""role"":""class"",""id"":""57966"",""name"":""outerwear"",""locale"":""아우터"",""level"":2,""raw_order"":1},{""role"":""category"",""id"":""58036"",""name"":""gamtan jackets"",""locale"":""감탄 재킷"",""level"":3,""raw_order"":2},{""role"":""subcategory"",""id"":""58375"",""name"":""wool"",""locale"":""감탄 재킷"",""level"":4,""raw_order"":3}]",
uniqlo,E448039,E448039-000,,MEN,아우터 > 감탄 재킷 > 감탄 재킷 (CUSTOM ORDER),아우터,57966,감탄 재킷,58036,감탄 재킷 (CUSTOM ORDER),116908,,,https://www.uniqlo.com/kr/ko/products/E448039-000/00,uniqlo_hydration,"[{""role"":""gender"",""id"":""57893"",""name"":""men"",""locale"":""MEN"",""level"":1,""raw_order"":0},{""role"":""class"",""id"":""57966"",""name"":""outerwear"",""locale"":""아우터"",""level"":2,""raw_order"":1},{""role"":""category"",""id"":""58036"",""name"":""gamtan jackets"",""locale"":""감탄 재킷"",""level"":3,""raw_order"":2},{""role"":""subcategory"",""id"":""116908"",""name"":""uniqlo custom order"",""locale"":""감탄 재킷 (CUSTOM ORDER)"",""level"":4,""raw_order"":3}]",
uniqlo,E448040,E448040-000,,MEN,아우터 > 감탄 재킷 > 감탄 재킷 (CUSTOM ORDER),아우터,57966,감탄 재킷,58036,감탄 재킷 (CUSTOM ORDER),116908,,,https://www.uniqlo.com/kr/ko/products/E448040-000/00,uniqlo_hydration,"[{""role"":""gender"",""id"":""57893"",""name"":""men"",""locale"":""MEN"",""level"":1,""raw_order"":0},{""role"":""class"",""id"":""57966"",""name"":""outerwear"",""locale"":""아우터"",""level"":2,""raw_order"":1},{""role"":""category"",""id"":""58036"",""name"":""gamtan jackets"",""locale"":""감탄 재킷"",""level"":3,""raw_order"":2},{""role"":""subcategory"",""id"":""116908"",""name"":""uniqlo custom order"",""locale"":""감탄 재킷 (CUSTOM ORDER)"",""level"":4,""raw_order"":3}]",
uniqlo,E448041,E448041-000,,MEN,아우터 > 감탄 재킷 > 감탄 재킷 (CUSTOM ORDER),아우터,57966,감탄 재킷,58036,감탄 재킷 (CUSTOM ORDER),116908,,,https://www.uniqlo.com/kr/ko/products/E448041-000/00,uniqlo_hydration,"[{""role"":""gender"",""id"":""57893"",""name"":""men"",""locale"":""MEN"",""level"":1,""raw_order"":0},{""role"":""class"",""id"":""57966"",""name"":""outerwear"",""locale"":""아우터"",""level"":2,""raw_order"":1},{""role"":""category"",""id"":""58036"",""name"":""gamtan jackets"",""locale"":""감탄 재킷"",""level"":3,""raw_order"":2},{""role"":""subcategory"",""id"":""116908"",""name"":""uniqlo custom order"",""locale"":""감탄 재킷 (CUSTOM ORDER)"",""level"":4,""raw_order"":3}]",
uniqlo,E448042,E448042-000,,MEN,아우터 > 감탄 재킷 > 감탄 재킷 (CUSTOM ORDER),아우터,57966,감탄 재킷,58036,감탄 재킷 (CUSTOM ORDER),116908,,,https://www.uniqlo.com/kr/ko/products/E448042-000/00,uniqlo_hydration,"[{""role"":""gender"",""id"":""57893"",""name"":""men"",""locale"":""MEN"",""level"":1,""raw_order"":0},{""role"":""class"",""id"":""57966"",""name"":""outerwear"",""locale"":""아우터"",""level"":2,""raw_order"":1},{""role"":""category"",""id"":""58036"",""name"":""gamtan jackets"",""locale"":""감탄 재킷"",""level"":3,""raw_order"":2},{""role"":""subcategory"",""id"":""116908"",""name"":""uniqlo custom order"",""locale"":""감탄 재킷 (CUSTOM ORDER)"",""level"":4,""raw_order"":3}]",
uniqlo,E448043,E448043-000,,MEN,아우터 > 감탄 재킷 > 감탄 재킷 (CUSTOM ORDER),아우터,57966,감탄 재킷,58036,감탄 재킷 (CUSTOM ORDER),116908,,,https://www.uniqlo.com/kr/ko/products/E448043-000/00,uniqlo_hydration,"[{""role"":""gender"",""id"":""57893"",""name"":""men"",""locale"":""MEN"",""level"":1,""raw_order"":0},{""role"":""class"",""id"":""57966"",""name"":""outerwear"",""locale"":""아우터"",""level"":2,""raw_order"":1},{""role"":""category"",""id"":""58036"",""name"":""gamtan jackets"",""locale"":""감탄 재킷"",""level"":3,""raw_order"":2},{""role"":""subcategory"",""id"":""116908"",""name"":""uniqlo custom order"",""locale"":""감탄 재킷 (CUSTOM ORDER)"",""level"":4,""raw_order"":3}]",
uniqlo,E448044,E448044-000,,MEN,아우터 > 감탄 재킷 > 감탄 재킷 (CUSTOM ORDER),아우터,57966,감탄 재킷,58036,감탄 재킷 (CUSTOM ORDER),116908,,,https://www.uniqlo.com/kr/ko/products/E448044-000/00,uniqlo_hydration,"[{""role"":""gender"",""id"":""57893"",""name"":""men"",""locale"":""MEN"",""level"":1,""raw_order"":0},{""role"":""class"",""id"":""57966"",""name"":""outerwear"",""locale"":""아우터"",""level"":2,""raw_order"":1},{""role"":""category"",""id"":""58036"",""name"":""gamtan jackets"",""locale"":""감탄 재킷"",""level"":3,""raw_order"":2},{""role"":""subcategory"",""id"":""116908"",""name"":""uniqlo custom order"",""locale"":""감탄 재킷 (CUSTOM ORDER)"",""level"":4,""raw_order"":3}]",
uniqlo,E448045,E448045-000,,MEN,아우터 > 감탄 재킷 > 감탄 재킷 (CUSTOM ORDER),아우터,57966,감탄 재킷,58036,감탄 재킷 (CUSTOM ORDER),116908,,,https://www.uniqlo.com/kr/ko/products/E448045-000/00,uniqlo_hydration,"[{""role"":""gender"",""id"":""57893"",""name"":""men"",""locale"":""MEN"",""level"":1,""raw_order"":0},{""role"":""class"",""id"":""57966"",""name"":""outerwear"",""locale"":""아우터"",""level"":2,""raw_order"":1},{""role"":""category"",""id"":""58036"",""name"":""gamtan jackets"",""locale"":""감탄 재킷"",""level"":3,""raw_order"":2},{""role"":""subcategory"",""id"":""116908"",""name"":""uniqlo custom order"",""locale"":""감탄 재킷 (CUSTOM ORDER)"",""level"":4,""raw_order"":3}]",
uniqlo,E450179,E450179-000,,MEN,티셔츠 & 스웨트셔츠 & UT > 티셔츠 (반팔 & 긴팔) > 긴팔,티셔츠 & 스웨트셔츠 & UT,57967,티셔츠 (반팔 & 긴팔),58039,긴팔,58394,,,https://www.uniqlo.com/kr/ko/products/E450179-000/00,uniqlo_hydration,"[{""role"":""gender"",""id"":""57893"",""name"":""men"",""locale"":""MEN"",""level"":1,""raw_order"":0},{""role"":""class"",""id"":""57967"",""name"":""tops"",""locale"":""티셔츠 & 스웨트셔츠 & UT"",""level"":2,""raw_order"":1},{""role"":""category"",""id"":""58039"",""name"":""t shirts"",""locale"":""티셔츠 (반팔 & 긴팔)"",""level"":3,""raw_order"":2},{""role"":""subcategory"",""id"":""58394"",""name"":""long sleeve"",""locale"":""긴팔"",""level"":4,""raw_order"":3}]",
uniqlo,E450195,E450195-000,,MEN,아우터 > 파카 & 블루종 > 후리스,아우터,57966,파카 & 블루종,58035,후리스,98333,,,https://www.uniqlo.com/kr/ko/products/E450195-000/00,uniqlo_hydration,"[{""role"":""gender"",""id"":""57893"",""name"":""men"",""locale"":""MEN"",""level"":1,""raw_order"":0},{""role"":""class"",""id"":""57966"",""name"":""outerwear"",""locale"":""아우터"",""level"":2,""raw_order"":1},{""role"":""category"",""id"":""58035"",""name"":""parkas and blousons"",""locale"":""파카 & 블루종"",""level"":3,""raw_order"":2},{""role"":""subcategory"",""id"":""98333"",""name"":""fleece"",""locale"":""후리스"",""level"":4,""raw_order"":3}]",
uniqlo,E455365,E455365-000,,MEN,티셔츠 & 스웨트셔츠 & UT > 티셔츠 (반팔 & 긴팔) > 반팔,티셔츠 & 스웨트셔츠 & UT,57967,티셔츠 (반팔 & 긴팔),58039,반팔,58395,,,https://www.uniqlo.com/kr/ko/products/E455365-000/00,uniqlo_hydration,"[{""role"":""gender"",""id"":""57893"",""name"":""men"",""locale"":""MEN"",""level"":1,""raw_order"":0},{""role"":""class"",""id"":""57967"",""name"":""tops"",""locale"":""티셔츠 & 스웨트셔츠 & UT"",""level"":2,""raw_order"":1},{""role"":""category"",""id"":""58039"",""name"":""t shirts"",""locale"":""티셔츠 (반팔 & 긴팔)"",""level"":3,""raw_order"":2},{""role"":""subcategory"",""id"":""58395"",""name"":""short sleeve"",""locale"":""반팔"",""level"":4,""raw_order"":3}]",
uniqlo,E457111,E457111-000,,MEN,티셔츠 & 스웨트셔츠 & UT > PEACE FOR ALL > 그래픽 티셔츠,티셔츠 & 스웨트셔츠 & UT,57967,PEACE FOR ALL,58950,그래픽 티셔츠,58951,,,https://www.uniqlo.com/kr/ko/products/E457111-000/00,uniqlo_hydration,"[{""role"":""gender"",""id"":""57893"",""name"":""men"",""locale"":""MEN"",""level"":1,""raw_order"":0},{""role"":""class"",""id"":""57967"",""name"":""tops"",""locale"":""티셔츠 & 스웨트셔츠 & UT"",""level"":2,""raw_order"":1},{""role"":""category"",""id"":""58950"",""name"":""peace for all"",""locale"":""PEACE FOR ALL"",""level"":3,""raw_order"":2},{""role"":""subcategory"",""id"":""58951"",""name"":""graphic tees"",""locale"":""그래픽 티셔츠"",""level"":4,""raw_order"":3}]",
uniqlo,E457119,E457119-000,,MEN,티셔츠 & 스웨트셔츠 & UT > PEACE FOR ALL > 그래픽 티셔츠,티셔츠 & 스웨트셔츠 & UT,57967,PEACE FOR ALL,58950,그래픽 티셔츠,58951,,,https://www.uniqlo.com/kr/ko/products/E457119-000/00,uniqlo_hydration,"[{""role"":""gender"",""id"":""57893"",""name"":""men"",""locale"":""MEN"",""level"":1,""raw_order"":0},{""role"":""class"",""id"":""57967"",""name"":""tops"",""locale"":""티셔츠 & 스웨트셔츠 & UT"",""level"":2,""raw_order"":1},{""role"":""category"",""id"":""58950"",""name"":""peace for all"",""locale"":""PEACE FOR ALL"",""level"":3,""raw_order"":2},{""role"":""subcategory"",""id"":""58951"",""name"":""graphic tees"",""locale"":""그래픽 티셔츠"",""level"":4,""raw_order"":3}]",
uniqlo,E457120,E457120-000,,MEN,티셔츠 & 스웨트셔츠 & UT > PEACE FOR ALL > 그래픽 티셔츠,티셔츠 & 스웨트셔츠 & UT,57967,PEACE FOR ALL,58950,그래픽 티셔츠,58951,,,https://www.uniqlo.com/kr/ko/products/E457120-000/00,uniqlo_hydration,"[{""role"":""gender"",""id"":""57893"",""name"":""men"",""locale"":""MEN"",""level"":1,""raw_order"":0},{""role"":""class"",""id"":""57967"",""name"":""tops"",""locale"":""티셔츠 & 스웨트셔츠 & UT"",""level"":2,""raw_order"":1},{""role"":""category"",""id"":""58950"",""name"":""peace for all"",""locale"":""PEACE FOR ALL"",""level"":3,""raw_order"":2},{""role"":""subcategory"",""id"":""58951"",""name"":""graphic tees"",""locale"":""그래픽 티셔츠"",""level"":4,""raw_order"":3}]",
uniqlo,E457122,E457122-000,,MEN,티셔츠 & 스웨트셔츠 & UT > PEACE FOR ALL > 그래픽 티셔츠,티셔츠 & 스웨트셔츠 & UT,57967,PEACE FOR ALL,58950,그래픽 티셔츠,58951,,,https://www.uniqlo.com/kr/ko/products/E457122-000/00,uniqlo_hydration,"[{""role"":""gender"",""id"":""57893"",""name"":""men"",""locale"":""MEN"",""level"":1,""raw_order"":0},{""role"":""class"",""id"":""57967"",""name"":""tops"",""locale"":""티셔츠 & 스웨트셔츠 & UT"",""level"":2,""raw_order"":1},{""role"":""category"",""id"":""58950"",""name"":""peace for all"",""locale"":""PEACE FOR ALL"",""level"":3,""raw_order"":2},{""role"":""subcategory"",""id"":""58951"",""name"":""graphic tees"",""locale"":""그래픽 티셔츠"",""level"":4,""raw_order"":3}]",
uniqlo,E457517,E457517-000,,MEN,티셔츠 & 스웨트셔츠 & UT > 티셔츠 (반팔 & 긴팔) > 에어리즘 코튼,티셔츠 & 스웨트셔츠 & UT,57967,티셔츠 (반팔 & 긴팔),58039,에어리즘 코튼,58390,,,https://www.uniqlo.com/kr/ko/products/E457517-000/00,uniqlo_hydration,"[{""role"":""gender"",""id"":""57893"",""name"":""men"",""locale"":""MEN"",""level"":1,""raw_order"":0},{""role"":""class"",""id"":""57967"",""name"":""tops"",""locale"":""티셔츠 & 스웨트셔츠 & UT"",""level"":2,""raw_order"":1},{""role"":""category"",""id"":""58039"",""name"":""t shirts"",""locale"":""티셔츠 (반팔 & 긴팔)"",""level"":3,""raw_order"":2},{""role"":""subcategory"",""id"":""58390"",""name"":""arism cotton"",""locale"":""에어리즘 코튼"",""level"":4,""raw_order"":3}]",
