source,category_id,category_path,observed_products,measurement_fields,category_source_capture,measurement_source_capture
musinsa,,Clothing > 니트/스웨터,1,4,Docs/TestEvidence/MusinsaCatalogIncremental/runs/20260815-115051/new_products/raw/musinsa/product/6341391.json,Docs/TestEvidence/MusinsaCatalogIncremental/runs/20260815-115051/new_products/raw/musinsa/actual_size/6341391.json
musinsa,,Clothing > 무스탕/퍼,1,4,Docs/TestEvidence/MusinsaCatalogIncremental/runs/20260815-115051/new_products/raw/musinsa/product/5673055.json,Docs/TestEvidence/MusinsaCatalogIncremental/runs/20260815-115051/new_products/raw/musinsa/actual_size/5673055.json
musinsa,,Clothing > 바지 > 기타 바지,5,6,Docs/TestEvidence/MusinsaCatalogIncremental/runs/20260815-115051/new_products/raw/musinsa/product/3346165.json,Docs/TestEvidence/MusinsaCatalogIncremental/runs/20260815-115051/new_products/raw/musinsa/actual_size/3346165.json
musinsa,,Clothing > 바지 > 숏팬츠,11,6,Docs/TestEvidence/MusinsaCatalogIncremental/runs/20260815-115051/new_products/raw/musinsa/product/3225860.json,Docs/TestEvidence/MusinsaCatalogIncremental/runs/20260815-115051/new_products/raw/musinsa/actual_size/3225860.json
musinsa,,Clothing > 바지 > 슈트 팬츠/슬랙스,4,6,Docs/TestEvidence/MusinsaCatalogIncremental/runs/20260815-115051/new_products/raw/musinsa/product/2518490.json,Docs/TestEvidence/MusinsaCatalogIncremental/runs/20260815-115051/new_products/raw/musinsa/actual_size/2518490.json
musinsa,,Clothing > 바지 > 조거 팬츠,1,6,Docs/TestEvidence/MusinsaCatalogIncremental/runs/20260818-152745/new_products/raw/musinsa/product/3503598.json,Docs/TestEvidence/MusinsaCatalogIncremental/runs/20260818-152745/new_products/raw/musinsa/actual_size/3503598.json
musinsa,,Clothing > 바지 > 청/데님 팬츠,11,6,Docs/TestEvidence/MusinsaCatalogIncremental/runs/20260815-115051/new_products/raw/musinsa/product/2447802.json,Docs/TestEvidence/MusinsaCatalogIncremental/runs/20260815-115051/new_products/raw/musinsa/actual_size/2447802.json
musinsa,,Clothing > 바지 > 코튼 팬츠,8,6,Docs/TestEvidence/MusinsaCatalogIncremental/runs/20260815-115051/new_products/raw/musinsa/product/4747236.json,Docs/TestEvidence/MusinsaCatalogIncremental/runs/20260815-115051/new_products/raw/musinsa/actual_size/4747236.json
musinsa,,Clothing > 바지 > 트레이닝 팬츠,5,6,Docs/TestEvidence/MusinsaCatalogIncremental/runs/20260815-115051/new_products/raw/musinsa/product/6702426.json,Docs/TestEvidence/MusinsaCatalogIncremental/runs/20260815-115051/new_products/raw/musinsa/actual_size/6702426.json
musinsa,,Clothing > 블라우스,2,3,Docs/TestEvidence/MusinsaCatalogIncremental/runs/20260815-115051/new_products/raw/musinsa/product/5661658.json,Docs/TestEvidence/MusinsaCatalogIncremental/runs/20260815-115051/new_products/raw/musinsa/actual_size/5661658.json
musinsa,,Clothing > 셔츠/남방 > 캐주얼 셔츠,7,3,Docs/TestEvidence/MusinsaCatalogIncremental/runs/20260815-115051/new_products/raw/musinsa/product/6777736.json,Docs/TestEvidence/MusinsaCatalogIncremental/runs/20260815-115051/new_products/raw/musinsa/actual_size/6777736.json
musinsa,,Clothing > 스커트 > 롱스커트,10,4,Docs/TestEvidence/MusinsaCatalogIncremental/runs/20260815-115051/new_products/raw/musinsa/product/4664068.json,Docs/TestEvidence/MusinsaCatalogIncremental/runs/20260815-115051/new_products/raw/musinsa/actual_size/4664068.json
musinsa,,Clothing > 스커트 > 미니스커트,3,4,Docs/TestEvidence/MusinsaCatalogIncremental/runs/20260815-115051/new_products/raw/musinsa/product/3144417.json,Docs/TestEvidence/MusinsaCatalogIncremental/runs/20260815-115051/new_products/raw/musinsa/actual_size/3144417.json
musinsa,,Clothing > 스커트 > 미디스커트,4,4,Docs/TestEvidence/MusinsaCatalogIncremental/runs/20260815-115051/new_products/raw/musinsa/product/5698179.json,Docs/TestEvidence/MusinsaCatalogIncremental/runs/20260815-115051/new_products/raw/musinsa/actual_size/5698179.json
musinsa,,Clothing > 원피스 > 맥시 원피스,11,5,Docs/TestEvidence/MusinsaCatalogIncremental/runs/20260815-115051/new_products/raw/musinsa/product/3442344.json,Docs/TestEvidence/MusinsaCatalogIncremental/runs/20260815-115051/new_products/raw/musinsa/actual_size/3442344.json
musinsa,,Clothing > 원피스 > 미니 원피스,16,5,Docs/TestEvidence/MusinsaCatalogIncremental/runs/20260815-115051/new_products/raw/musinsa/product/5322326.json,Docs/TestEvidence/MusinsaCatalogIncremental/runs/20260815-115051/new_products/raw/musinsa/actual_size/5322326.json
musinsa,,Clothing > 원피스 > 미디 원피스,3,4,Docs/TestEvidence/MusinsaCatalogIncremental/runs/20260815-115051/new_products/raw/musinsa/product/5795942.json,Docs/TestEvidence/MusinsaCatalogIncremental/runs/20260815-115051/new_products/raw/musinsa/actual_size/5795942.json
musinsa,,Clothing > 점퍼/재킷 > 나일론/코치 재킷,35,4,Docs/TestEvidence/MusinsaCatalogIncremental/runs/20260815-115051/new_products/raw/musinsa/product/3822928.json,Docs/TestEvidence/MusinsaCatalogIncremental/runs/20260815-115051/new_products/raw/musinsa/actual_size/3822928.json
musinsa,,Clothing > 점퍼/재킷 > 데님/트러커 재킷,1,4,Docs/TestEvidence/MusinsaCatalogIncremental/runs/20260815-115051/new_products/raw/musinsa/product/6702453.json,Docs/TestEvidence/MusinsaCatalogIncremental/runs/20260815-115051/new_products/raw/musinsa/actual_size/6702453.json
musinsa,,Clothing > 점퍼/재킷 > 레더/라이더스 재킷,2,4,Docs/TestEvidence/MusinsaCatalogIncremental/runs/20260815-115051/new_products/raw/musinsa/product/3042005.json,Docs/TestEvidence/MusinsaCatalogIncremental/runs/20260815-115051/new_products/raw/musinsa/actual_size/3042005.json
musinsa,,Clothing > 점퍼/재킷 > 사파리/헌팅 재킷,1,4,Docs/TestEvidence/MusinsaCatalogIncremental/runs/20260815-115051/new_products/raw/musinsa/product/2737014.json,Docs/TestEvidence/MusinsaCatalogIncremental/runs/20260815-115051/new_products/raw/musinsa/actual_size/2737014.json
musinsa,,Clothing > 점퍼/재킷 > 아노락 재킷,1,4,Docs/TestEvidence/MusinsaCatalogIncremental/runs/20260815-115051/new_products/raw/musinsa/product/6800367.json,Docs/TestEvidence/MusinsaCatalogIncremental/runs/20260815-115051/new_products/raw/musinsa/actual_size/6800367.json
musinsa,,Clothing > 점퍼/재킷 > 트레이닝 재킷,2,4,Docs/TestEvidence/MusinsaCatalogIncremental/runs/20260815-115051/new_products/raw/musinsa/product/6686197.json,Docs/TestEvidence/MusinsaCatalogIncremental/runs/20260815-115051/new_products/raw/musinsa/actual_size/6686197.json
musinsa,,Clothing > 점퍼/재킷 > 플리스,2,4,Docs/TestEvidence/MusinsaCatalogIncremental/runs/20260815-115051/new_products/raw/musinsa/product/5343592.json,Docs/TestEvidence/MusinsaCatalogIncremental/runs/20260815-115051/new_products/raw/musinsa/actual_size/5343592.json
musinsa,,Clothing > 점퍼/재킷 > 항공 점퍼/블루종/MA-1,3,4,Docs/TestEvidence/MusinsaCatalogIncremental/runs/20260815-115051/new_products/raw/musinsa/product/6021332.json,Docs/TestEvidence/MusinsaCatalogIncremental/runs/20260815-115051/new_products/raw/musinsa/actual_size/6021332.json
musinsa,,Clothing > 카디건,5,4,Docs/TestEvidence/MusinsaCatalogIncremental/runs/20260815-115051/new_products/raw/musinsa/product/5070728.json,Docs/TestEvidence/MusinsaCatalogIncremental/runs/20260815-115051/new_products/raw/musinsa/actual_size/5070728.json
musinsa,,Clothing > 코트 > 겨울 싱글 코트,3,4,Docs/TestEvidence/MusinsaCatalogIncremental/runs/20260815-115051/new_products/raw/musinsa/product/5489923.json,Docs/TestEvidence/MusinsaCatalogIncremental/runs/20260815-115051/new_products/raw/musinsa/actual_size/5489923.json
musinsa,,Clothing > 티셔츠 > 긴소매 티셔츠,6,4,Docs/TestEvidence/MusinsaCatalogIncremental/runs/20260815-115051/new_products/raw/musinsa/product/6595807.json,Docs/TestEvidence/MusinsaCatalogIncremental/runs/20260815-115051/new_products/raw/musinsa/actual_size/6595807.json
musinsa,,Clothing > 티셔츠 > 나시/민소매 티셔츠,7,2,Docs/TestEvidence/MusinsaCatalogIncremental/runs/20260815-115051/new_products/raw/musinsa/product/6716197.json,Docs/TestEvidence/MusinsaCatalogIncremental/runs/20260815-115051/new_products/raw/musinsa/actual_size/6716197.json
musinsa,,Clothing > 티셔츠 > 반소매 티셔츠,20,4,Docs/TestEvidence/MusinsaCatalogIncremental/runs/20260815-115051/new_products/raw/musinsa/product/4341120.json,Docs/TestEvidence/MusinsaCatalogIncremental/runs/20260815-115051/new_products/raw/musinsa/actual_size/4341120.json
musinsa,,Clothing > 티셔츠 > 피케/카라 티셔츠,1,4,Docs/TestEvidence/MusinsaCatalogIncremental/runs/20260815-115051/new_products/raw/musinsa/product/6849281.json,Docs/TestEvidence/MusinsaCatalogIncremental/runs/20260815-115051/new_products/raw/musinsa/actual_size/6849281.json
musinsa,,Clothing > 패딩/헤비 아우터 > 숏 패딩/숏 헤비 아우터,4,4,Docs/TestEvidence/MusinsaCatalogIncremental/runs/20260815-115051/new_products/raw/musinsa/product/6957088.json,Docs/TestEvidence/MusinsaCatalogIncremental/runs/20260815-115051/new_products/raw/musinsa/actual_size/6957088.json
musinsa,,Clothing > 패딩/헤비 아우터 > 하프 패딩/하프 헤비 아우터,1,4,Docs/TestEvidence/MusinsaCatalogIncremental/runs/20260815-115051/new_products/raw/musinsa/product/6960215.json,Docs/TestEvidence/MusinsaCatalogIncremental/runs/20260815-115051/new_products/raw/musinsa/actual_size/6960215.json
musinsa,,Clothing > 후드 집업,5,4,Docs/TestEvidence/MusinsaCatalogIncremental/runs/20260815-115051/new_products/raw/musinsa/product/5329359.json,Docs/TestEvidence/MusinsaCatalogIncremental/runs/20260815-115051/new_products/raw/musinsa/actual_size/5329359.json
musinsa,,Sportswear > 상의 > 긴소매 티셔츠,1,4,Docs/TestEvidence/MusinsaCatalogIncremental/runs/20260815-115051/new_products/raw/musinsa/product/6812676.json,Docs/TestEvidence/MusinsaCatalogIncremental/runs/20260815-115051/new_products/raw/musinsa/actual_size/6812676.json
musinsa,,Sportswear > 상의 > 나시/민소매 티셔츠,2,2,Docs/TestEvidence/MusinsaCatalogIncremental/runs/20260815-115051/new_products/raw/musinsa/product/6781113.json,Docs/TestEvidence/MusinsaCatalogIncremental/runs/20260815-115051/new_products/raw/musinsa/actual_size/6781113.json
musinsa,,Sportswear > 상의 > 맨투맨/스웨트셔츠,1,0,Docs/TestEvidence/MusinsaCatalogIncremental/runs/20260815-115051/new_products/raw/musinsa/product/6932766.json,Docs/TestEvidence/MusinsaCatalogIncremental/runs/20260815-115051/new_products/raw/musinsa/actual_size/6932766.json
musinsa,,Sportswear > 상의 > 반소매 티셔츠,3,4,Docs/TestEvidence/MusinsaCatalogIncremental/runs/20260815-115051/new_products/raw/musinsa/product/6842612.json,Docs/TestEvidence/MusinsaCatalogIncremental/runs/20260815-115051/new_products/raw/musinsa/actual_size/6842612.json
musinsa,,Sportswear > 아우터 > 나일론/코치 재킷,10,4,Docs/TestEvidence/MusinsaCatalogIncremental/runs/20260815-115051/new_products/raw/musinsa/product/6764812.json,Docs/TestEvidence/MusinsaCatalogIncremental/runs/20260815-115051/new_products/raw/musinsa/actual_size/6764812.json
musinsa,,Sportswear > 아우터 > 아노락 재킷,1,0,Docs/TestEvidence/MusinsaCatalogIncremental/runs/20260815-115051/new_products/raw/musinsa/product/6987932.json,Docs/TestEvidence/MusinsaCatalogIncremental/runs/20260815-115051/new_products/raw/musinsa/actual_size/6987932.json
musinsa,,Sportswear > 아우터 > 플리스,5,0,Docs/TestEvidence/MusinsaCatalogIncremental/runs/20260815-115051/new_products/raw/musinsa/product/6829741.json,Docs/TestEvidence/MusinsaCatalogIncremental/runs/20260815-115051/new_products/raw/musinsa/actual_size/6829741.json
musinsa,,Sportswear > 아우터 > 하프 패딩/하프 헤비 아우터,4,3,Docs/TestEvidence/MusinsaCatalogIncremental/runs/20260815-115051/new_products/raw/musinsa/product/6908583.json,Docs/TestEvidence/MusinsaCatalogIncremental/runs/20260815-115051/new_products/raw/musinsa/actual_size/6908583.json
musinsa,,Sportswear > 하의 > 숏팬츠,1,0,Docs/TestEvidence/MusinsaCatalogIncremental/runs/20260815-115051/new_products/raw/musinsa/product/6884177.json,Docs/TestEvidence/MusinsaCatalogIncremental/runs/20260815-115051/new_products/raw/musinsa/actual_size/6884177.json
musinsa,,Sportswear > 하의 > 트레이닝 팬츠,1,4,Docs/TestEvidence/MusinsaCatalogIncremental/runs/20260815-115051/new_products/raw/musinsa/product/6907230.json,Docs/TestEvidence/MusinsaCatalogIncremental/runs/20260815-115051/new_products/raw/musinsa/actual_size/6907230.json
uniqlo,,GU > 원피스 & 스커트 > 스커트,1,3,Docs/TestEvidence/UniqloCatalogIncremental/runs/20260818-152230/new_products/clothing_product_manifest.json,Docs/TestEvidence/UniqloCatalogIncremental/runs/20260818-152230/new_products/raw/uniqlo/size_charts/E486689.json
uniqlo,,GU > 팬츠 > 팬츠,1,6,Docs/TestEvidence/UniqloCatalogIncremental/runs/20260815-111623/new_products/clothing_product_manifest.json,Docs/TestEvidence/UniqloCatalogIncremental/runs/20260815-111623/new_products/raw/uniqlo/size_charts/E486724.json
uniqlo,,UV Protection > 팬츠 & 레깅스 > 팬츠,1,6,Docs/TestEvidence/UniqloCatalogIncremental/runs/20260815-111623/new_products/clothing_product_manifest.json,Docs/TestEvidence/UniqloCatalogIncremental/runs/20260815-111623/new_products/raw/uniqlo/size_charts/E483001.json
uniqlo,,남아 & 공용 > 이너웨어 > 언더웨어,1,3,Docs/TestEvidence/UniqloCatalogIncremental/runs/20260815-111623/new_products/clothing_product_manifest.json,Docs/TestEvidence/UniqloCatalogIncremental/runs/20260815-111623/new_products/raw/uniqlo/size_charts/E485389.json
uniqlo,,니트 & 가디건 > 니트 > 반팔 니트,2,5,Docs/TestEvidence/UniqloCatalogIncremental/runs/20260818-152230/new_products/clothing_product_manifest.json,Docs/TestEvidence/UniqloCatalogIncremental/runs/20260818-152230/new_products/raw/uniqlo/size_charts/E482979.json
uniqlo,,니트 & 가디건 > 니트 > 코튼,1,3,Docs/TestEvidence/UniqloCatalogIncremental/runs/20260818-152230/new_products/clothing_product_manifest.json,Docs/TestEvidence/UniqloCatalogIncremental/runs/20260818-152230/new_products/raw/uniqlo/size_charts/E482973.json
uniqlo,,라운지 팬츠 > 라운지 팬츠 > 롱 팬츠,5,6,Docs/TestEvidence/UniqloCatalogIncremental/runs/20260815-111623/new_products/clothing_product_manifest.json,Docs/TestEvidence/UniqloCatalogIncremental/runs/20260815-111623/new_products/raw/uniqlo/size_charts/E461420.json
uniqlo,,셔츠 & 블라우스 & 폴로셔츠 > 셔츠 & 블라우스 > 디자인 블라우스,1,3,Docs/TestEvidence/UniqloCatalogIncremental/runs/20260818-152230/new_products/clothing_product_manifest.json,Docs/TestEvidence/UniqloCatalogIncremental/runs/20260818-152230/new_products/raw/uniqlo/size_charts/E484848.json
uniqlo,,셔츠 & 블라우스 & 폴로셔츠 > 셔츠 & 블라우스 > 리넨,2,6,Docs/TestEvidence/UniqloCatalogIncremental/runs/20260818-152230/new_products/clothing_product_manifest.json,Docs/TestEvidence/UniqloCatalogIncremental/runs/20260818-152230/new_products/raw/uniqlo/size_charts/E475648.json
uniqlo,,셔츠 > 캐주얼셔츠 > 데님 & 샴브레이,1,5,Docs/TestEvidence/UniqloCatalogIncremental/runs/20260818-152230/new_products/clothing_product_manifest.json,Docs/TestEvidence/UniqloCatalogIncremental/runs/20260818-152230/new_products/raw/uniqlo/size_charts/E484877.json
uniqlo,,셔츠 > 캐주얼셔츠 > 리넨,1,5,Docs/TestEvidence/UniqloCatalogIncremental/runs/20260818-152230/new_products/clothing_product_manifest.json,Docs/TestEvidence/UniqloCatalogIncremental/runs/20260818-152230/new_products/raw/uniqlo/size_charts/E482443.json
uniqlo,,셔츠 > 캐주얼셔츠 > 반팔,3,5,Docs/TestEvidence/UniqloCatalogIncremental/runs/20260818-152230/new_products/clothing_product_manifest.json,Docs/TestEvidence/UniqloCatalogIncremental/runs/20260818-152230/new_products/raw/uniqlo/size_charts/E485131.json
uniqlo,,셔츠 > 캐주얼셔츠 > 오픈 칼라,1,5,Docs/TestEvidence/UniqloCatalogIncremental/runs/20260818-152230/new_products/clothing_product_manifest.json,Docs/TestEvidence/UniqloCatalogIncremental/runs/20260818-152230/new_products/raw/uniqlo/size_charts/E482481.json
uniqlo,,스커트 & 원피스 > 원피스 > 슬리브리스,1,3,Docs/TestEvidence/UniqloCatalogIncremental/runs/20260818-152230/new_products/clothing_product_manifest.json,Docs/TestEvidence/UniqloCatalogIncremental/runs/20260818-152230/new_products/raw/uniqlo/size_charts/E483340.json
uniqlo,,스포츠 유틸리티 웨어 > 아우터 > 포켓터블,1,4,Docs/TestEvidence/UniqloCatalogIncremental/runs/20260818-152230/new_products/clothing_product_manifest.json,Docs/TestEvidence/UniqloCatalogIncremental/runs/20260818-152230/new_products/raw/uniqlo/size_charts/E487395.json
uniqlo,,스포츠 유틸리티 웨어 > 팬츠 > 기어 팬츠,1,6,Docs/TestEvidence/UniqloCatalogIncremental/runs/20260818-152230/new_products/clothing_product_manifest.json,Docs/TestEvidence/UniqloCatalogIncremental/runs/20260818-152230/new_products/raw/uniqlo/size_charts/E482939.json
uniqlo,,아우터 > 재킷 & 블레이저 > 캐주얼 재킷,1,4,Docs/TestEvidence/UniqloCatalogIncremental/runs/20260818-152230/new_products/clothing_product_manifest.json,Docs/TestEvidence/UniqloCatalogIncremental/runs/20260818-152230/new_products/raw/uniqlo/size_charts/E483819.json
uniqlo,,아우터 > 재킷 & 코트 > 캐주얼 재킷,1,4,Docs/TestEvidence/UniqloCatalogIncremental/runs/20260815-111623/new_products/clothing_product_manifest.json,Docs/TestEvidence/UniqloCatalogIncremental/runs/20260815-111623/new_products/raw/uniqlo/size_charts/E487846.json
uniqlo,,아우터 > 파카 & 블루종 > 파카,1,3,Docs/TestEvidence/UniqloCatalogIncremental/runs/20260818-152230/new_products/clothing_product_manifest.json,Docs/TestEvidence/UniqloCatalogIncremental/runs/20260818-152230/new_products/raw/uniqlo/size_charts/E478231.json
uniqlo,,액세서리 > 모자 > 캡,1,3,Docs/TestEvidence/UniqloCatalogIncremental/runs/20260818-152230/new_products/clothing_product_manifest.json,Docs/TestEvidence/UniqloCatalogIncremental/runs/20260818-152230/new_products/raw/uniqlo/size_charts/E478307.json
uniqlo,,액세서리 > 선글라스 > 패션 선글라스,1,5,Docs/TestEvidence/UniqloCatalogIncremental/runs/20260818-152230/new_products/clothing_product_manifest.json,Docs/TestEvidence/UniqloCatalogIncremental/runs/20260818-152230/new_products/raw/uniqlo/size_charts/E485008.json
uniqlo,,액세서리 > 신발 > UNIQLO : C,1,3,Docs/TestEvidence/UniqloCatalogIncremental/runs/20260815-111623/new_products/clothing_product_manifest.json,Docs/TestEvidence/UniqloCatalogIncremental/runs/20260815-111623/new_products/raw/uniqlo/size_charts/E482815.json
uniqlo,,영유아(6개월~5세) > 그래픽티셔츠 > The Picture Book Collection,1,10,Docs/TestEvidence/UniqloCatalogIncremental/runs/20260818-152230/new_products/clothing_product_manifest.json,Docs/TestEvidence/UniqloCatalogIncremental/runs/20260818-152230/new_products/raw/uniqlo/size_charts/E481804.json
uniqlo,,영유아(6개월~5세) > 레깅스 & 팬츠 > 롱팬츠,1,6,Docs/TestEvidence/UniqloCatalogIncremental/runs/20260818-152230/new_products/clothing_product_manifest.json,Docs/TestEvidence/UniqloCatalogIncremental/runs/20260818-152230/new_products/raw/uniqlo/size_charts/E487375.json
uniqlo,,영유아(6개월~5세) > 레깅스 & 팬츠 > 쇼트팬츠,1,6,Docs/TestEvidence/UniqloCatalogIncremental/runs/20260818-152230/new_products/clothing_product_manifest.json,Docs/TestEvidence/UniqloCatalogIncremental/runs/20260818-152230/new_products/raw/uniqlo/size_charts/E481790.json
uniqlo,,영유아(6개월~5세) > 레깅스 & 팬츠 > 크롭레깅스,1,6,Docs/TestEvidence/UniqloCatalogIncremental/runs/20260818-152230/new_products/clothing_product_manifest.json,Docs/TestEvidence/UniqloCatalogIncremental/runs/20260818-152230/new_products/raw/uniqlo/size_charts/E481782.json
uniqlo,,영유아(6개월~5세) > 티셔츠 & 스웨트셔츠 > 티셔츠(반팔),1,4,Docs/TestEvidence/UniqloCatalogIncremental/runs/20260818-152230/new_products/clothing_product_manifest.json,Docs/TestEvidence/UniqloCatalogIncremental/runs/20260818-152230/new_products/raw/uniqlo/size_charts/E483130.json
uniqlo,,영유아(6개월~5세) > 홈웨어 & 파자마 > 긴팔,1,6,Docs/TestEvidence/UniqloCatalogIncremental/runs/20260818-152230/new_products/clothing_product_manifest.json,Docs/TestEvidence/UniqloCatalogIncremental/runs/20260818-152230/new_products/raw/uniqlo/size_charts/E478465.json
uniqlo,,원피스 & 스커트 > 스커트 > 롱 (맥시),1,3,Docs/TestEvidence/UniqloCatalogIncremental/runs/20260818-152230/new_products/clothing_product_manifest.json,Docs/TestEvidence/UniqloCatalogIncremental/runs/20260818-152230/new_products/raw/uniqlo/size_charts/E487792.json
uniqlo,,원피스 & 스커트 > 스커트 > 플레어,2,5,Docs/TestEvidence/UniqloCatalogIncremental/runs/20260818-152230/new_products/clothing_product_manifest.json,Docs/TestEvidence/UniqloCatalogIncremental/runs/20260818-152230/new_products/raw/uniqlo/size_charts/E482285.json
uniqlo,,원피스 & 스커트 > 원피스 > 긴팔원피스,1,5,Docs/TestEvidence/UniqloCatalogIncremental/runs/20260818-152230/new_products/clothing_product_manifest.json,Docs/TestEvidence/UniqloCatalogIncremental/runs/20260818-152230/new_products/raw/uniqlo/size_charts/E485269.json
uniqlo,,원피스 & 스커트 > 원피스 > 반팔원피스,2,6,Docs/TestEvidence/UniqloCatalogIncremental/runs/20260818-152230/new_products/clothing_product_manifest.json,Docs/TestEvidence/UniqloCatalogIncremental/runs/20260818-152230/new_products/raw/uniqlo/size_charts/E487822.json
uniqlo,,원피스 & 스커트 > 원피스 > 슬리브리스 원피스,2,5,Docs/TestEvidence/UniqloCatalogIncremental/runs/20260818-152230/new_products/clothing_product_manifest.json,Docs/TestEvidence/UniqloCatalogIncremental/runs/20260818-152230/new_products/raw/uniqlo/size_charts/E483564.json
uniqlo,,이너웨어 > 브라탑 > 코튼,2,2,Docs/TestEvidence/UniqloCatalogIncremental/runs/20260818-152230/new_products/clothing_product_manifest.json,Docs/TestEvidence/UniqloCatalogIncremental/runs/20260818-152230/new_products/raw/uniqlo/size_charts/E482197.json
uniqlo,,이너웨어 > 양말 > 레귤러 삭스,13,0,Docs/TestEvidence/UniqloCatalogIncremental/runs/20260815-111623/new_products/clothing_product_manifest.json,Docs/TestEvidence/UniqloCatalogIncremental/runs/20260815-111623/new_products/raw/uniqlo/size_charts/E460431.json
uniqlo,,이너웨어 > 양말 > 베리 쇼트 삭스,3,0,Docs/TestEvidence/UniqloCatalogIncremental/runs/20260815-111623/new_products/clothing_product_manifest.json,Docs/TestEvidence/UniqloCatalogIncremental/runs/20260815-111623/new_products/raw/uniqlo/size_charts/E473968.json
uniqlo,,이너웨어 > 양말 > 쇼트 삭스,2,0,Docs/TestEvidence/UniqloCatalogIncremental/runs/20260815-111623/new_products/clothing_product_manifest.json,Docs/TestEvidence/UniqloCatalogIncremental/runs/20260815-111623/new_products/raw/uniqlo/size_charts/E464386.json
uniqlo,,이너웨어 > 양말 > 하이 삭스,5,0,Docs/TestEvidence/UniqloCatalogIncremental/runs/20260815-111623/new_products/clothing_product_manifest.json,Docs/TestEvidence/UniqloCatalogIncremental/runs/20260815-111623/new_products/raw/uniqlo/size_charts/E482727.json
uniqlo,,이너웨어 > 양말 > 히트텍 삭스,18,0,Docs/TestEvidence/UniqloCatalogIncremental/runs/20260815-111623/new_products/clothing_product_manifest.json,Docs/TestEvidence/UniqloCatalogIncremental/runs/20260815-111623/new_products/raw/uniqlo/size_charts/E460490.json
uniqlo,,이너웨어 > 언더웨어 > 복서브리프,5,3,Docs/TestEvidence/UniqloCatalogIncremental/runs/20260815-111623/new_products/clothing_product_manifest.json,Docs/TestEvidence/UniqloCatalogIncremental/runs/20260815-111623/new_products/raw/uniqlo/size_charts/E439340.json
uniqlo,,이너웨어 > 언더웨어 > 쇼츠,3,3,Docs/TestEvidence/UniqloCatalogIncremental/runs/20260815-111623/new_products/clothing_product_manifest.json,Docs/TestEvidence/UniqloCatalogIncremental/runs/20260815-111623/new_products/raw/uniqlo/size_charts/E482008.json
uniqlo,,이너웨어 > 언더웨어 > 코튼 브리프,6,3,Docs/TestEvidence/UniqloCatalogIncremental/runs/20260815-111623/new_products/clothing_product_manifest.json,Docs/TestEvidence/UniqloCatalogIncremental/runs/20260815-111623/new_products/raw/uniqlo/size_charts/E464311.json
uniqlo,,이너웨어 > 에어리즘 > 긴팔,1,4,Docs/TestEvidence/UniqloCatalogIncremental/runs/20260818-152230/new_products/clothing_product_manifest.json,Docs/TestEvidence/UniqloCatalogIncremental/runs/20260818-152230/new_products/raw/uniqlo/size_charts/E484088.json
uniqlo,,이너웨어 > 에어리즘 > 에어리즘,1,4,Docs/TestEvidence/UniqloCatalogIncremental/runs/20260818-152230/new_products/clothing_product_manifest.json,Docs/TestEvidence/UniqloCatalogIncremental/runs/20260818-152230/new_products/raw/uniqlo/size_charts/E454312.json
uniqlo,,청바지 & 팬츠 > 반바지 > 반바지,1,6,Docs/TestEvidence/UniqloCatalogIncremental/runs/20260818-152230/new_products/clothing_product_manifest.json,Docs/TestEvidence/UniqloCatalogIncremental/runs/20260818-152230/new_products/raw/uniqlo/size_charts/E465112.json
uniqlo,,티셔츠 & UT > PEACE FOR ALL > 그래픽 티셔츠,10,4,Docs/TestEvidence/UniqloCatalogIncremental/runs/20260815-111623/new_products/clothing_product_manifest.json,Docs/TestEvidence/UniqloCatalogIncremental/runs/20260815-111623/new_products/raw/uniqlo/size_charts/E459565.json
uniqlo,,티셔츠 & UT > 그래픽티셔츠 > CHIIKAWA,4,3,Docs/TestEvidence/UniqloCatalogIncremental/runs/20260815-111623/new_products/clothing_product_manifest.json,Docs/TestEvidence/UniqloCatalogIncremental/runs/20260815-111623/new_products/raw/uniqlo/size_charts/E485530.json
uniqlo,,티셔츠 & UT > 그래픽티셔츠 > Disney/PIXAR,3,4,Docs/TestEvidence/UniqloCatalogIncremental/runs/20260815-111623/new_products/clothing_product_manifest.json,Docs/TestEvidence/UniqloCatalogIncremental/runs/20260815-111623/new_products/raw/uniqlo/size_charts/E483255.json
uniqlo,,티셔츠 & UT > 그래픽티셔츠 > Jason Polan,1,4,Docs/TestEvidence/UniqloCatalogIncremental/runs/20260815-111623/new_products/clothing_product_manifest.json,Docs/TestEvidence/UniqloCatalogIncremental/runs/20260815-111623/new_products/raw/uniqlo/size_charts/E485803.json
uniqlo,,티셔츠 & UT > 그래픽티셔츠 > MAGIC FOR ALL ICONS,3,4,Docs/TestEvidence/UniqloCatalogIncremental/runs/20260818-152230/new_products/clothing_product_manifest.json,Docs/TestEvidence/UniqloCatalogIncremental/runs/20260818-152230/new_products/raw/uniqlo/size_charts/E484215.json
uniqlo,,티셔츠 & UT > 그래픽티셔츠 > MARIO KART WORLD,4,3,Docs/TestEvidence/UniqloCatalogIncremental/runs/20260815-111623/new_products/clothing_product_manifest.json,Docs/TestEvidence/UniqloCatalogIncremental/runs/20260815-111623/new_products/raw/uniqlo/size_charts/E488309.json
uniqlo,,티셔츠 & UT > 그래픽티셔츠 > Mickey & Friends,3,4,Docs/TestEvidence/UniqloCatalogIncremental/runs/20260815-111623/new_products/clothing_product_manifest.json,Docs/TestEvidence/UniqloCatalogIncremental/runs/20260815-111623/new_products/raw/uniqlo/size_charts/E489392.json
uniqlo,,티셔츠 & UT > 그래픽티셔츠 > Minecraft,6,4,Docs/TestEvidence/UniqloCatalogIncremental/runs/20260815-111623/new_products/clothing_product_manifest.json,Docs/TestEvidence/UniqloCatalogIncremental/runs/20260815-111623/new_products/raw/uniqlo/size_charts/E483680.json
uniqlo,,티셔츠 & UT > 그래픽티셔츠 > Monchhichi,6,4,Docs/TestEvidence/UniqloCatalogIncremental/runs/20260815-111623/new_products/clothing_product_manifest.json,Docs/TestEvidence/UniqloCatalogIncremental/runs/20260815-111623/new_products/raw/uniqlo/size_charts/E488936.json
uniqlo,,티셔츠 & UT > 그래픽티셔츠 > NY POP ART,3,4,Docs/TestEvidence/UniqloCatalogIncremental/runs/20260815-111623/new_products/clothing_product_manifest.json,Docs/TestEvidence/UniqloCatalogIncremental/runs/20260815-111623/new_products/raw/uniqlo/size_charts/E483660.json
uniqlo,,티셔츠 & UT > 그래픽티셔츠 > PEANUTS,13,5,Docs/TestEvidence/UniqloCatalogIncremental/runs/20260815-111623/new_products/clothing_product_manifest.json,Docs/TestEvidence/UniqloCatalogIncremental/runs/20260815-111623/new_products/raw/uniqlo/size_charts/E483258.json
uniqlo,,티셔츠 & UT > 그래픽티셔츠 > Pokémon,4,4,Docs/TestEvidence/UniqloCatalogIncremental/runs/20260815-111623/new_products/clothing_product_manifest.json,Docs/TestEvidence/UniqloCatalogIncremental/runs/20260815-111623/new_products/raw/uniqlo/size_charts/E483670.json
uniqlo,,티셔츠 & UT > 그래픽티셔츠 > STUDIO GHIBLI,2,4,Docs/TestEvidence/UniqloCatalogIncremental/runs/20260815-111623/new_products/clothing_product_manifest.json,Docs/TestEvidence/UniqloCatalogIncremental/runs/20260815-111623/new_products/raw/uniqlo/size_charts/E473486.json
uniqlo,,티셔츠 & UT > 그래픽티셔츠 > Sanrio characters,2,4,Docs/TestEvidence/UniqloCatalogIncremental/runs/20260815-111623/new_products/clothing_product_manifest.json,Docs/TestEvidence/UniqloCatalogIncremental/runs/20260815-111623/new_products/raw/uniqlo/size_charts/E483349.json
uniqlo,,티셔츠 & UT > 그래픽티셔츠 > The Super Mario Galaxy Movie,2,4,Docs/TestEvidence/UniqloCatalogIncremental/runs/20260815-111623/new_products/clothing_product_manifest.json,Docs/TestEvidence/UniqloCatalogIncremental/runs/20260815-111623/new_products/raw/uniqlo/size_charts/E483707.json
uniqlo,,티셔츠 & UT > 그래픽티셔츠 > miffy in bloom,6,4,Docs/TestEvidence/UniqloCatalogIncremental/runs/20260815-111623/new_products/clothing_product_manifest.json,Docs/TestEvidence/UniqloCatalogIncremental/runs/20260815-111623/new_products/raw/uniqlo/size_charts/E484121.json
uniqlo,,티셔츠 & UT > 그래픽티셔츠 > mofusand,10,4,Docs/TestEvidence/UniqloCatalogIncremental/runs/20260815-111623/new_products/clothing_product_manifest.json,Docs/TestEvidence/UniqloCatalogIncremental/runs/20260815-111623/new_products/raw/uniqlo/size_charts/E483373.json
uniqlo,,티셔츠 & UT > 브라탑 > 코튼,1,2,Docs/TestEvidence/UniqloCatalogIncremental/runs/20260818-152230/new_products/clothing_product_manifest.json,Docs/TestEvidence/UniqloCatalogIncremental/runs/20260818-152230/new_products/raw/uniqlo/size_charts/E482202.json
uniqlo,,티셔츠 & UT > 티셔츠 (반팔 & 긴팔) > 긴팔,1,4,Docs/TestEvidence/UniqloCatalogIncremental/runs/20260818-152230/new_products/clothing_product_manifest.json,Docs/TestEvidence/UniqloCatalogIncremental/runs/20260818-152230/new_products/raw/uniqlo/size_charts/E484231.json
uniqlo,,티셔츠 & UT > 티셔츠 (반팔 & 긴팔) > 반팔,3,4,Docs/TestEvidence/UniqloCatalogIncremental/runs/20260818-152230/new_products/clothing_product_manifest.json,Docs/TestEvidence/UniqloCatalogIncremental/runs/20260818-152230/new_products/raw/uniqlo/size_charts/E483463.json
uniqlo,,티셔츠 & 스웨트셔츠 & UT > PEACE FOR ALL > 그래픽 티셔츠,28,4,Docs/TestEvidence/UniqloCatalogIncremental/runs/20260815-111623/new_products/clothing_product_manifest.json,Docs/TestEvidence/UniqloCatalogIncremental/runs/20260815-111623/new_products/raw/uniqlo/size_charts/E457111.json
uniqlo,,티셔츠 & 스웨트셔츠 & UT > 그래픽티셔츠 > Andy Warhol Transformation,3,4,Docs/TestEvidence/UniqloCatalogIncremental/runs/20260815-111623/new_products/clothing_product_manifest.json,Docs/TestEvidence/UniqloCatalogIncremental/runs/20260815-111623/new_products/raw/uniqlo/size_charts/E482804.json
uniqlo,,티셔츠 & 스웨트셔츠 & UT > 그래픽티셔츠 > MAGIC FOR ALL ICONS,9,4,Docs/TestEvidence/UniqloCatalogIncremental/runs/20260815-111623/new_products/clothing_product_manifest.json,Docs/TestEvidence/UniqloCatalogIncremental/runs/20260815-111623/new_products/raw/uniqlo/size_charts/E484758.json
uniqlo,,티셔츠 & 스웨트셔츠 & UT > 그래픽티셔츠 > MARIO KART WORLD,4,4,Docs/TestEvidence/UniqloCatalogIncremental/runs/20260815-111623/new_products/clothing_product_manifest.json,Docs/TestEvidence/UniqloCatalogIncremental/runs/20260815-111623/new_products/raw/uniqlo/size_charts/E482769.json
uniqlo,,티셔츠 & 스웨트셔츠 & UT > 그래픽티셔츠 > NY POP ART,11,4,Docs/TestEvidence/UniqloCatalogIncremental/runs/20260815-111623/new_products/clothing_product_manifest.json,Docs/TestEvidence/UniqloCatalogIncremental/runs/20260815-111623/new_products/raw/uniqlo/size_charts/E484766.json
uniqlo,,티셔츠 & 스웨트셔츠 & UT > 그래픽티셔츠 > PEANUTS,7,4,Docs/TestEvidence/UniqloCatalogIncremental/runs/20260815-111623/new_products/clothing_product_manifest.json,Docs/TestEvidence/UniqloCatalogIncremental/runs/20260815-111623/new_products/raw/uniqlo/size_charts/E482751.json
uniqlo,,티셔츠 & 스웨트셔츠 & UT > 그래픽티셔츠 > Pokémon,3,4,Docs/TestEvidence/UniqloCatalogIncremental/runs/20260815-111623/new_products/clothing_product_manifest.json,Docs/TestEvidence/UniqloCatalogIncremental/runs/20260815-111623/new_products/raw/uniqlo/size_charts/E482756.json
uniqlo,,티셔츠 & 스웨트셔츠 & UT > 그래픽티셔츠 > STUDIO GHIBLI,3,4,Docs/TestEvidence/UniqloCatalogIncremental/runs/20260815-111623/new_products/clothing_product_manifest.json,Docs/TestEvidence/UniqloCatalogIncremental/runs/20260815-111623/new_products/raw/uniqlo/size_charts/E474462.json
uniqlo,,티셔츠 & 스웨트셔츠 & UT > 스웨트셔츠 & 후드집업 > 스웨트셔츠,2,4,Docs/TestEvidence/UniqloCatalogIncremental/runs/20260818-152230/new_products/clothing_product_manifest.json,Docs/TestEvidence/UniqloCatalogIncremental/runs/20260818-152230/new_products/raw/uniqlo/size_charts/E475377.json
uniqlo,,티셔츠 & 스웨트셔츠 & UT > 티셔츠 (반팔 & 긴팔) > 반팔,1,4,Docs/TestEvidence/UniqloCatalogIncremental/runs/20260818-152230/new_products/clothing_product_manifest.json,Docs/TestEvidence/UniqloCatalogIncremental/runs/20260818-152230/new_products/raw/uniqlo/size_charts/E482301.json
uniqlo,,파자마 & 홈웨어 > 라운지 팬츠 > 리넨 블렌드,1,6,Docs/TestEvidence/UniqloCatalogIncremental/runs/20260818-152230/new_products/clothing_product_manifest.json,Docs/TestEvidence/UniqloCatalogIncremental/runs/20260818-152230/new_products/raw/uniqlo/size_charts/E485251.json
uniqlo,,파자마 & 홈웨어 > 라운지 팬츠 > 쇼트 팬츠,1,6,Docs/TestEvidence/UniqloCatalogIncremental/runs/20260818-152230/new_products/clothing_product_manifest.json,Docs/TestEvidence/UniqloCatalogIncremental/runs/20260818-152230/new_products/raw/uniqlo/size_charts/E482648.json
uniqlo,,파자마 & 홈웨어 > 라운지 팬츠 > 이지 팬츠,3,6,Docs/TestEvidence/UniqloCatalogIncremental/runs/20260818-152230/new_products/clothing_product_manifest.json,Docs/TestEvidence/UniqloCatalogIncremental/runs/20260818-152230/new_products/raw/uniqlo/size_charts/E482245.json
uniqlo,,파자마 & 홈웨어 > 파자마 > 반팔 파자마,1,9,Docs/TestEvidence/UniqloCatalogIncremental/runs/20260818-152230/new_products/clothing_product_manifest.json,Docs/TestEvidence/UniqloCatalogIncremental/runs/20260818-152230/new_products/raw/uniqlo/size_charts/E483754.json
uniqlo,,팬츠 > 레깅스 > 울트라 스트레치,1,6,Docs/TestEvidence/UniqloCatalogIncremental/runs/20260818-152230/new_products/clothing_product_manifest.json,Docs/TestEvidence/UniqloCatalogIncremental/runs/20260818-152230/new_products/raw/uniqlo/size_charts/E485725.json
uniqlo,,팬츠 > 배럴 레그 팬츠 > 긴 기장,1,6,Docs/TestEvidence/UniqloCatalogIncremental/runs/20260815-111623/new_products/clothing_product_manifest.json,Docs/TestEvidence/UniqloCatalogIncremental/runs/20260815-111623/new_products/raw/uniqlo/size_charts/E489417.json
uniqlo,,팬츠 > 쇼트 팬츠(반바지) > 데님,1,6,Docs/TestEvidence/UniqloCatalogIncremental/runs/20260815-111623/new_products/clothing_product_manifest.json,Docs/TestEvidence/UniqloCatalogIncremental/runs/20260815-111623/new_products/raw/uniqlo/size_charts/E483512.json
uniqlo,,팬츠 > 쇼트 팬츠(반바지) > 반바지,1,6,Docs/TestEvidence/UniqloCatalogIncremental/runs/20260815-111623/new_products/clothing_product_manifest.json,Docs/TestEvidence/UniqloCatalogIncremental/runs/20260815-111623/new_products/raw/uniqlo/size_charts/E484598.json
uniqlo,,팬츠 > 쇼트 팬츠(반바지) > 스코츠,1,3,Docs/TestEvidence/UniqloCatalogIncremental/runs/20260818-152230/new_products/clothing_product_manifest.json,Docs/TestEvidence/UniqloCatalogIncremental/runs/20260818-152230/new_products/raw/uniqlo/size_charts/E480302.json
uniqlo,,팬츠 > 쇼트 팬츠(반바지) > 유니섹스,3,6,Docs/TestEvidence/UniqloCatalogIncremental/runs/20260818-152230/new_products/clothing_product_manifest.json,Docs/TestEvidence/UniqloCatalogIncremental/runs/20260818-152230/new_products/raw/uniqlo/size_charts/E482944.json
uniqlo,,팬츠 > 쇼트 팬츠(반바지) > 이지(허리 밴딩),1,6,Docs/TestEvidence/UniqloCatalogIncremental/runs/20260818-152230/new_products/clothing_product_manifest.json,Docs/TestEvidence/UniqloCatalogIncremental/runs/20260818-152230/new_products/raw/uniqlo/size_charts/E484208.json
uniqlo,,팬츠 > 쇼트 팬츠(반바지) > 큐롯,4,6,Docs/TestEvidence/UniqloCatalogIncremental/runs/20260815-111623/new_products/clothing_product_manifest.json,Docs/TestEvidence/UniqloCatalogIncremental/runs/20260815-111623/new_products/raw/uniqlo/size_charts/E485593.json
uniqlo,,팬츠 > 스웨트 팬츠 & 조거 팬츠 > 그 외,1,6,Docs/TestEvidence/UniqloCatalogIncremental/runs/20260815-111623/new_products/clothing_product_manifest.json,Docs/TestEvidence/UniqloCatalogIncremental/runs/20260815-111623/new_products/raw/uniqlo/size_charts/E486107.json
uniqlo,,팬츠 > 스웨트 팬츠 & 조거 팬츠 > 스웨트,1,6,Docs/TestEvidence/UniqloCatalogIncremental/runs/20260818-152230/new_products/clothing_product_manifest.json,Docs/TestEvidence/UniqloCatalogIncremental/runs/20260818-152230/new_products/raw/uniqlo/size_charts/E451648.json
uniqlo,,팬츠 > 슬랙스(트라우저) > 그 외,2,6,Docs/TestEvidence/UniqloCatalogIncremental/runs/20260815-111623/new_products/clothing_product_manifest.json,Docs/TestEvidence/UniqloCatalogIncremental/runs/20260815-111623/new_products/raw/uniqlo/size_charts/E475598.json
uniqlo,,팬츠 > 슬랙스(트라우저) > 스마트 팬츠,3,6,Docs/TestEvidence/UniqloCatalogIncremental/runs/20260815-111623/new_products/clothing_product_manifest.json,Docs/TestEvidence/UniqloCatalogIncremental/runs/20260815-111623/new_products/raw/uniqlo/size_charts/E487959.json
uniqlo,,팬츠 > 슬랙스(트라우저) > 와이드 팬츠,2,6,Docs/TestEvidence/UniqloCatalogIncremental/runs/20260815-111623/new_products/clothing_product_manifest.json,Docs/TestEvidence/UniqloCatalogIncremental/runs/20260815-111623/new_products/raw/uniqlo/size_charts/E486984.json
uniqlo,,팬츠 > 와이드 팬츠 > UNIQLO : C,1,6,Docs/TestEvidence/UniqloCatalogIncremental/runs/20260818-152230/new_products/clothing_product_manifest.json,Docs/TestEvidence/UniqloCatalogIncremental/runs/20260818-152230/new_products/raw/uniqlo/size_charts/E484662.json
uniqlo,,팬츠 > 와이드 팬츠 > 데님,1,6,Docs/TestEvidence/UniqloCatalogIncremental/runs/20260815-111623/new_products/clothing_product_manifest.json,Docs/TestEvidence/UniqloCatalogIncremental/runs/20260815-111623/new_products/raw/uniqlo/size_charts/E491104.json
uniqlo,,팬츠 > 와이드 팬츠 > 커브ㆍ배럴 레그,1,6,Docs/TestEvidence/UniqloCatalogIncremental/runs/20260815-111623/new_products/clothing_product_manifest.json,Docs/TestEvidence/UniqloCatalogIncremental/runs/20260815-111623/new_products/raw/uniqlo/size_charts/E489191.json
uniqlo,,팬츠 > 진(청바지) > 스트레이트,1,6,Docs/TestEvidence/UniqloCatalogIncremental/runs/20260815-111623/new_products/clothing_product_manifest.json,Docs/TestEvidence/UniqloCatalogIncremental/runs/20260815-111623/new_products/raw/uniqlo/size_charts/E485737.json
uniqlo,,팬츠 > 진(청바지) > 슬림,3,6,Docs/TestEvidence/UniqloCatalogIncremental/runs/20260818-152230/new_products/clothing_product_manifest.json,Docs/TestEvidence/UniqloCatalogIncremental/runs/20260818-152230/new_products/raw/uniqlo/size_charts/E459688.json
uniqlo,,팬츠 > 치노 팬츠 > 레귤러,1,6,Docs/TestEvidence/UniqloCatalogIncremental/runs/20260818-152230/new_products/clothing_product_manifest.json,Docs/TestEvidence/UniqloCatalogIncremental/runs/20260818-152230/new_products/raw/uniqlo/size_charts/E479424.json
uniqlo,,팬츠 > 캐주얼 팬츠 > 울트라 스트레치,1,6,Docs/TestEvidence/UniqloCatalogIncremental/runs/20260815-111623/new_products/clothing_product_manifest.json,Docs/TestEvidence/UniqloCatalogIncremental/runs/20260815-111623/new_products/raw/uniqlo/size_charts/E465206.json
uniqlo,,팬츠 > 캐주얼 팬츠 > 웜 팬츠,2,6,Docs/TestEvidence/UniqloCatalogIncremental/runs/20260815-111623/new_products/clothing_product_manifest.json,Docs/TestEvidence/UniqloCatalogIncremental/runs/20260815-111623/new_products/raw/uniqlo/size_charts/E487261.json
uniqlo,,팬츠 > 캐주얼 팬츠 > 유틸리티ㆍ워크,1,6,Docs/TestEvidence/UniqloCatalogIncremental/runs/20260818-152230/new_products/clothing_product_manifest.json,Docs/TestEvidence/UniqloCatalogIncremental/runs/20260818-152230/new_products/raw/uniqlo/size_charts/E479382.json
zara,2417772,여성 > 컬렉션 > 자켓 | 점퍼 > 모두 보기 > 가디건 > KNIT CARDIGAN,1,5,ZARAAudit/zara_production_sample_30_manifest.jsonl,ZARAAudit/production_sample_30_cache/547294158.json
zara,2417772,여성 > 컬렉션 > 자켓 | 점퍼 > 모두 보기 > 브레이저 > B.BLAZER,1,5,ZARAAudit/zara_production_sample_30_manifest.jsonl,ZARAAudit/production_sample_30_cache/545431375.json
zara,2417772,여성 > 컬렉션 > 자켓 | 점퍼 > 모두 보기 > 스포츠 재킷 > B.SHORT-OUTWEAR,1,5,ZARAAudit/zara_production_sample_30_manifest.jsonl,ZARAAudit/production_sample_30_cache/572132324.json
zara,2417772,여성 > 컬렉션 > 자켓 | 점퍼 > 모두 보기 > 스포츠 재킷 > T.SHORT-OUTWEAR,1,5,ZARAAudit/zara_production_sample_30_manifest.jsonl,ZARAAudit/production_sample_30_cache/547014734.json
zara,2420417,여성 > 컬렉션 > 티셔츠 > 모두 보기 > 티셔츠 > C.CTAS FANTASI,2,5,ZARAAudit/zara_production_sample_30_manifest.jsonl,ZARAAudit/production_sample_30_cache/551168862.json
zara,2420417,여성 > 컬렉션 > 티셔츠 > 모두 보기 > 티셔츠 > C.CTAS POSICIO,2,5,ZARAAudit/zara_production_sample_30_manifest.jsonl,ZARAAudit/production_sample_30_cache/557451555.json
zara,2420795,여성 > 컬렉션 > 팬츠 > 모두 보기 > 바지 > B.PANTS,2,5,ZARAAudit/zara_production_sample_30_manifest.jsonl,ZARAAudit/production_sample_30_cache/560359449.json
zara,2420795,여성 > 컬렉션 > 팬츠 > 모두 보기 > 바지 > C.PTON-LEGGING,1,5,ZARAAudit/zara_production_sample_30_manifest.jsonl,ZARAAudit/production_sample_30_cache/561619028.json
zara,2420795,여성 > 컬렉션 > 팬츠 > 모두 보기 > 바지 > L. PANT. PIJAMA,1,5,ZARAAudit/zara_production_sample_30_manifest.jsonl,ZARAAudit/production_sample_30_cache/545474934.json
zara,2420896,여성 > 컬렉션 > 원피스 > 모두 보기 > 드레스 > B.DRESS,1,4,ZARAAudit/zara_production_sample_30_manifest.jsonl,ZARAAudit/production_sample_30_cache/561603690.json
zara,2420896,여성 > 컬렉션 > 원피스 > 모두 보기 > 드레스 > W.DRESS,1,4,ZARAAudit/zara_production_sample_30_manifest.jsonl,ZARAAudit/production_sample_30_cache/558218256.json
zara,2431994,남성 > 컬렉션 > 셔츠 > 모두 보기 > 셔츠 > F. Camisería,4,5,ZARAAudit/zara_production_sample_30_manifest.jsonl,ZARAAudit/production_sample_30_cache/552172712.json
zara,2432042,남성 > 컬렉션 > 티셔츠 > 모두 보기 > 티셔츠 > Camiseta M/L,3,5,ZARAAudit/zara_production_sample_30_manifest.jsonl,ZARAAudit/production_sample_30_cache/550434327.json
zara,2432096,남성 > 컬렉션 > 팬츠 > 모두 보기 > 바지 > F. Pant Resto,2,5,ZARAAudit/zara_production_sample_30_manifest.jsonl,ZARAAudit/production_sample_30_cache/555174285.json
zara,2432096,남성 > 컬렉션 > 팬츠 > 모두 보기 > 바지 > Sastrería Pant.,1,5,ZARAAudit/zara_production_sample_30_manifest.jsonl,ZARAAudit/production_sample_30_cache/556168954.json
zara,2536906,남성 > 컬렉션 > 점퍼 | 자켓 > 모두 보기 > 스포츠 재킷 > F. Cazadora,4,5,ZARAAudit/zara_production_sample_30_manifest.jsonl,ZARAAudit/production_sample_30_cache/545410220.json
