source,product_key,observed_id,color_code,category_path,category_url,evidence_url,evidence_type
musinsa,6708161,6708161,,상의 > 반소매 티셔츠,,https://goods-detail.musinsa.com/api2/goods/6708161,restored_survey
musinsa,6797266,6797266,,상의 > 반소매 티셔츠,,https://goods-detail.musinsa.com/api2/goods/6797266,restored_survey
musinsa,6693832,6693832,,상의 > 반소매 티셔츠,,https://goods-detail.musinsa.com/api2/goods/6693832,restored_survey
musinsa,6755330,6755330,,상의 > 셔츠 > 블라우스,,https://goods-detail.musinsa.com/api2/goods/6755330,restored_survey
musinsa,6732631,6732631,,상의 > 반소매 티셔츠,,https://goods-detail.musinsa.com/api2/goods/6732631,restored_survey
musinsa,6797265,6797265,,상의 > 반소매 티셔츠,,https://goods-detail.musinsa.com/api2/goods/6797265,restored_survey
musinsa,6709666,6709666,,상의 > 반소매 티셔츠,,https://goods-detail.musinsa.com/api2/goods/6709666,restored_survey
musinsa,6708096,6708096,,상의 > 반소매 티셔츠,,https://goods-detail.musinsa.com/api2/goods/6708096,restored_survey
musinsa,6797271,6797271,,상의 > 반소매 티셔츠,,https://goods-detail.musinsa.com/api2/goods/6797271,restored_survey
musinsa,6008535,6008535,,스포츠 > 레저 > 상의 > 나시 > 민소매 티셔츠,,https://goods-detail.musinsa.com/api2/goods/6008535,restored_survey
musinsa,6722931,6722931,,상의 > 반소매 티셔츠,,https://goods-detail.musinsa.com/api2/goods/6722931,restored_survey
musinsa,6673687,6673687,,상의 > 반소매 티셔츠,,https://goods-detail.musinsa.com/api2/goods/6673687,restored_survey
musinsa,6632593,6632593,,스포츠 > 레저 > 상의 > 반소매 티셔츠,,https://goods-detail.musinsa.com/api2/goods/6632593,restored_survey
musinsa,6760735,6760735,,상의 > 반소매 티셔츠,,https://goods-detail.musinsa.com/api2/goods/6760735,restored_survey
musinsa,6632608,6632608,,스포츠 > 레저 > 상의 > 반소매 티셔츠,,https://goods-detail.musinsa.com/api2/goods/6632608,restored_survey
musinsa,6696689,6696689,,상의 > 반소매 티셔츠,,https://goods-detail.musinsa.com/api2/goods/6696689,restored_survey
musinsa,6708755,6708755,,상의 > 반소매 티셔츠,,https://goods-detail.musinsa.com/api2/goods/6708755,restored_survey
musinsa,3182421,3182421,,상의 > 반소매 티셔츠,,https://goods-detail.musinsa.com/api2/goods/3182421,restored_survey
musinsa,5982920,5982920,,상의 > 긴소매 티셔츠,,https://goods-detail.musinsa.com/api2/goods/5982920,restored_survey
musinsa,4989733,4989733,,상의 > 셔츠 > 블라우스,,https://goods-detail.musinsa.com/api2/goods/4989733,restored_survey
musinsa,6418260,6418260,,상의 > 반소매 티셔츠,,https://goods-detail.musinsa.com/api2/goods/6418260,restored_survey
musinsa,6515855,6515855,,상의 > 민소매 티셔츠,,https://goods-detail.musinsa.com/api2/goods/6515855,restored_survey
musinsa,6453592,6453592,,상의 > 반소매 티셔츠,,https://goods-detail.musinsa.com/api2/goods/6453592,restored_survey
musinsa,6687292,6687292,,상의 > 반소매 티셔츠,,https://goods-detail.musinsa.com/api2/goods/6687292,restored_survey
musinsa,6562698,6562698,,상의 > 반소매 티셔츠,,https://goods-detail.musinsa.com/api2/goods/6562698,restored_survey
musinsa,6689505,6689505,,상의 > 반소매 티셔츠,,https://goods-detail.musinsa.com/api2/goods/6689505,restored_survey
musinsa,6723404,6723404,,상의 > 반소매 티셔츠,,https://goods-detail.musinsa.com/api2/goods/6723404,restored_survey
musinsa,6656624,6656624,,상의 > 반소매 티셔츠,,https://goods-detail.musinsa.com/api2/goods/6656624,restored_survey
musinsa,3132891,3132891,,상의 > 반소매 티셔츠,,https://goods-detail.musinsa.com/api2/goods/3132891,restored_survey
musinsa,6534177,6534177,,상의 > 민소매 티셔츠,,https://goods-detail.musinsa.com/api2/goods/6534177,restored_survey
musinsa,6778749,6778749,,상의 > 반소매 티셔츠,,https://goods-detail.musinsa.com/api2/goods/6778749,restored_survey
musinsa,4059353,4059353,,상의 > 반소매 티셔츠,,https://goods-detail.musinsa.com/api2/goods/4059353,restored_survey
musinsa,6666875,6666875,,상의 > 반소매 티셔츠,,https://goods-detail.musinsa.com/api2/goods/6666875,restored_survey
musinsa,6761404,6761404,,상의 > 반소매 티셔츠,,https://goods-detail.musinsa.com/api2/goods/6761404,restored_survey
musinsa,6789405,6789405,,상의 > 반소매 티셔츠,,https://goods-detail.musinsa.com/api2/goods/6789405,restored_survey
musinsa,6656593,6656593,,상의 > 긴소매 티셔츠,,https://goods-detail.musinsa.com/api2/goods/6656593,restored_survey
musinsa,6689485,6689485,,상의 > 긴소매 티셔츠,,https://goods-detail.musinsa.com/api2/goods/6689485,restored_survey
musinsa,6737107,6737107,,상의 > 반소매 티셔츠,,https://goods-detail.musinsa.com/api2/goods/6737107,restored_survey
musinsa,6590780,6590780,,상의 > 니트 > 스웨터,,https://goods-detail.musinsa.com/api2/goods/6590780,restored_survey
musinsa,6709673,6709673,,상의 > 반소매 티셔츠,,https://goods-detail.musinsa.com/api2/goods/6709673,restored_survey
musinsa,6745094,6745094,,스포츠 > 레저 > 상의 > 반소매 티셔츠,,https://goods-detail.musinsa.com/api2/goods/6745094,restored_survey
musinsa,6385445,6385445,,상의 > 셔츠 > 블라우스,,https://goods-detail.musinsa.com/api2/goods/6385445,restored_survey
musinsa,6408788,6408788,,상의 > 반소매 티셔츠,,https://goods-detail.musinsa.com/api2/goods/6408788,restored_survey
musinsa,6774915,6774915,,상의 > 반소매 티셔츠,,https://goods-detail.musinsa.com/api2/goods/6774915,restored_survey
musinsa,6693866,6693866,,상의 > 반소매 티셔츠,,https://goods-detail.musinsa.com/api2/goods/6693866,restored_survey
musinsa,4093932,4093932,,상의 > 셔츠 > 블라우스,,https://goods-detail.musinsa.com/api2/goods/4093932,restored_survey
musinsa,6704378,6704378,,상의 > 반소매 티셔츠,,https://goods-detail.musinsa.com/api2/goods/6704378,restored_survey
musinsa,6755261,6755261,,상의 > 반소매 티셔츠,,https://goods-detail.musinsa.com/api2/goods/6755261,restored_survey
musinsa,6656633,6656633,,상의 > 반소매 티셔츠,,https://goods-detail.musinsa.com/api2/goods/6656633,restored_survey
musinsa,4739114,4739114,,상의 > 반소매 티셔츠,,https://goods-detail.musinsa.com/api2/goods/4739114,restored_survey
musinsa,5897661,5897661,,상의 > 셔츠 > 블라우스,,https://goods-detail.musinsa.com/api2/goods/5897661,restored_survey
musinsa,6715231,6715231,,상의 > 반소매 티셔츠,,https://goods-detail.musinsa.com/api2/goods/6715231,restored_survey
musinsa,6786576,6786576,,상의 > 기타 상의,,https://goods-detail.musinsa.com/api2/goods/6786576,restored_survey
musinsa,5310167,5310167,,상의 > 셔츠 > 블라우스,,https://goods-detail.musinsa.com/api2/goods/5310167,restored_survey
musinsa,6656596,6656596,,상의 > 긴소매 티셔츠,,https://goods-detail.musinsa.com/api2/goods/6656596,restored_survey
musinsa,6609390,6609390,,상의 > 반소매 티셔츠,,https://goods-detail.musinsa.com/api2/goods/6609390,restored_survey
musinsa,6706361,6706361,,상의 > 반소매 티셔츠,,https://goods-detail.musinsa.com/api2/goods/6706361,restored_survey
musinsa,6305662,6305662,,상의 > 셔츠 > 블라우스,,https://goods-detail.musinsa.com/api2/goods/6305662,restored_survey
musinsa,6768741,6768741,,상의 > 반소매 티셔츠,,https://goods-detail.musinsa.com/api2/goods/6768741,restored_survey
musinsa,6200629,6200629,,상의 > 반소매 티셔츠,,https://goods-detail.musinsa.com/api2/goods/6200629,restored_survey
musinsa,4513309,4513309,,아우터 > 후드 집업,,https://goods-detail.musinsa.com/api2/goods/4513309,restored_survey
musinsa,6499914,6499914,,아우터 > 카디건,,https://goods-detail.musinsa.com/api2/goods/6499914,restored_survey
musinsa,4336062,4336062,,아우터 > 트레이닝 재킷,,https://goods-detail.musinsa.com/api2/goods/4336062,restored_survey
musinsa,4652853,4652853,,아우터 > 나일론 > 코치 재킷,,https://goods-detail.musinsa.com/api2/goods/4652853,restored_survey
musinsa,4719977,4719977,,아우터 > 나일론 > 코치 재킷,,https://goods-detail.musinsa.com/api2/goods/4719977,restored_survey
musinsa,6319969,6319969,,아우터 > 카디건,,https://goods-detail.musinsa.com/api2/goods/6319969,restored_survey
musinsa,6695701,6695701,,아우터 > 후드 집업,,https://goods-detail.musinsa.com/api2/goods/6695701,restored_survey
musinsa,5104486,5104486,,아우터 > 카디건,,https://goods-detail.musinsa.com/api2/goods/5104486,restored_survey
musinsa,6273570,6273570,,아우터 > 카디건,,https://goods-detail.musinsa.com/api2/goods/6273570,restored_survey
musinsa,6005543,6005543,,아우터 > 나일론 > 코치 재킷,,https://goods-detail.musinsa.com/api2/goods/6005543,restored_survey
musinsa,2398609,2398609,,아우터 > 슈트 > 블레이저 재킷,,https://goods-detail.musinsa.com/api2/goods/2398609,restored_survey
musinsa,6127744,6127744,,아우터 > 카디건,,https://goods-detail.musinsa.com/api2/goods/6127744,restored_survey
musinsa,6401861,6401861,,아우터 > 카디건,,https://goods-detail.musinsa.com/api2/goods/6401861,restored_survey
musinsa,5980112,5980112,,아우터 > 카디건,,https://goods-detail.musinsa.com/api2/goods/5980112,restored_survey
musinsa,6480709,6480709,,아우터 > 나일론 > 코치 재킷,,https://goods-detail.musinsa.com/api2/goods/6480709,restored_survey
musinsa,6026203,6026203,,아우터 > 슈트 > 블레이저 재킷,,https://goods-detail.musinsa.com/api2/goods/6026203,restored_survey
musinsa,4821229,4821229,,아우터 > 기타 아우터,,https://goods-detail.musinsa.com/api2/goods/4821229,restored_survey
musinsa,6041618,6041618,,아우터 > 나일론 > 코치 재킷,,https://goods-detail.musinsa.com/api2/goods/6041618,restored_survey
musinsa,6284785,6284785,,아우터 > 기타 아우터,,https://goods-detail.musinsa.com/api2/goods/6284785,restored_survey
musinsa,2444810,2444810,,아우터 > 슈트 > 블레이저 재킷,,https://goods-detail.musinsa.com/api2/goods/2444810,restored_survey
musinsa,6721671,6721671,,아우터 > 후드 집업,,https://goods-detail.musinsa.com/api2/goods/6721671,restored_survey
musinsa,5992470,5992470,,아우터 > 나일론 > 코치 재킷,,https://goods-detail.musinsa.com/api2/goods/5992470,restored_survey
musinsa,5990761,5990761,,아우터 > 나일론 > 코치 재킷,,https://goods-detail.musinsa.com/api2/goods/5990761,restored_survey
musinsa,6227070,6227070,,아우터 > 카디건,,https://goods-detail.musinsa.com/api2/goods/6227070,restored_survey
musinsa,5626716,5626716,,아우터 > 카디건,,https://goods-detail.musinsa.com/api2/goods/5626716,restored_survey
musinsa,5973119,5973119,,아우터 > 나일론 > 코치 재킷,,https://goods-detail.musinsa.com/api2/goods/5973119,restored_survey
musinsa,5345115,5345115,,아우터 > 후드 집업,,https://goods-detail.musinsa.com/api2/goods/5345115,restored_survey
musinsa,3776694,3776694,,아우터 > 나일론 > 코치 재킷,,https://goods-detail.musinsa.com/api2/goods/3776694,restored_survey
musinsa,4795032,4795032,,아우터 > 나일론 > 코치 재킷,,https://goods-detail.musinsa.com/api2/goods/4795032,restored_survey
musinsa,6593581,6593581,,아우터 > 카디건,,https://goods-detail.musinsa.com/api2/goods/6593581,restored_survey
musinsa,6794273,6794273,,아우터 > 후드 집업,,https://goods-detail.musinsa.com/api2/goods/6794273,restored_survey
musinsa,1803462,1803462,,아우터 > 슈트 > 블레이저 재킷,,https://goods-detail.musinsa.com/api2/goods/1803462,restored_survey
musinsa,6458651,6458651,,아우터 > 카디건,,https://goods-detail.musinsa.com/api2/goods/6458651,restored_survey
musinsa,6402661,6402661,,아우터 > 카디건,,https://goods-detail.musinsa.com/api2/goods/6402661,restored_survey
musinsa,6806873,6806873,,아우터 > 후드 집업,,https://goods-detail.musinsa.com/api2/goods/6806873,restored_survey
musinsa,4651436,4651436,,아우터 > 카디건,,https://goods-detail.musinsa.com/api2/goods/4651436,restored_survey
musinsa,6291325,6291325,,아우터 > 카디건,,https://goods-detail.musinsa.com/api2/goods/6291325,restored_survey
musinsa,5178636,5178636,,아우터 > 카디건,,https://goods-detail.musinsa.com/api2/goods/5178636,restored_survey
musinsa,6127741,6127741,,아우터 > 카디건,,https://goods-detail.musinsa.com/api2/goods/6127741,restored_survey
musinsa,5097306,5097306,,아우터 > 슈트 > 블레이저 재킷,,https://goods-detail.musinsa.com/api2/goods/5097306,restored_survey
musinsa,5329361,5329361,,아우터 > 후드 집업,,https://goods-detail.musinsa.com/api2/goods/5329361,restored_survey
musinsa,6219777,6219777,,아우터 > 나일론 > 코치 재킷,,https://goods-detail.musinsa.com/api2/goods/6219777,restored_survey
musinsa,6426535,6426535,,아우터 > 후드 집업,,https://goods-detail.musinsa.com/api2/goods/6426535,restored_survey
musinsa,6048605,6048605,,아우터 > 트레이닝 재킷,,https://goods-detail.musinsa.com/api2/goods/6048605,restored_survey
musinsa,3972476,3972476,,아우터 > 카디건,,https://goods-detail.musinsa.com/api2/goods/3972476,restored_survey
musinsa,5283519,5283519,,아우터 > 카디건,,https://goods-detail.musinsa.com/api2/goods/5283519,restored_survey
musinsa,6326050,6326050,,아우터 > 카디건,,https://goods-detail.musinsa.com/api2/goods/6326050,restored_survey
musinsa,5695795,5695795,,아우터 > 카디건,,https://goods-detail.musinsa.com/api2/goods/5695795,restored_survey
musinsa,4619961,4619961,,아우터 > 슈트 > 블레이저 재킷,,https://goods-detail.musinsa.com/api2/goods/4619961,restored_survey
musinsa,6670811,6670811,,스포츠 > 레저 > 아우터 > 나일론 > 코치 재킷,,https://goods-detail.musinsa.com/api2/goods/6670811,restored_survey
musinsa,6401860,6401860,,아우터 > 카디건,,https://goods-detail.musinsa.com/api2/goods/6401860,restored_survey
musinsa,5479465,5479465,,아우터 > 경량 패딩 > 패딩 베스트 > 경량 패딩,,https://goods-detail.musinsa.com/api2/goods/5479465,restored_survey
musinsa,6111537,6111537,,아우터 > 슈트 > 블레이저 재킷,,https://goods-detail.musinsa.com/api2/goods/6111537,restored_survey
musinsa,4109246,4109246,,아우터 > 나일론 > 코치 재킷,,https://goods-detail.musinsa.com/api2/goods/4109246,restored_survey
musinsa,3790852,3790852,,아우터 > 나일론 > 코치 재킷,,https://goods-detail.musinsa.com/api2/goods/3790852,restored_survey
musinsa,6271693,6271693,,아우터 > 트레이닝 재킷,,https://goods-detail.musinsa.com/api2/goods/6271693,restored_survey
musinsa,6314223,6314223,,아우터 > 카디건,,https://goods-detail.musinsa.com/api2/goods/6314223,restored_survey
musinsa,1558197,1558197,,아우터 > 슈트 > 블레이저 재킷,,https://goods-detail.musinsa.com/api2/goods/1558197,restored_survey
musinsa,5894308,5894308,,아우터 > 경량 패딩 > 패딩 베스트 > 경량 패딩,,https://goods-detail.musinsa.com/api2/goods/5894308,restored_survey
musinsa,4800605,4800605,,아우터 > 슈트 > 블레이저 재킷,,https://goods-detail.musinsa.com/api2/goods/4800605,restored_survey
musinsa,6719352,6719352,,바지 > 데님 팬츠,,https://goods-detail.musinsa.com/api2/goods/6719352,restored_survey
musinsa,6724257,6724257,,바지 > 데님 팬츠,,https://goods-detail.musinsa.com/api2/goods/6724257,restored_survey
musinsa,6609200,6609200,,바지 > 코튼 팬츠,,https://goods-detail.musinsa.com/api2/goods/6609200,restored_survey
musinsa,2578996,2578996,,바지 > 슈트 팬츠 > 슬랙스,,https://goods-detail.musinsa.com/api2/goods/2578996,restored_survey
musinsa,6829724,6829724,,바지 > 기타 하의,,https://goods-detail.musinsa.com/api2/goods/6829724,restored_survey
musinsa,6461382,6461382,,바지 > 코튼 팬츠,,https://goods-detail.musinsa.com/api2/goods/6461382,restored_survey
musinsa,5987009,5987009,,바지 > 트레이닝 > 조거 팬츠,,https://goods-detail.musinsa.com/api2/goods/5987009,restored_survey
musinsa,6837218,6837218,,바지 > 기타 하의,,https://goods-detail.musinsa.com/api2/goods/6837218,restored_survey
musinsa,6518709,6518709,,바지 > 기타 하의,,https://goods-detail.musinsa.com/api2/goods/6518709,restored_survey
musinsa,2796118,2796118,,바지 > 데님 팬츠,,https://goods-detail.musinsa.com/api2/goods/2796118,restored_survey
musinsa,750908,750908,,바지 > 슈트 팬츠 > 슬랙스,,https://goods-detail.musinsa.com/api2/goods/750908,restored_survey
musinsa,6656659,6656659,,바지 > 숏 팬츠,,https://goods-detail.musinsa.com/api2/goods/6656659,restored_survey
musinsa,5886363,5886363,,바지 > 코튼 팬츠,,https://goods-detail.musinsa.com/api2/goods/5886363,restored_survey
musinsa,5279560,5279560,,바지 > 코튼 팬츠,,https://goods-detail.musinsa.com/api2/goods/5279560,restored_survey
musinsa,6723562,6723562,,바지 > 데님 팬츠,,https://goods-detail.musinsa.com/api2/goods/6723562,restored_survey
musinsa,6786592,6786592,,바지 > 숏 팬츠,,https://goods-detail.musinsa.com/api2/goods/6786592,restored_survey
musinsa,6385539,6385539,,바지 > 슈트 팬츠 > 슬랙스,,https://goods-detail.musinsa.com/api2/goods/6385539,restored_survey
musinsa,1803235,1803235,,바지 > 슈트 팬츠 > 슬랙스,,https://goods-detail.musinsa.com/api2/goods/1803235,restored_survey
musinsa,6729879,6729879,,바지 > 트레이닝 > 조거 팬츠,,https://goods-detail.musinsa.com/api2/goods/6729879,restored_survey
musinsa,6729526,6729526,,스포츠 > 레저 > 하의 > 기타 바지,,https://goods-detail.musinsa.com/api2/goods/6729526,restored_survey
musinsa,6679899,6679899,,스포츠 > 레저 > 하의 > 기타 바지,,https://goods-detail.musinsa.com/api2/goods/6679899,restored_survey
musinsa,6532779,6532779,,바지 > 코튼 팬츠,,https://goods-detail.musinsa.com/api2/goods/6532779,restored_survey
musinsa,6754165,6754165,,바지 > 트레이닝 > 조거 팬츠,,https://goods-detail.musinsa.com/api2/goods/6754165,restored_survey
musinsa,3791988,3791988,,바지 > 데님 팬츠,,https://goods-detail.musinsa.com/api2/goods/3791988,restored_survey
musinsa,3154695,3154695,,바지 > 슈트 팬츠 > 슬랙스,,https://goods-detail.musinsa.com/api2/goods/3154695,restored_survey
musinsa,6697003,6697003,,바지 > 숏 팬츠,,https://goods-detail.musinsa.com/api2/goods/6697003,restored_survey
musinsa,1884480,1884480,,바지 > 숏 팬츠,,https://goods-detail.musinsa.com/api2/goods/1884480,restored_survey
musinsa,2124438,2124438,,바지 > 슈트 팬츠 > 슬랙스,,https://goods-detail.musinsa.com/api2/goods/2124438,restored_survey
musinsa,4827195,4827195,,바지 > 슈트 팬츠 > 슬랙스,,https://goods-detail.musinsa.com/api2/goods/4827195,restored_survey
musinsa,3201942,3201942,,바지 > 데님 팬츠,,https://goods-detail.musinsa.com/api2/goods/3201942,restored_survey
musinsa,6697020,6697020,,바지 > 트레이닝 > 조거 팬츠,,https://goods-detail.musinsa.com/api2/goods/6697020,restored_survey
musinsa,5358816,5358816,,바지 > 데님 팬츠,,https://goods-detail.musinsa.com/api2/goods/5358816,restored_survey
musinsa,4663938,4663938,,바지 > 기타 하의,,https://goods-detail.musinsa.com/api2/goods/4663938,restored_survey
musinsa,2609006,2609006,,바지 > 슈트 팬츠 > 슬랙스,,https://goods-detail.musinsa.com/api2/goods/2609006,restored_survey
musinsa,6146614,6146614,,바지 > 숏 팬츠,,https://goods-detail.musinsa.com/api2/goods/6146614,restored_survey
musinsa,5413150,5413150,,바지 > 코튼 팬츠,,https://goods-detail.musinsa.com/api2/goods/5413150,restored_survey
musinsa,5354512,5354512,,바지 > 슈트 팬츠 > 슬랙스,,https://goods-detail.musinsa.com/api2/goods/5354512,restored_survey
musinsa,4702364,4702364,,바지 > 트레이닝 > 조거 팬츠,,https://goods-detail.musinsa.com/api2/goods/4702364,restored_survey
musinsa,4933453,4933453,,바지 > 데님 팬츠,,https://goods-detail.musinsa.com/api2/goods/4933453,restored_survey
musinsa,4190655,4190655,,바지 > 숏 팬츠,,https://goods-detail.musinsa.com/api2/goods/4190655,restored_survey
musinsa,6809660,6809660,,스포츠 > 레저 > 하의 > 숏팬츠,,https://goods-detail.musinsa.com/api2/goods/6809660,restored_survey
musinsa,4071959,4071959,,바지 > 숏 팬츠,,https://goods-detail.musinsa.com/api2/goods/4071959,restored_survey
musinsa,6694431,6694431,,바지 > 트레이닝 > 조거 팬츠,,https://goods-detail.musinsa.com/api2/goods/6694431,restored_survey
musinsa,4993190,4993190,,바지 > 코튼 팬츠,,https://goods-detail.musinsa.com/api2/goods/4993190,restored_survey
musinsa,5152458,5152458,,바지 > 슈트 팬츠 > 슬랙스,,https://goods-detail.musinsa.com/api2/goods/5152458,restored_survey
musinsa,6733025,6733025,,바지 > 데님 팬츠,,https://goods-detail.musinsa.com/api2/goods/6733025,restored_survey
musinsa,4108579,4108579,,바지 > 슈트 팬츠 > 슬랙스,,https://goods-detail.musinsa.com/api2/goods/4108579,restored_survey
musinsa,6373202,6373202,,바지 > 코튼 팬츠,,https://goods-detail.musinsa.com/api2/goods/6373202,restored_survey
musinsa,2303284,2303284,,바지 > 데님 팬츠,,https://goods-detail.musinsa.com/api2/goods/2303284,restored_survey
musinsa,6152463,6152463,,바지 > 기타 하의,,https://goods-detail.musinsa.com/api2/goods/6152463,restored_survey
musinsa,3306719,3306719,,바지 > 코튼 팬츠,,https://goods-detail.musinsa.com/api2/goods/3306719,restored_survey
musinsa,4719540,4719540,,바지 > 숏 팬츠,,https://goods-detail.musinsa.com/api2/goods/4719540,restored_survey
musinsa,3189629,3189629,,바지 > 코튼 팬츠,,https://goods-detail.musinsa.com/api2/goods/3189629,restored_survey
musinsa,6102673,6102673,,바지 > 코튼 팬츠,,https://goods-detail.musinsa.com/api2/goods/6102673,restored_survey
musinsa,3943088,3943088,,바지 > 트레이닝 > 조거 팬츠,,https://goods-detail.musinsa.com/api2/goods/3943088,restored_survey
musinsa,6454409,6454409,,바지 > 코튼 팬츠,,https://goods-detail.musinsa.com/api2/goods/6454409,restored_survey
musinsa,3837942,3837942,,바지 > 트레이닝 > 조거 팬츠,,https://goods-detail.musinsa.com/api2/goods/3837942,restored_survey
musinsa,3274287,3274287,,바지 > 트레이닝 > 조거 팬츠,,https://goods-detail.musinsa.com/api2/goods/3274287,restored_survey
musinsa,5946738,5946738,,바지 > 데님 팬츠,,https://goods-detail.musinsa.com/api2/goods/5946738,restored_survey
musinsa,6390295,6390295,,바지 > 데님 팬츠,,https://goods-detail.musinsa.com/api2/goods/6390295,restored_survey
musinsa,6696985,6696985,,원피스 > 스커트 > 미니원피스,,https://goods-detail.musinsa.com/api2/goods/6696985,restored_survey
musinsa,6515986,6515986,,원피스 > 스커트 > 미디스커트,,https://goods-detail.musinsa.com/api2/goods/6515986,restored_survey
musinsa,6786600,6786600,,원피스 > 스커트 > 미디원피스,,https://goods-detail.musinsa.com/api2/goods/6786600,restored_survey
musinsa,6677393,6677393,,원피스 > 스커트 > 미디원피스,,https://goods-detail.musinsa.com/api2/goods/6677393,restored_survey
musinsa,6458570,6458570,,원피스 > 스커트 > 맥시원피스,,https://goods-detail.musinsa.com/api2/goods/6458570,restored_survey
musinsa,6411854,6411854,,원피스 > 스커트 > 미니원피스,,https://goods-detail.musinsa.com/api2/goods/6411854,restored_survey
musinsa,6721706,6721706,,원피스 > 스커트 > 미니스커트,,https://goods-detail.musinsa.com/api2/goods/6721706,restored_survey
musinsa,6693986,6693986,,원피스 > 스커트 > 미니원피스,,https://goods-detail.musinsa.com/api2/goods/6693986,restored_survey
musinsa,5991125,5991125,,원피스 > 스커트 > 미디원피스,,https://goods-detail.musinsa.com/api2/goods/5991125,restored_survey
musinsa,4687212,4687212,,원피스 > 스커트 > 미니스커트,,https://goods-detail.musinsa.com/api2/goods/4687212,restored_survey
musinsa,6786762,6786762,,원피스 > 스커트 > 미니스커트,,https://goods-detail.musinsa.com/api2/goods/6786762,restored_survey
musinsa,5134734,5134734,,원피스 > 스커트 > 맥시원피스,,https://goods-detail.musinsa.com/api2/goods/5134734,restored_survey
musinsa,4154987,4154987,,원피스 > 스커트 > 맥시원피스,,https://goods-detail.musinsa.com/api2/goods/4154987,restored_survey
musinsa,4622191,4622191,,원피스 > 스커트 > 미니원피스,,https://goods-detail.musinsa.com/api2/goods/4622191,restored_survey
musinsa,5199474,5199474,,원피스 > 스커트 > 미니원피스,,https://goods-detail.musinsa.com/api2/goods/5199474,restored_survey
musinsa,6746766,6746766,,원피스 > 스커트 > 미니원피스,,https://goods-detail.musinsa.com/api2/goods/6746766,restored_survey
musinsa,5698175,5698175,,원피스 > 스커트 > 미디스커트,,https://goods-detail.musinsa.com/api2/goods/5698175,restored_survey
musinsa,6305730,6305730,,원피스 > 스커트 > 롱스커트,,https://goods-detail.musinsa.com/api2/goods/6305730,restored_survey
musinsa,6488982,6488982,,원피스 > 스커트 > 맥시원피스,,https://goods-detail.musinsa.com/api2/goods/6488982,restored_survey
musinsa,6472215,6472215,,원피스 > 스커트 > 미디스커트,,https://goods-detail.musinsa.com/api2/goods/6472215,restored_survey
uniqlo,E465755,E465755-000,000,kr > ko > women > tops > t-shirts,,카테고리 URL 경로,restored_survey
uniqlo,E480054,E480054-000,000,kr > ko > women > tops > t-shirts,,카테고리 URL 경로,restored_survey
uniqlo,E424873,E424873-000,000,kr > ko > women > tops > t-shirts,,카테고리 URL 경로,restored_survey
uniqlo,E488087,E488087-000,000,kr > ko > women > tops > t-shirts,,카테고리 URL 경로,restored_survey
uniqlo,E483268,E483268-000,000,kr > ko > women > tops > t-shirts,,카테고리 URL 경로,restored_survey
uniqlo,E484418,E484418-001,001,kr > ko > women > tops > t-shirts,,카테고리 URL 경로,restored_survey
uniqlo,E484421,E484421-000,000,kr > ko > women > tops > t-shirts,,카테고리 URL 경로,restored_survey
uniqlo,E484418,E484418-000,000,kr > ko > women > tops > t-shirts,,카테고리 URL 경로,restored_survey
uniqlo,E465760,E465760-000,000,kr > ko > women > tops > t-shirts,,카테고리 URL 경로,restored_survey
uniqlo,E485025,E485025-000,000,kr > ko > women > tops > t-shirts,,카테고리 URL 경로,restored_survey
uniqlo,E484457,E484457-000,000,kr > ko > women > tops > t-shirts,,카테고리 URL 경로,restored_survey
uniqlo,E483535,E483535-000,000,kr > ko > women > tops > t-shirts,,카테고리 URL 경로,restored_survey
uniqlo,E487277,E487277-000,000,kr > ko > women > tops > t-shirts,,카테고리 URL 경로,restored_survey
uniqlo,E483461,E483461-000,000,kr > ko > women > tops > t-shirts,,카테고리 URL 경로,restored_survey
uniqlo,E483576,E483576-000,000,kr > ko > women > tops > t-shirts,,카테고리 URL 경로,restored_survey
uniqlo,E487819,E487819-000,000,kr > ko > women > tops > t-shirts,,카테고리 URL 경로,restored_survey
uniqlo,E483463,E483463-000,000,kr > ko > women > tops > t-shirts,,카테고리 URL 경로,restored_survey
uniqlo,E483479,E483479-000,000,kr > ko > women > tops > t-shirts,,카테고리 URL 경로,restored_survey
uniqlo,E485642,E485642-000,000,kr > ko > women > tops > t-shirts,,카테고리 URL 경로,restored_survey
uniqlo,E485647,E485647-000,000,kr > ko > women > tops > t-shirts,,카테고리 URL 경로,restored_survey
uniqlo,E484226,E484226-000,000,kr > ko > women > tops > t-shirts,,카테고리 URL 경로,restored_survey
uniqlo,E484227,E484227-000,000,kr > ko > women > tops > t-shirts,,카테고리 URL 경로,restored_survey
uniqlo,E484228,E484228-000,000,kr > ko > women > tops > t-shirts,,카테고리 URL 경로,restored_survey
uniqlo,E485610,E485610-000,000,kr > ko > women > tops > t-shirts,,카테고리 URL 경로,restored_survey
uniqlo,E488088,E488088-000,000,kr > ko > women > tops > t-shirts,,카테고리 URL 경로,restored_survey
uniqlo,E488088,E488088-001,001,kr > ko > women > tops > t-shirts,,카테고리 URL 경로,restored_survey
uniqlo,E485710,E485710-000,000,kr > ko > women > tops > t-shirts,,카테고리 URL 경로,restored_survey
uniqlo,E485709,E485709-000,000,kr > ko > women > tops > t-shirts,,카테고리 URL 경로,restored_survey
uniqlo,E485711,E485711-000,000,kr > ko > women > tops > t-shirts,,카테고리 URL 경로,restored_survey
uniqlo,E470143,E470143-000,000,kr > ko > women > tops > t-shirts,,카테고리 URL 경로,restored_survey
uniqlo,E489372,E489372-000,000,kr > ko > women > tops > t-shirts,,카테고리 URL 경로,restored_survey
uniqlo,E487579,E487579-000,000,kr > ko > women > tops > t-shirts,,카테고리 URL 경로,restored_survey
uniqlo,E488298,E488298-000,000,kr > ko > women > tops > t-shirts,,카테고리 URL 경로,restored_survey
uniqlo,E487908,E487908-000,000,kr > ko > women > tops > t-shirts,,카테고리 URL 경로,restored_survey
uniqlo,E465751,E465751-000,000,kr > ko > women > tops > t-shirts,,카테고리 URL 경로,restored_survey
uniqlo,E469292,E469292-000,000,kr > ko > men > outerwear,,카테고리 URL 경로,restored_survey
uniqlo,E469292,E469292-001,001,kr > ko > men > outerwear,,카테고리 URL 경로,restored_survey
uniqlo,E486164,E486164-000,000,kr > ko > men > outerwear,,카테고리 URL 경로,restored_survey
uniqlo,E484610,E484610-000,000,kr > ko > men > outerwear,,카테고리 URL 경로,restored_survey
uniqlo,E491096,E491096-000,000,kr > ko > men > outerwear,,카테고리 URL 경로,restored_survey
uniqlo,E487688,E487688-000,000,kr > ko > men > outerwear,,카테고리 URL 경로,restored_survey
uniqlo,E488829,E488829-000,000,kr > ko > men > outerwear,,카테고리 URL 경로,restored_survey
uniqlo,E488828,E488828-000,000,kr > ko > men > outerwear,,카테고리 URL 경로,restored_survey
uniqlo,E484249,E484249-000,000,kr > ko > men > outerwear,,카테고리 URL 경로,restored_survey
uniqlo,E486167,E486167-000,000,kr > ko > men > outerwear,,카테고리 URL 경로,restored_survey
uniqlo,E482443,E482443-000,000,kr > ko > men > outerwear,,카테고리 URL 경로,restored_survey
uniqlo,E465203,E465203-000,000,kr > ko > men > outerwear,,카테고리 URL 경로,restored_survey
uniqlo,E483975,E483975-000,000,kr > ko > men > outerwear,,카테고리 URL 경로,restored_survey
uniqlo,E469956,E469956-000,000,kr > ko > men > outerwear,,카테고리 URL 경로,restored_survey
uniqlo,E450195,E450195-000,000,kr > ko > men > outerwear,,카테고리 URL 경로,restored_survey
uniqlo,E448034,E448034-000,000,kr > ko > men > outerwear,,카테고리 URL 경로,restored_survey
uniqlo,E468671,E468671-000,000,kr > ko > men > outerwear,,카테고리 URL 경로,restored_survey
uniqlo,E477704,E477704-000,000,kr > ko > men > outerwear,,카테고리 URL 경로,restored_survey
uniqlo,E444557,E444557-000,000,kr > ko > men > outerwear,,카테고리 URL 경로,restored_survey
uniqlo,E444557,E444557-001,001,kr > ko > men > outerwear,,카테고리 URL 경로,restored_survey
uniqlo,E448041,E448041-000,000,kr > ko > men > outerwear,,카테고리 URL 경로,restored_survey
uniqlo,E448042,E448042-000,000,kr > ko > men > outerwear,,카테고리 URL 경로,restored_survey
uniqlo,E448043,E448043-000,000,kr > ko > men > outerwear,,카테고리 URL 경로,restored_survey
uniqlo,E448040,E448040-000,000,kr > ko > men > outerwear,,카테고리 URL 경로,restored_survey
uniqlo,E448044,E448044-000,000,kr > ko > men > outerwear,,카테고리 URL 경로,restored_survey
uniqlo,E484209,E484209-000,000,kr > ko > men > bottoms,,카테고리 URL 경로,restored_survey
uniqlo,E482965,E482965-000,000,kr > ko > men > bottoms,,카테고리 URL 경로,restored_survey
uniqlo,E482944,E482944-000,000,kr > ko > men > bottoms,,카테고리 URL 경로,restored_survey
uniqlo,E487891,E487891-000,000,kr > ko > men > bottoms,,카테고리 URL 경로,restored_survey
uniqlo,E487892,E487892-000,000,kr > ko > men > bottoms,,카테고리 URL 경로,restored_survey
uniqlo,E489142,E489142-000,000,kr > ko > men > bottoms,,카테고리 URL 경로,restored_survey
uniqlo,E488997,E488997-000,000,kr > ko > men > bottoms,,카테고리 URL 경로,restored_survey
uniqlo,E489125,E489125-000,000,kr > ko > men > bottoms,,카테고리 URL 경로,restored_survey
uniqlo,E482260,E482260-000,000,kr > ko > men > bottoms,,카테고리 URL 경로,restored_survey
uniqlo,E481582,E481582-000,000,kr > ko > men > bottoms,,카테고리 URL 경로,restored_survey
uniqlo,E458325,E458325-000,000,kr > ko > men > bottoms,,카테고리 URL 경로,restored_survey
uniqlo,E481583,E481583-000,000,kr > ko > men > bottoms,,카테고리 URL 경로,restored_survey
uniqlo,E485739,E485739-000,000,kr > ko > men > bottoms,,카테고리 URL 경로,restored_survey
uniqlo,E482758,E482758-000,000,kr > ko > men > bottoms,,카테고리 URL 경로,restored_survey
uniqlo,E476225,E476225-000,000,kr > ko > men > bottoms,,카테고리 URL 경로,restored_survey
uniqlo,E483512,E483512-000,000,kr > ko > women > bottoms,,카테고리 URL 경로,restored_survey
uniqlo,E483912,E483912-000,000,kr > ko > women > bottoms,,카테고리 URL 경로,restored_survey
uniqlo,E473696,E473696-000,000,kr > ko > women > bottoms,,카테고리 URL 경로,restored_survey
uniqlo,E482172,E482172-000,000,kr > ko > women > bottoms,,카테고리 URL 경로,restored_survey
uniqlo,E482646,E482646-000,000,kr > ko > women > bottoms,,카테고리 URL 경로,restored_survey
uniqlo,E482648,E482648-000,000,kr > ko > women > bottoms,,카테고리 URL 경로,restored_survey
uniqlo,E483913,E483913-000,000,kr > ko > women > bottoms,,카테고리 URL 경로,restored_survey
uniqlo,E484598,E484598-000,000,kr > ko > women > bottoms,,카테고리 URL 경로,restored_survey
uniqlo,E485593,E485593-000,000,kr > ko > women > bottoms,,카테고리 URL 경로,restored_survey
uniqlo,E488694,E488694-000,000,kr > ko > women > bottoms,,카테고리 URL 경로,restored_survey
uniqlo,E488010,E488010-000,000,kr > ko > women > bottoms,,카테고리 URL 경로,restored_survey
uniqlo,E480302,E480302-000,000,kr > ko > women > bottoms,,카테고리 URL 경로,restored_survey
uniqlo,E475386,E475386-000,000,kr > ko > women > bottoms,,카테고리 URL 경로,restored_survey
uniqlo,E488371,E488371-000,000,kr > ko > women > bottoms,,카테고리 URL 경로,restored_survey
uniqlo,E482937,E482937-000,000,kr > ko > women > bottoms,,카테고리 URL 경로,restored_survey
uniqlo,E482983,E482983-000,000,kr > ko > women > dress-and-skirts,,카테고리 URL 경로,restored_survey
uniqlo,E487286,E487286-000,000,kr > ko > women > dress-and-skirts,,카테고리 URL 경로,restored_survey
uniqlo,E482982,E482982-000,000,kr > ko > women > dress-and-skirts,,카테고리 URL 경로,restored_survey
uniqlo,E483564,E483564-000,000,kr > ko > women > dress-and-skirts,,카테고리 URL 경로,restored_survey
uniqlo,E487278,E487278-000,000,kr > ko > women > dress-and-skirts,,카테고리 URL 경로,restored_survey
uniqlo,E484026,E484026-000,000,kr > ko > women > dress-and-skirts,,카테고리 URL 경로,restored_survey
uniqlo,E488216,E488216-000,000,kr > ko > women > dress-and-skirts,,카테고리 URL 경로,restored_survey
uniqlo,E488216,E488216-001,001,kr > ko > women > dress-and-skirts,,카테고리 URL 경로,restored_survey
uniqlo,E483986,E483986-000,000,kr > ko > women > dress-and-skirts,,카테고리 URL 경로,restored_survey
uniqlo,E487822,E487822-000,000,kr > ko > women > dress-and-skirts,,카테고리 URL 경로,restored_survey
