source,product_key,product_name,audience,category_path,depth1_name,depth1_code,depth2_name,depth2_code,depth3_name,depth3_code,depth4_name,depth4_code,evidence_url
musinsa,6708161,데일리 롤업 레이어드 ST 크롭 티셔츠-3Color,남성,상의 > 반소매 티셔츠,상의,001,반소매 티셔츠,001001,,,,,https://goods-detail.musinsa.com/api2/goods/6708161
musinsa,6797266,[SET] Black Square Neck Lace Pocket T-shirt + Lace Belted Shorts,여성,상의 > 반소매 티셔츠,상의,001,반소매 티셔츠,001001,,,,,https://goods-detail.musinsa.com/api2/goods/6797266
musinsa,6693832,Enter half sleeve button tee - Pink,여성,상의 > 반소매 티셔츠,상의,001,반소매 티셔츠,001001,,,,,https://goods-detail.musinsa.com/api2/goods/6693832
musinsa,6755330,캉캉이 라운드넥 반소매 블라우스 네이비,여성,상의 > 셔츠 > 블라우스,상의,001,셔츠/블라우스,001002,,,,,https://goods-detail.musinsa.com/api2/goods/6755330
musinsa,6732631,Hearts Slim Fit T-shirts Lime,여성,상의 > 반소매 티셔츠,상의,001,반소매 티셔츠,001001,,,,,https://goods-detail.musinsa.com/api2/goods/6732631
musinsa,6797265,[SET] Charcoal Square Neck Lace Pocket T-shirt + Lace Belted Shorts,여성,상의 > 반소매 티셔츠,상의,001,반소매 티셔츠,001001,,,,,https://goods-detail.musinsa.com/api2/goods/6797265
musinsa,6709666,C106 롤업 트림 링거 반팔 티셔츠_블랙,남성|여성,상의 > 반소매 티셔츠,상의,001,반소매 티셔츠,001001,,,,,https://goods-detail.musinsa.com/api2/goods/6709666
musinsa,6708096,데일리 롤업 레이어드 크롭 티셔츠-3Color,남성,상의 > 반소매 티셔츠,상의,001,반소매 티셔츠,001001,,,,,https://goods-detail.musinsa.com/api2/goods/6708096
musinsa,6797271,[SET] Black dots Square Neck Lace Pocket T-shirt + Lace Belted Shorts,여성,상의 > 반소매 티셔츠,상의,001,반소매 티셔츠,001001,,,,,https://goods-detail.musinsa.com/api2/goods/6797271
musinsa,6008535,RIM BREZ 싱글렛 - 블랙 / KR5093,남성,스포츠 > 레저 > 상의 > 나시 > 민소매 티셔츠,스포츠/레저,017,상의,017016,나시/민소매 티셔츠,017016003,,,https://goods-detail.musinsa.com/api2/goods/6008535
musinsa,6722931,Happy 패밀리 크롭 티셔츠_PURPLE,남성|여성,상의 > 반소매 티셔츠,상의,001,반소매 티셔츠,001001,,,,,https://goods-detail.musinsa.com/api2/goods/6722931
musinsa,6673687,피그먼트 헨리넥 머슬핏 반팔,남성,상의 > 반소매 티셔츠,상의,001,반소매 티셔츠,001001,,,,,https://goods-detail.musinsa.com/api2/goods/6673687
musinsa,6632593,[스노우피크 I 도라에몽] 캠핑 반팔 티셔츠 (S26MUFTS94) Off White,남성,스포츠 > 레저 > 상의 > 반소매 티셔츠,스포츠/레저,017,상의,017016,반소매 티셔츠,017016005,,,https://goods-detail.musinsa.com/api2/goods/6632593
musinsa,6760735,배색 롤업 레이어드 반팔티 YT-3Y31,남성,상의 > 반소매 티셔츠,상의,001,반소매 티셔츠,001001,,,,,https://goods-detail.musinsa.com/api2/goods/6760735
musinsa,6632608,[스노우피크 I 도라에몽] 캠프파이어 반팔 티셔츠 (S26MUFTS95) Dark Khaki,남성,스포츠 > 레저 > 상의 > 반소매 티셔츠,스포츠/레저,017,상의,017016,반소매 티셔츠,017016005,,,https://goods-detail.musinsa.com/api2/goods/6632608
musinsa,6696689,W 베이직 스퀘어넥 티셔츠 (3colors),여성,상의 > 반소매 티셔츠,상의,001,반소매 티셔츠,001001,,,,,https://goods-detail.musinsa.com/api2/goods/6696689
musinsa,6708755,SP2605 빈티지 캠핑 그래픽 피그먼트 오버핏 반팔티 블랙,남성,상의 > 반소매 티셔츠,상의,001,반소매 티셔츠,001001,,,,,https://goods-detail.musinsa.com/api2/goods/6708755
musinsa,3182421,커브드 라인 래글런 반팔티 차콜,남성|여성,상의 > 반소매 티셔츠,상의,001,반소매 티셔츠,001001,,,,,https://goods-detail.musinsa.com/api2/goods/3182421
musinsa,5982920,[SET] 사이드 셔링 레이어드 티셔츠 라이트그레이 MDTS067LGRAY,여성,상의 > 긴소매 티셔츠,상의,001,긴소매 티셔츠,001010,,,,,https://goods-detail.musinsa.com/api2/goods/5982920
musinsa,4989733,링클 시어서커 체크 반팔 셔츠 [차콜],남성,상의 > 셔츠 > 블라우스,상의,001,셔츠/블라우스,001002,,,,,https://goods-detail.musinsa.com/api2/goods/4989733
musinsa,6418260,[반팔티셔츠 흘려도티안나]남여공용 오버핏,라이프,상의 > 반소매 티셔츠,상의,001,반소매 티셔츠,001001,,,,,https://goods-detail.musinsa.com/api2/goods/6418260
musinsa,6515855,레터즈 라벨 홀터넥 탑 ( 올리브 ),여성,상의 > 민소매 티셔츠,상의,001,민소매 티셔츠,001011,,,,,https://goods-detail.musinsa.com/api2/goods/6515855
musinsa,6453592,[S-XXL] 슬림 크롭 헨리넥 하프 티셔츠 (BLUE),남성,상의 > 반소매 티셔츠,상의,001,반소매 티셔츠,001001,,,,,https://goods-detail.musinsa.com/api2/goods/6453592
musinsa,6687292,LACE CROSS T-SHIRT / PINK,여성,상의 > 반소매 티셔츠,상의,001,반소매 티셔츠,001001,,,,,https://goods-detail.musinsa.com/api2/goods/6687292
musinsa,6562698,[토이스토리] 반팔 티셔츠(Mix)_SPRLG37U27,라이프,상의 > 반소매 티셔츠,상의,001,반소매 티셔츠,001001,,,,,https://goods-detail.musinsa.com/api2/goods/6562698
musinsa,6689505,Vintage estival t-shirt_3colors,여성,상의 > 반소매 티셔츠,상의,001,반소매 티셔츠,001001,,,,,https://goods-detail.musinsa.com/api2/goods/6689505
musinsa,6723404,RIDE HARD 헨리넥 크롭핏 반팔티 AST3680 (2COLOR),남성,상의 > 반소매 티셔츠,상의,001,반소매 티셔츠,001001,,,,,https://goods-detail.musinsa.com/api2/goods/6723404
musinsa,6656624,[Pokémon] 블랭크 티셔츠 [딥 차콜],남성,상의 > 반소매 티셔츠,상의,001,반소매 티셔츠,001001,,,,,https://goods-detail.musinsa.com/api2/goods/6656624
musinsa,3132891,리즌 트레일 피그먼트 반팔티 마젠타,남성|여성,상의 > 반소매 티셔츠,상의,001,반소매 티셔츠,001001,,,,,https://goods-detail.musinsa.com/api2/goods/3132891
musinsa,6534177,Ohai Pirnt Muscle Navy,남성,상의 > 민소매 티셔츠,상의,001,민소매 티셔츠,001011,,,,,https://goods-detail.musinsa.com/api2/goods/6534177
musinsa,6778749,PPG HEART CHERRY TEE CHARCOAL,여성,상의 > 반소매 티셔츠,상의,001,반소매 티셔츠,001001,,,,,https://goods-detail.musinsa.com/api2/goods/6778749
musinsa,4059353,LOT.052 프리덤 티셔츠 티크 브라운,남성,상의 > 반소매 티셔츠,상의,001,반소매 티셔츠,001001,,,,,https://goods-detail.musinsa.com/api2/goods/4059353
musinsa,6666875,레이어드 셔링 반팔티 (RE)_SPRWG37G30,여성,상의 > 반소매 티셔츠,상의,001,반소매 티셔츠,001001,,,,,https://goods-detail.musinsa.com/api2/goods/6666875
musinsa,6761404,도트 듀얼스타 레귤러 반팔 티셔츠_7colors,여성,상의 > 반소매 티셔츠,상의,001,반소매 티셔츠,001001,,,,,https://goods-detail.musinsa.com/api2/goods/6761404
musinsa,6789405,26/27 Mascompany United Jersey,남성,상의 > 반소매 티셔츠,상의,001,반소매 티셔츠,001001,,,,,https://goods-detail.musinsa.com/api2/goods/6789405
musinsa,6656593,[Pokémon] 심볼 서클 롱 슬리브 [블랙],남성,상의 > 긴소매 티셔츠,상의,001,긴소매 티셔츠,001010,,,,,https://goods-detail.musinsa.com/api2/goods/6656593
musinsa,6689485,Deep V long sleeve t-shirt_4colors,여성,상의 > 긴소매 티셔츠,상의,001,긴소매 티셔츠,001010,,,,,https://goods-detail.musinsa.com/api2/goods/6689485
musinsa,6737107,SKETCH STAR T-SHIRTS (White),여성,상의 > 반소매 티셔츠,상의,001,반소매 티셔츠,001001,,,,,https://goods-detail.musinsa.com/api2/goods/6737107
musinsa,6590780,워셔블 헨리넥 반팔 니트 - 4color,남성,상의 > 니트 > 스웨터,상의,001,니트/스웨터,001006,,,,,https://goods-detail.musinsa.com/api2/goods/6590780
musinsa,6709673,Flight 666 원 오프 숄더 보트넥 반팔 티셔츠 (민트),여성,상의 > 반소매 티셔츠,상의,001,반소매 티셔츠,001001,,,,,https://goods-detail.musinsa.com/api2/goods/6709673
musinsa,6745094,NBNEG35613 / UNI FROZEN 픽토그램 반팔티 (NAVY),남성,스포츠 > 레저 > 상의 > 반소매 티셔츠,스포츠/레저,017,상의,017016,반소매 티셔츠,017016005,,,https://goods-detail.musinsa.com/api2/goods/6745094
musinsa,6385445,셔링체크카라셔츠_P6BSH003M,여성,상의 > 셔츠 > 블라우스,상의,001,셔츠/블라우스,001002,,,,,https://goods-detail.musinsa.com/api2/goods/6385445
musinsa,6408788,스냅 헨리넥 티셔츠 [KHAKI] / GF2LTS528,여성,상의 > 반소매 티셔츠,상의,001,반소매 티셔츠,001001,,,,,https://goods-detail.musinsa.com/api2/goods/6408788
musinsa,6774915,UNIVERSAL WASHED OVERSIZED TEE_CHARCOAL BLACK [LC262TS86CB],여성,상의 > 반소매 티셔츠,상의,001,반소매 티셔츠,001001,,,,,https://goods-detail.musinsa.com/api2/goods/6774915
musinsa,6693866,피그먼트 세미 크롭 라운드 반팔 티셔츠_CHARCOAL,남성,상의 > 반소매 티셔츠,상의,001,반소매 티셔츠,001001,,,,,https://goods-detail.musinsa.com/api2/goods/6693866
musinsa,4093932,모먼트 워시드 하프셔츠(4COL),남성,상의 > 셔츠 > 블라우스,상의,001,셔츠/블라우스,001002,,,,,https://goods-detail.musinsa.com/api2/goods/4093932
musinsa,6704378,Gildan X 디자인컬렉션 세미 크롭티셔츠 모음전,남성,상의 > 반소매 티셔츠,상의,001,반소매 티셔츠,001001,,,,,https://goods-detail.musinsa.com/api2/goods/6704378
musinsa,6755261,레이스 트리밍 저지탑 그레이,여성,상의 > 반소매 티셔츠,상의,001,반소매 티셔츠,001001,,,,,https://goods-detail.musinsa.com/api2/goods/6755261
musinsa,6656633,[Pokémon] 슬리핑 잠만보 티셔츠 [애쉬 그레이],남성,상의 > 반소매 티셔츠,상의,001,반소매 티셔츠,001001,,,,,https://goods-detail.musinsa.com/api2/goods/6656633
musinsa,4739114,LOT.051 튜뷸러 티셔츠 더 프레쉬 맨,남성,상의 > 반소매 티셔츠,상의,001,반소매 티셔츠,001001,,,,,https://goods-detail.musinsa.com/api2/goods/4739114
musinsa,5897661,멀티 스트라이프 셔츠 (SKY BLUE),남성,상의 > 셔츠 > 블라우스,상의,001,셔츠/블라우스,001002,,,,,https://goods-detail.musinsa.com/api2/goods/5897661
musinsa,6715231,GLOWNY X MY MELODY BIG BOW BOXY TEE (WHITE),여성,상의 > 반소매 티셔츠,상의,001,반소매 티셔츠,001001,,,,,https://goods-detail.musinsa.com/api2/goods/6715231
musinsa,6786576,[빛오 x 일리오] Pink-Brown lace layered cardigan set,여성,상의 > 기타 상의,상의,001,기타 상의,001008,,,,,https://goods-detail.musinsa.com/api2/goods/6786576
musinsa,5310167,롤업 체크 셔츠 블랙,남성,상의 > 셔츠 > 블라우스,상의,001,셔츠/블라우스,001002,,,,,https://goods-detail.musinsa.com/api2/goods/5310167
musinsa,6656596,[Pokémon] 리피트 팬텀 롱 슬리브 [블랙],남성,상의 > 긴소매 티셔츠,상의,001,긴소매 티셔츠,001010,,,,,https://goods-detail.musinsa.com/api2/goods/6656596
musinsa,6609390,EL 갬블 래글런 라인 반팔티셔츠 5Color,남성,상의 > 반소매 티셔츠,상의,001,반소매 티셔츠,001001,,,,,https://goods-detail.musinsa.com/api2/goods/6609390
musinsa,6706361,(W) ZRS Symbol Applique Tee (MINT),여성,상의 > 반소매 티셔츠,상의,001,반소매 티셔츠,001001,,,,,https://goods-detail.musinsa.com/api2/goods/6706361
musinsa,6305662,엘로디 하프 체크 셔츠-블루,여성,상의 > 셔츠 > 블라우스,상의,001,셔츠/블라우스,001002,,,,,https://goods-detail.musinsa.com/api2/goods/6305662
musinsa,6768741,One-Shoulder T-shirt(F) / WHRPG3723F,여성,상의 > 반소매 티셔츠,상의,001,반소매 티셔츠,001001,,,,,https://goods-detail.musinsa.com/api2/goods/6768741
musinsa,6200629,에센셜 골지 하프 티-레몬,여성,상의 > 반소매 티셔츠,상의,001,반소매 티셔츠,001001,,,,,https://goods-detail.musinsa.com/api2/goods/6200629
musinsa,4513309,헤비 플리스 집업 후드 - 스카이 캡틴 / T4029683,여성,아우터 > 후드 집업,아우터,002,후드 집업,002022,,,,,https://goods-detail.musinsa.com/api2/goods/4513309
musinsa,6499914,포인텔 가디건 326540 [4color],여성,아우터 > 카디건,아우터,002,카디건,002020,,,,,https://goods-detail.musinsa.com/api2/goods/6499914
musinsa,4336062,파이어버드 니트 탑 - 블랙 / IY7278,여성,아우터 > 트레이닝 재킷,아우터,002,트레이닝 재킷,002018,,,,,https://goods-detail.musinsa.com/api2/goods/4336062
musinsa,4652853,[시티 레저] 에어웨이트 시어 윈드브레이커 재킷 [클라우디 블루],남성,아우터 > 나일론 > 코치 재킷,아우터,002,나일론/코치 재킷,002006,,,,,https://goods-detail.musinsa.com/api2/goods/4652853
musinsa,4719977,에어라이트 하이넥 윈드브레이커_크림,여성,아우터 > 나일론 > 코치 재킷,아우터,002,나일론/코치 재킷,002006,,,,,https://goods-detail.musinsa.com/api2/goods/4719977
musinsa,6319969,Airy Raglan Cardigan [Sky Blue],여성,아우터 > 카디건,아우터,002,카디건,002020,,,,,https://goods-detail.musinsa.com/api2/goods/6319969
musinsa,6695701,Molly V-neck hoodie - Loose ver.,여성,아우터 > 후드 집업,아우터,002,후드 집업,002022,,,,,https://goods-detail.musinsa.com/api2/goods/6695701
musinsa,5104486,썸머 시스루 니트 가디건_6COLOR(WC25-KN29),여성,아우터 > 카디건,아우터,002,카디건,002020,,,,,https://goods-detail.musinsa.com/api2/goods/5104486
musinsa,6273570,올데이 린넨 긴팔 골지가디건 RMCKG25R98,여성,아우터 > 카디건,아우터,002,카디건,002020,,,,,https://goods-detail.musinsa.com/api2/goods/6273570
musinsa,6005543,그리드 체크 라이트 윈드브레이커 Sky Blue,남성|여성,아우터 > 나일론 > 코치 재킷,아우터,002,나일론/코치 재킷,002006,,,,,https://goods-detail.musinsa.com/api2/goods/6005543
musinsa,2398609,우먼즈 라이트웨이트 크롭 반팔 블레이저 [블랙],여성,아우터 > 슈트 > 블레이저 재킷,아우터,002,슈트/블레이저 재킷,002003,,,,,https://goods-detail.musinsa.com/api2/goods/2398609
musinsa,6127744,[에센셜] 썸머 시스루 가디건_MIWCKG520T,여성,아우터 > 카디건,아우터,002,카디건,002020,,,,,https://goods-detail.musinsa.com/api2/goods/6127744
musinsa,6401861,린넨 시스루 골지 라운드 가디건 5 COLOR COWCD008,여성,아우터 > 카디건,아우터,002,카디건,002020,,,,,https://goods-detail.musinsa.com/api2/goods/6401861
musinsa,5980112,에센셜 라운드 니트 가디건 틸 블루,여성,아우터 > 카디건,아우터,002,카디건,002020,,,,,https://goods-detail.musinsa.com/api2/goods/5980112
musinsa,6480709,시그니처 시스루 바람막이,여성,아우터 > 나일론 > 코치 재킷,아우터,002,나일론/코치 재킷,002006,,,,,https://goods-detail.musinsa.com/api2/goods/6480709
musinsa,6026203,V넥 변형 자켓_MIWJKG311C MIWJKG51QC,여성,아우터 > 슈트 > 블레이저 재킷,아우터,002,슈트/블레이저 재킷,002003,,,,,https://goods-detail.musinsa.com/api2/goods/6026203
musinsa,4821229,메트로폴리스 퍼텍스 오버셔츠 재킷 - 블랙 / 18CLOS020A110033A999,남성,아우터 > 기타 아우터,아우터,002,기타 아우터,002015,,,,,https://goods-detail.musinsa.com/api2/goods/4821229
musinsa,6041618,후드 경량 세미 오버핏 바람막이 - 3color,남성,아우터 > 나일론 > 코치 재킷,아우터,002,나일론/코치 재킷,002006,,,,,https://goods-detail.musinsa.com/api2/goods/6041618
musinsa,6284785,시어서커 체크 윈드브레이커_SPJJG37C03,남성|여성,아우터 > 기타 아우터,아우터,002,기타 아우터,002015,,,,,https://goods-detail.musinsa.com/api2/goods/6284785
musinsa,2444810,[쿨탠다드] 릴렉스드 베이식 블레이저 [그레이],남성,아우터 > 슈트 > 블레이저 재킷,아우터,002,슈트/블레이저 재킷,002003,,,,,https://goods-detail.musinsa.com/api2/goods/2444810
musinsa,6721671,[우사하나] 크롭 후드 집업(Oatmeal Melange)_SPMZG37U06,남성,아우터 > 후드 집업,아우터,002,후드 집업,002022,,,,,https://goods-detail.musinsa.com/api2/goods/6721671
musinsa,5992470,T-Light Jacket Grey,남성|여성,아우터 > 나일론 > 코치 재킷,아우터,002,나일론/코치 재킷,002006,,,,,https://goods-detail.musinsa.com/api2/goods/5992470
musinsa,5990761,[시티 레저] 시어 윈드브레이커 재킷 [오렌지],남성|여성,아우터 > 나일론 > 코치 재킷,아우터,002,나일론/코치 재킷,002006,,,,,https://goods-detail.musinsa.com/api2/goods/5990761
musinsa,6227070,[ITALY] 펀칭 브이넥 하프 가디건 10 COLOR COWCD005,여성,아우터 > 카디건,아우터,002,카디건,002020,,,,,https://goods-detail.musinsa.com/api2/goods/6227070
musinsa,5626716,우먼즈 리브드 슬림 후디드 저지 가디건 [블랙],여성,아우터 > 카디건,아우터,002,카디건,002020,,,,,https://goods-detail.musinsa.com/api2/goods/5626716
musinsa,5973119,(W) 워터컬러 시어 윈드브레이커-스카이블루,여성,아우터 > 나일론 > 코치 재킷,아우터,002,나일론/코치 재킷,002006,,,,,https://goods-detail.musinsa.com/api2/goods/5973119
musinsa,5345115,R:SIGNET OVER FIT 2-WAY ZIP-UP (4color),여성,아우터 > 후드 집업,아우터,002,후드 집업,002022,,,,,https://goods-detail.musinsa.com/api2/goods/5345115
musinsa,3776694,에어라이트 래글런 윈드브레이커_블루,여성,아우터 > 나일론 > 코치 재킷,아우터,002,나일론/코치 재킷,002006,,,,,https://goods-detail.musinsa.com/api2/goods/3776694
musinsa,4795032,Steve Packable Windbreaker / WHJJG3711U,남성|여성,아우터 > 나일론 > 코치 재킷,아우터,002,나일론/코치 재킷,002006,,,,,https://goods-detail.musinsa.com/api2/goods/4795032
musinsa,6593581,우먼즈 슬럽 리브드 탑 가디건 세트 [아이보리],여성,아우터 > 카디건,아우터,002,카디건,002020,,,,,https://goods-detail.musinsa.com/api2/goods/6593581
musinsa,6794273,닉켈 동키 나그랑 후드집업,여성,아우터 > 후드 집업,아우터,002,후드 집업,002022,,,,,https://goods-detail.musinsa.com/api2/goods/6794273
musinsa,1803462,우먼즈 베이식 블레이저 [블랙],여성,아우터 > 슈트 > 블레이저 재킷,아우터,002,슈트/블레이저 재킷,002003,,,,,https://goods-detail.musinsa.com/api2/goods/1803462
musinsa,6458651,온도컷 쿨 에센셜 하프 가디건 [SAGE MINT] / GF2LKC541,여성,아우터 > 카디건,아우터,002,카디건,002020,,,,,https://goods-detail.musinsa.com/api2/goods/6458651
musinsa,6402661,링클 브이넥 크롭 가디건_2Colors,여성,아우터 > 카디건,아우터,002,카디건,002020,,,,,https://goods-detail.musinsa.com/api2/goods/6402661
musinsa,6806873,코튼 블렌디드 후드집업_블랙,여성,아우터 > 후드 집업,아우터,002,후드 집업,002022,,,,,https://goods-detail.musinsa.com/api2/goods/6806873
musinsa,4651436,우먼즈 리브드 슬림 스쿱 넥 저지 가디건 [멜란지 그레이],여성,아우터 > 카디건,아우터,002,카디건,002020,,,,,https://goods-detail.musinsa.com/api2/goods/4651436
musinsa,6291325,키린드 썸머 긴팔 가디건,여성,아우터 > 카디건,아우터,002,카디건,002020,,,,,https://goods-detail.musinsa.com/api2/goods/6291325
musinsa,5178636,골지 라운드 반팔 가디건 [블랙],남성,아우터 > 카디건,아우터,002,카디건,002020,,,,,https://goods-detail.musinsa.com/api2/goods/5178636
musinsa,6127741,[에센셜] 린넨 시스루 골지 가디건_MIWCKG510T MIWCKG74QT,여성,아우터 > 카디건,아우터,002,카디건,002020,,,,,https://goods-detail.musinsa.com/api2/goods/6127741
musinsa,5097306,[셋업] 에어플로우 루즈핏 블레이저 셋업,남성,아우터 > 슈트 > 블레이저 재킷,아우터,002,슈트/블레이저 재킷,002003,,,,,https://goods-detail.musinsa.com/api2/goods/5097306
musinsa,5329361,후드 집업 - 그레이:블랙 / KC9317,남성|여성,아우터 > 후드 집업,아우터,002,후드 집업,002022,,,,,https://goods-detail.musinsa.com/api2/goods/5329361
musinsa,6219777,NJ3BS07J 화이트라벨 아이스펄스 자켓 BLACK,남성,아우터 > 나일론 > 코치 재킷,아우터,002,나일론/코치 재킷,002006,,,,,https://goods-detail.musinsa.com/api2/goods/6219777
musinsa,6426535,피그먼트 4선 트랙 크롭 반팔 집업 후드 그레이,여성,아우터 > 후드 집업,아우터,002,후드 집업,002022,,,,,https://goods-detail.musinsa.com/api2/goods/6426535
musinsa,6048605,[UV차단] 라이트 체크 후드 윈드브레이커_SPJJG25G11,여성,아우터 > 트레이닝 재킷,아우터,002,트레이닝 재킷,002018,,,,,https://goods-detail.musinsa.com/api2/goods/6048605
musinsa,3972476,카멜리아 라운드넥 니트가디건 핑크,남성,아우터 > 카디건,아우터,002,카디건,002020,,,,,https://goods-detail.musinsa.com/api2/goods/3972476
musinsa,5283519,아이스 실키 브이넥 반팔 니트 가디건,여성,아우터 > 카디건,아우터,002,카디건,002020,,,,,https://goods-detail.musinsa.com/api2/goods/5283519
musinsa,6326050,26 SS 워셔블 케이블 라운드 크롭 니트 가디건 (6컬러),남성,아우터 > 카디건,아우터,002,카디건,002020,,,,,https://goods-detail.musinsa.com/api2/goods/6326050
musinsa,5695795,우먼즈 린넨 라이크 시어 저지 가디건 [블랙],여성,아우터 > 카디건,아우터,002,카디건,002020,,,,,https://goods-detail.musinsa.com/api2/goods/5695795
musinsa,4619961,우먼즈 라운드 넥 트위드 크롭 반소매 재킷 [블랙],여성,아우터 > 슈트 > 블레이저 재킷,아우터,002,슈트/블레이저 재킷,002003,,,,,https://goods-detail.musinsa.com/api2/goods/4619961
musinsa,6670811,솔라노 후디 남성 - BLACK / AJQSM09568,남성,스포츠 > 레저 > 아우터 > 나일론 > 코치 재킷,스포츠/레저,017,아우터,017018,나일론/코치 재킷,017018003,,,https://goods-detail.musinsa.com/api2/goods/6670811
musinsa,6401860,린넨 시스루 슬림 라운드 가디건 4 COLOR COWCD009,여성,아우터 > 카디건,아우터,002,카디건,002020,,,,,https://goods-detail.musinsa.com/api2/goods/6401860
musinsa,5479465,에센셜 후디드 라이트 패딩 자켓 (8color),남성,아우터 > 경량 패딩 > 패딩 베스트 > 경량 패딩,아우터,002,경량 패딩/패딩 베스트,002027,경량 패딩,002027001,,,https://goods-detail.musinsa.com/api2/goods/5479465
musinsa,6111537,[여름셋업]Motion-Free 쿨터치 셋업 세트_그레이 (슬렌더핏)_SEJVB07SET,남성,아우터 > 슈트 > 블레이저 재킷,아우터,002,슈트/블레이저 재킷,002003,,,,,https://goods-detail.musinsa.com/api2/goods/6111537
musinsa,4109246,스트링 시어 레이스 투웨이 자수 바람막이 긴팔 점퍼 _2COLOR,여성,아우터 > 나일론 > 코치 재킷,아우터,002,나일론/코치 재킷,002006,,,,,https://goods-detail.musinsa.com/api2/goods/4109246
musinsa,3790852,우먼즈 시어 후디드 윈드브레이커 재킷 [민트 그레이],여성,아우터 > 나일론 > 코치 재킷,아우터,002,나일론/코치 재킷,002006,,,,,https://goods-detail.musinsa.com/api2/goods/3790852
musinsa,6271693,헤리티지 저지 트랙탑 - 블랙,남성|여성,아우터 > 트레이닝 재킷,아우터,002,트레이닝 재킷,002018,,,,,https://goods-detail.musinsa.com/api2/goods/6271693
musinsa,6314223,Essential Linen Round Knit Cardigan_CTK231(16color),여성,아우터 > 카디건,아우터,002,카디건,002020,,,,,https://goods-detail.musinsa.com/api2/goods/6314223
musinsa,1558197,릴렉스드 베이식 블레이저 [블랙],남성,아우터 > 슈트 > 블레이저 재킷,아우터,002,슈트/블레이저 재킷,002003,,,,,https://goods-detail.musinsa.com/api2/goods/1558197
musinsa,5894308,[W]후드 경량 덕 다운 패딩 점퍼 - 2color,여성,아우터 > 경량 패딩 > 패딩 베스트 > 경량 패딩,아우터,002,경량 패딩/패딩 베스트,002027,경량 패딩,002027001,,,https://goods-detail.musinsa.com/api2/goods/5894308
musinsa,4800605,[여름/사계절] 시비코 세미 오버핏 싱글 셋업 수트 [그레이],남성,아우터 > 슈트 > 블레이저 재킷,아우터,002,슈트/블레이저 재킷,002003,,,,,https://goods-detail.musinsa.com/api2/goods/4800605
musinsa,6719352,[여름 기획 원단] 커브드 배럴 데님 팬츠 (BLACK),남성,바지 > 데님 팬츠,바지,003,데님 팬츠,003002,,,,,https://goods-detail.musinsa.com/api2/goods/6719352
musinsa,6724257,1755 SOFT WHITE JEANS [WIDE FLARE],남성,바지 > 데님 팬츠,바지,003,데님 팬츠,003002,,,,,https://goods-detail.musinsa.com/api2/goods/6724257
musinsa,6609200,썸머 와이드 커브드 린넨 라이크 팬츠[2COLORS],남성|여성,바지 > 코튼 팬츠,바지,003,코튼 팬츠,003007,,,,,https://goods-detail.musinsa.com/api2/goods/6609200
musinsa,2578996,[여름원단추가]더블턱 와이드 슬랙스[블랙],남성|여성,바지 > 슈트 팬츠 > 슬랙스,바지,003,슈트 팬츠/슬랙스,003008,,,,,https://goods-detail.musinsa.com/api2/goods/2578996
musinsa,6829724,워시드 레귤러 워크 팬츠_Blue,남성,바지 > 기타 하의,바지,003,기타 하의,003006,,,,,https://goods-detail.musinsa.com/api2/goods/6829724
musinsa,6461382,클래식 옥스포드 워크 팬츠 (BLACK),남성,바지 > 코튼 팬츠,바지,003,코튼 팬츠,003007,,,,,https://goods-detail.musinsa.com/api2/goods/6461382
musinsa,5987009,[YOUHEEXOTZ] STAR PATTERN LAYERED BANDING TRACK PANTS_GREY,여성,바지 > 트레이닝 > 조거 팬츠,바지,003,트레이닝/조거 팬츠,003004,,,,,https://goods-detail.musinsa.com/api2/goods/5987009
musinsa,6837218,CHAMBRAY EASY PANTS [BLUE],남성,바지 > 기타 하의,바지,003,기타 하의,003006,,,,,https://goods-detail.musinsa.com/api2/goods/6837218
musinsa,6518709,CHAMBRAY EASY PANTS [INDIGO],남성,바지 > 기타 하의,바지,003,기타 하의,003006,,,,,https://goods-detail.musinsa.com/api2/goods/6518709
musinsa,2796118,7160 캣 브러쉬 슬림 진청 부츠컷 데님팬츠,여성,바지 > 데님 팬츠,바지,003,데님 팬츠,003002,,,,,https://goods-detail.musinsa.com/api2/goods/2796118
musinsa,750908,[여름원단추가] 유니섹스 세미 와이드 밴딩 슬랙스 블랙,남성,바지 > 슈트 팬츠 > 슬랙스,바지,003,슈트 팬츠/슬랙스,003008,,,,,https://goods-detail.musinsa.com/api2/goods/750908
musinsa,6656659,[Pokémon] 그루핑 스웻 팬츠 [멜란지 그레이],남성,바지 > 숏 팬츠,바지,003,숏 팬츠,003009,,,,,https://goods-detail.musinsa.com/api2/goods/6656659
musinsa,5886363,USAF UTILITY TROUSERS_SAGE GREEN,남성,바지 > 코튼 팬츠,바지,003,코튼 팬츠,003007,,,,,https://goods-detail.musinsa.com/api2/goods/5886363
musinsa,5279560,​​블랙 커브드 절개라인 와이드 코튼 팬츠,남성,바지 > 코튼 팬츠,바지,003,코튼 팬츠,003007,,,,,https://goods-detail.musinsa.com/api2/goods/5279560
musinsa,6723562,[2PACK][여름 기획 원단] 커브드 배럴 데님 팬츠 (2 COLORUS),남성,바지 > 데님 팬츠,바지,003,데님 팬츠,003002,,,,,https://goods-detail.musinsa.com/api2/goods/6723562
musinsa,6786592,[빛오 x 일리오] Black Lace Belted Shorts,여성,바지 > 숏 팬츠,바지,003,숏 팬츠,003009,,,,,https://goods-detail.musinsa.com/api2/goods/6786592
musinsa,6385539,[COOL] 유니섹스 세미 와이드 쿨 터치 스트레치 밴딩 슬랙스,남성,바지 > 슈트 팬츠 > 슬랙스,바지,003,슈트 팬츠/슬랙스,003008,,,,,https://goods-detail.musinsa.com/api2/goods/6385539
musinsa,1803235,SAINT TWO TUCK WIDE PANTS BROWN,남성,바지 > 슈트 팬츠 > 슬랙스,바지,003,슈트 팬츠/슬랙스,003008,,,,,https://goods-detail.musinsa.com/api2/goods/1803235
musinsa,6729879,윙즈 커프스 팬츠 (펄 그레이 멜란지) (펄 그레이 멜란지),여성,바지 > 트레이닝 > 조거 팬츠,바지,003,트레이닝/조거 팬츠,003004,,,,,https://goods-detail.musinsa.com/api2/goods/6729879
musinsa,6729526,여성요가복 하렘 와이드 팬츠 5PP6513,여성,스포츠 > 레저 > 하의 > 기타 바지,스포츠/레저,017,하의,017020,기타 바지,017020001,,,https://goods-detail.musinsa.com/api2/goods/6729526
musinsa,6679899,트레이닝 쇼츠 - 블랙,남성|여성,스포츠 > 레저 > 하의 > 기타 바지,스포츠/레저,017,하의,017020,기타 바지,017020001,,,https://goods-detail.musinsa.com/api2/goods/6679899
musinsa,6532779,LVS 린넨 라이크 세미 와이드 밴딩 팬츠 3color,남성,바지 > 코튼 팬츠,바지,003,코튼 팬츠,003007,,,,,https://goods-detail.musinsa.com/api2/goods/6532779
musinsa,6754165,88 사이드 플래시 릴랙스 새깅 팬츠_3COL,여성,바지 > 트레이닝 > 조거 팬츠,바지,003,트레이닝/조거 팬츠,003004,,,,,https://goods-detail.musinsa.com/api2/goods/6754165
musinsa,3791988,데미지 워시드 데님 팬츠-미디엄 블루,남성,바지 > 데님 팬츠,바지,003,데님 팬츠,003002,,,,,https://goods-detail.musinsa.com/api2/goods/3791988
musinsa,3154695,투턱 밴딩 와이드 린넨 슬랙스 [OATMEAL],남성,바지 > 슈트 팬츠 > 슬랙스,바지,003,슈트 팬츠/슬랙스,003008,,,,,https://goods-detail.musinsa.com/api2/goods/3154695
musinsa,6697003,W 베이직 마이크로 미니 데님 쇼츠_라이트블루,여성,바지 > 숏 팬츠,바지,003,숏 팬츠,003009,,,,,https://goods-detail.musinsa.com/api2/goods/6697003
musinsa,1884480,[2PACK] 코스모 밴딩 숏팬츠 2PACK JMSP2332,남성,바지 > 숏 팬츠,바지,003,숏 팬츠,003009,,,,,https://goods-detail.musinsa.com/api2/goods/1884480
musinsa,2124438,원턱 와이드 슬랙스[딥브라운],남성|여성,바지 > 슈트 팬츠 > 슬랙스,바지,003,슈트 팬츠/슬랙스,003008,,,,,https://goods-detail.musinsa.com/api2/goods/2124438
musinsa,4827195,라이트 플레인 원 턱 와이드 히든 밴딩 슬랙스 [네이비],남성,바지 > 슈트 팬츠 > 슬랙스,바지,003,슈트 팬츠/슬랙스,003008,,,,,https://goods-detail.musinsa.com/api2/goods/4827195
musinsa,3201942,내츄럴 린넨 데님 와이드 팬츠 (OFF WHITE),남성,바지 > 데님 팬츠,바지,003,데님 팬츠,003002,,,,,https://goods-detail.musinsa.com/api2/goods/3201942
musinsa,6697020,"SUNBURN X PAUL FRANK COTTON BANDING PANTS, MULTI",여성,바지 > 트레이닝 > 조거 팬츠,바지,003,트레이닝/조거 팬츠,003004,,,,,https://goods-detail.musinsa.com/api2/goods/6697020
musinsa,5358816,유주얼 세미 와이드 데님 팬츠 [RAW BLACK],남성,바지 > 데님 팬츠,바지,003,데님 팬츠,003002,,,,,https://goods-detail.musinsa.com/api2/goods/5358816
musinsa,4663938,시어서커 원 턱 와이드 밴딩 팬츠 [그레이],남성,바지 > 기타 하의,바지,003,기타 하의,003006,,,,,https://goods-detail.musinsa.com/api2/goods/4663938
musinsa,2609006,라이트웨이트 쓰리 턱 세미 벌룬 슬랙스 [블랙],남성,바지 > 슈트 팬츠 > 슬랙스,바지,003,슈트 팬츠/슬랙스,003008,,,,,https://goods-detail.musinsa.com/api2/goods/2609006
musinsa,6146614,백포켓 카고 버뮤다 팬츠 (BLACK),남성,바지 > 숏 팬츠,바지,003,숏 팬츠,003009,,,,,https://goods-detail.musinsa.com/api2/goods/6146614
musinsa,5413150,코튼 와이드 스터드 팬츠 (스트라이프 버건디),남성|여성,바지 > 코튼 팬츠,바지,003,코튼 팬츠,003007,,,,,https://goods-detail.musinsa.com/api2/goods/5413150
musinsa,5354512,스트라이프 와이드 밴딩 슬랙스 블랙,남성,바지 > 슈트 팬츠 > 슬랙스,바지,003,슈트 팬츠/슬랙스,003008,,,,,https://goods-detail.musinsa.com/api2/goods/5354512
musinsa,4702364,[여름용] 사이드 라인 나일론 트랙 팬츠 (BLACK),남성,바지 > 트레이닝 > 조거 팬츠,바지,003,트레이닝/조거 팬츠,003004,,,,,https://goods-detail.musinsa.com/api2/goods/4702364
musinsa,4933453,[메르고X플랙] 셀비지 베를린 K94 블랙 로우,남성,바지 > 데님 팬츠,바지,003,데님 팬츠,003002,,,,,https://goods-detail.musinsa.com/api2/goods/4933453
musinsa,4190655,Deep One Tuck Sweat Shorts [Light Grey],남성,바지 > 숏 팬츠,바지,003,숏 팬츠,003009,,,,,https://goods-detail.musinsa.com/api2/goods/4190655
musinsa,6809660,NS6NS02A 남성 플렉스코어 쇼츠 BLACK,남성,스포츠 > 레저 > 하의 > 숏팬츠,스포츠/레저,017,하의,017020,숏팬츠,017020002,,,https://goods-detail.musinsa.com/api2/goods/6809660
musinsa,4071959,다트 버뮤다 데님 하프팬츠 샌드블랙,남성,바지 > 숏 팬츠,바지,003,숏 팬츠,003009,,,,,https://goods-detail.musinsa.com/api2/goods/4071959
musinsa,6694431,[SET]STAR CROSS 부츠컷팬츠+WAIST BAND,여성,바지 > 트레이닝 > 조거 팬츠,바지,003,트레이닝/조거 팬츠,003004,,,,,https://goods-detail.musinsa.com/api2/goods/6694431
musinsa,4993190,라이크 린넨 원턱 와이드 밴딩 팬츠 3Color,남성,바지 > 코튼 팬츠,바지,003,코튼 팬츠,003007,,,,,https://goods-detail.musinsa.com/api2/goods/4993190
musinsa,5152458,두굿_와이드 원턱 쿨맥스 밴딩 슬랙스 - 2color,남성,바지 > 슈트 팬츠 > 슬랙스,바지,003,슈트 팬츠/슬랙스,003008,,,,,https://goods-detail.musinsa.com/api2/goods/5152458
musinsa,6733025,SUNFADE DENIM PANTS / LIGHT BLUE,여성,바지 > 데님 팬츠,바지,003,데님 팬츠,003002,,,,,https://goods-detail.musinsa.com/api2/goods/6733025
musinsa,4108579,[패션플래닛X드로우핏] 쿨링 릴렉스드 와이드 밴딩 팬츠 [BLACK],남성,바지 > 슈트 팬츠 > 슬랙스,바지,003,슈트 팬츠/슬랙스,003008,,,,,https://goods-detail.musinsa.com/api2/goods/4108579
musinsa,6373202,카고 스트링 팬츠_MIWTCG603C,여성,바지 > 코튼 팬츠,바지,003,코튼 팬츠,003007,,,,,https://goods-detail.musinsa.com/api2/goods/6373202
musinsa,2303284,우먼즈 스트레이트 데님 팬츠 [미디엄 인디고],여성,바지 > 데님 팬츠,바지,003,데님 팬츠,003002,,,,,https://goods-detail.musinsa.com/api2/goods/2303284
musinsa,6152463,컴포트 썸머 와이드 팬츠 블랙,남성|여성,바지 > 기타 하의,바지,003,기타 하의,003006,,,,,https://goods-detail.musinsa.com/api2/goods/6152463
musinsa,3306719,라이크린넨 원턱 밴딩 팬츠 ( 5Color ),남성|여성,바지 > 코튼 팬츠,바지,003,코튼 팬츠,003007,,,,,https://goods-detail.musinsa.com/api2/goods/3306719
musinsa,4719540,투 턱 와이드 치노 쇼츠 [베이지],남성,바지 > 숏 팬츠,바지,003,숏 팬츠,003009,,,,,https://goods-detail.musinsa.com/api2/goods/4719540
musinsa,3189629,[2PACK] 쿨믹스 와이드 린넨 라이크 롱팬츠 8종 2PACK BJLP4539,남성,바지 > 코튼 팬츠,바지,003,코튼 팬츠,003007,,,,,https://goods-detail.musinsa.com/api2/goods/3189629
musinsa,6102673,[ON]린넨 혼방 와이드 원턱 풀 밴딩 데일리 코튼 팬츠 - 3color,남성,바지 > 코튼 팬츠,바지,003,코튼 팬츠,003007,,,,,https://goods-detail.musinsa.com/api2/goods/6102673
musinsa,3943088,배색라인 와이드 트레이닝 트랙팬츠,여성,바지 > 트레이닝 > 조거 팬츠,바지,003,트레이닝/조거 팬츠,003004,,,,,https://goods-detail.musinsa.com/api2/goods/3943088
musinsa,6454409,[여름 기획 원단] 커브드 와이드 코튼 팬츠 (BEIGE),남성,바지 > 코튼 팬츠,바지,003,코튼 팬츠,003007,,,,,https://goods-detail.musinsa.com/api2/goods/6454409
musinsa,3837942,아디브레이크 팬츠 - 블랙 / IU2519,여성,바지 > 트레이닝 > 조거 팬츠,바지,003,트레이닝/조거 팬츠,003004,,,,,https://goods-detail.musinsa.com/api2/goods/3837942
musinsa,3274287,카고 파라슈트 치노 팬츠 [KHAKI],남성,바지 > 트레이닝 > 조거 팬츠,바지,003,트레이닝/조거 팬츠,003004,,,,,https://goods-detail.musinsa.com/api2/goods/3274287
musinsa,5946738,루즈핏 부츠컷 데님 팬츠 화이트 COWPT002WHITE,여성,바지 > 데님 팬츠,바지,003,데님 팬츠,003002,,,,,https://goods-detail.musinsa.com/api2/goods/5946738
musinsa,6390295,[여름원단]르체 다크그레이 원 턱 와이드 팬츠,여성,바지 > 데님 팬츠,바지,003,데님 팬츠,003002,,,,,https://goods-detail.musinsa.com/api2/goods/6390295
musinsa,6696985,폴로 드레스 - 나이트인디고 / KU0510,여성,원피스 > 스커트 > 미니원피스,원피스/스커트,100,미니원피스,100001,,,,,https://goods-detail.musinsa.com/api2/goods/6696985
musinsa,6515986,레이어드 미디 스커트_SPWHG25W02,여성,원피스 > 스커트 > 미디스커트,원피스/스커트,100,미디스커트,100005,,,,,https://goods-detail.musinsa.com/api2/goods/6515986
musinsa,6786600,[빛오 x 일리오] Gray Asymmetric Chiffon Dress,여성,원피스 > 스커트 > 미디원피스,원피스/스커트,100,미디원피스,100002,,,,,https://goods-detail.musinsa.com/api2/goods/6786600
musinsa,6677393,웨스턴 데님 원피스 (RE)_SPOJG37G01,여성,원피스 > 스커트 > 미디원피스,원피스/스커트,100,미디원피스,100002,,,,,https://goods-detail.musinsa.com/api2/goods/6677393
musinsa,6458570,스트라이프 브이넥 퍼프 롱 원피스 [SKY BLUE] / GF2LOP514,여성,원피스 > 스커트 > 맥시원피스,원피스/스커트,100,맥시원피스,100003,,,,,https://goods-detail.musinsa.com/api2/goods/6458570
musinsa,6411854,Double Layer Lace Back Corset Slip (Ivory),여성,원피스 > 스커트 > 미니원피스,원피스/스커트,100,미니원피스,100001,,,,,https://goods-detail.musinsa.com/api2/goods/6411854
musinsa,6721706,아일렛 캉캉이 미니 스커트 화이트,여성,원피스 > 스커트 > 미니스커트,원피스/스커트,100,미니스커트,100004,,,,,https://goods-detail.musinsa.com/api2/goods/6721706
musinsa,6693986,[블루클로젯 X 미헤브] 체크 레이어드 슬리브리스 원피스 버터옐로우,여성,원피스 > 스커트 > 미니원피스,원피스/스커트,100,미니원피스,100001,,,,,https://goods-detail.musinsa.com/api2/goods/6693986
musinsa,5991125,프릴 레이어드 원피스_MIWOWG309C,여성,원피스 > 스커트 > 미디원피스,원피스/스커트,100,미디원피스,100002,,,,,https://goods-detail.musinsa.com/api2/goods/5991125
musinsa,4687212,우먼즈 레이어드 미니 스코츠 [차콜 그레이],여성,원피스 > 스커트 > 미니스커트,원피스/스커트,100,미니스커트,100004,,,,,https://goods-detail.musinsa.com/api2/goods/4687212
musinsa,6786762,G BOX MINI SKIRT (BLACK),여성,원피스 > 스커트 > 미니스커트,원피스/스커트,100,미니스커트,100004,,,,,https://goods-detail.musinsa.com/api2/goods/6786762
musinsa,5134734,플브 슬리브리스 롱 원피스,여성,원피스 > 스커트 > 맥시원피스,원피스/스커트,100,맥시원피스,100003,,,,,https://goods-detail.musinsa.com/api2/goods/5134734
musinsa,4154987,블룸 오브 조이 아노락 원피스_42ON1801,여성,원피스 > 스커트 > 맥시원피스,원피스/스커트,100,맥시원피스,100003,,,,,https://goods-detail.musinsa.com/api2/goods/4154987
musinsa,4622191,우먼즈 코튼 베이비 돌 미니 드레스 [화이트],여성,원피스 > 스커트 > 미니원피스,원피스/스커트,100,미니원피스,100001,,,,,https://goods-detail.musinsa.com/api2/goods/4622191
musinsa,5199474,그린 플로우 브이넥 미니원피스,여성,원피스 > 스커트 > 미니원피스,원피스/스커트,100,미니원피스,100001,,,,,https://goods-detail.musinsa.com/api2/goods/5199474
musinsa,6746766,퍼프 로제트 드레스 *네이비,여성,원피스 > 스커트 > 미니원피스,원피스/스커트,100,미니원피스,100001,,,,,https://goods-detail.musinsa.com/api2/goods/6746766
musinsa,5698175,우먼즈 더블 레이어 미디 스커트 [아이보리],여성,원피스 > 스커트 > 미디스커트,원피스/스커트,100,미디스커트,100005,,,,,https://goods-detail.musinsa.com/api2/goods/5698175
musinsa,6305730,지젤 저지 롱 스커트-올리브,여성,원피스 > 스커트 > 롱스커트,원피스/스커트,100,롱스커트,100006,,,,,https://goods-detail.musinsa.com/api2/goods/6305730
musinsa,6488982,썸머 셔링 스트랩 코튼 캉캉 원피스,여성,원피스 > 스커트 > 맥시원피스,원피스/스커트,100,맥시원피스,100003,,,,,https://goods-detail.musinsa.com/api2/goods/6488982
musinsa,6472215,도트 레이어 미디 스커트_Butter Cream,여성,원피스 > 스커트 > 미디스커트,원피스/스커트,100,미디스커트,100005,,,,,https://goods-detail.musinsa.com/api2/goods/6472215
uniqlo,E465755,여성 AIRism코튼T | UNIQLO KR,여성,kr > ko > women > tops > t-shirts,women,,tops,,t-shirts,,,,카테고리 URL 경로
uniqlo,E480054,여성 AIRism코튼T(스트라이프) | UNIQLO KR,여성,kr > ko > women > tops > t-shirts,women,,tops,,t-shirts,,,,카테고리 URL 경로
uniqlo,E424873,여성 크루넥T | UNIQLO KR,여성,kr > ko > women > tops > t-shirts,women,,tops,,t-shirts,,,,카테고리 URL 경로
uniqlo,E488087,여성 프릴T | UNIQLO KR,여성,kr > ko > women > tops > t-shirts,women,,tops,,t-shirts,,,,카테고리 URL 경로
uniqlo,E483268,여성 그래픽T A | UNIQLO KR,여성,kr > ko > women > tops > t-shirts,women,,tops,,t-shirts,,,,카테고리 URL 경로
uniqlo,E484418,여성 셔링볼륨슬리브T | UNIQLO KR,여성,kr > ko > women > tops > t-shirts,women,,tops,,t-shirts,,,,카테고리 URL 경로
uniqlo,E484421,여성 그래픽T B | UNIQLO KR,여성,kr > ko > women > tops > t-shirts,women,,tops,,t-shirts,,,,카테고리 URL 경로
uniqlo,E484418,여성 셔링볼륨슬리브T | UNIQLO KR,여성,kr > ko > women > tops > t-shirts,women,,tops,,t-shirts,,,,카테고리 URL 경로
uniqlo,E465760,여성 미니T | UNIQLO KR,여성,kr > ko > women > tops > t-shirts,women,,tops,,t-shirts,,,,카테고리 URL 경로
uniqlo,E485025,여성 포인텔라운드넥미니T | UNIQLO KR,여성,kr > ko > women > tops > t-shirts,women,,tops,,t-shirts,,,,카테고리 URL 경로
uniqlo,E484457,여성 립미니T | UNIQLO KR,여성,kr > ko > women > tops > t-shirts,women,,tops,,t-shirts,,,,카테고리 URL 경로
uniqlo,E483535,여성 미니T(스트라이프)A | UNIQLO KR,여성,kr > ko > women > tops > t-shirts,women,,tops,,t-shirts,,,,카테고리 URL 경로
uniqlo,E487277,여성 미니T(스트라이프)B | UNIQLO KR,여성,kr > ko > women > tops > t-shirts,women,,tops,,t-shirts,,,,카테고리 URL 경로
uniqlo,E483461,여성 SUPIMA COTTON T | UNIQLO KR,여성,kr > ko > women > tops > t-shirts,women,,tops,,t-shirts,,,,카테고리 URL 경로
uniqlo,E483576,여성 슬러브저지V넥T | UNIQLO KR,여성,kr > ko > women > tops > t-shirts,women,,tops,,t-shirts,,,,카테고리 URL 경로
uniqlo,E487819,여성 보트넥T | UNIQLO KR,여성,kr > ko > women > tops > t-shirts,women,,tops,,t-shirts,,,,카테고리 URL 경로
uniqlo,E483463,여성 와플풀오픈미니T(패턴)딥넥 | UNIQLO KR,여성,kr > ko > women > tops > t-shirts,women,,tops,,t-shirts,,,,카테고리 URL 경로
uniqlo,E483479,여성 소프트립탱크탑 | UNIQLO KR,여성,kr > ko > women > tops > t-shirts,women,,tops,,t-shirts,,,,카테고리 URL 경로
uniqlo,E485642,여성 소프트립탱크탑(스트라이프) | UNIQLO KR,여성,kr > ko > women > tops > t-shirts,women,,tops,,t-shirts,,,,카테고리 URL 경로
uniqlo,E485647,여성 소프트립탱크탑(링거) | UNIQLO KR,여성,kr > ko > women > tops > t-shirts,women,,tops,,t-shirts,,,,카테고리 URL 경로
uniqlo,E484226,여성 프런트오픈셸탑T(슬리브리스) | UNIQLO KR,여성,kr > ko > women > tops > t-shirts,women,,tops,,t-shirts,,,,카테고리 URL 경로
uniqlo,E484227,여성 포인텔탱크탑 | UNIQLO KR,여성,kr > ko > women > tops > t-shirts,women,,tops,,t-shirts,,,,카테고리 URL 경로
uniqlo,E484228,여성 포인텔탱크탑(프린트) | UNIQLO KR,여성,kr > ko > women > tops > t-shirts,women,,tops,,t-shirts,,,,카테고리 URL 경로
uniqlo,E485610,여성 소프트모달탱크탑(레이스포인텔) | UNIQLO KR,여성,kr > ko > women > tops > t-shirts,women,,tops,,t-shirts,,,,카테고리 URL 경로
uniqlo,E488088,여성 셔링T(슬리브리스) | UNIQLO KR,여성,kr > ko > women > tops > t-shirts,women,,tops,,t-shirts,,,,카테고리 URL 경로
uniqlo,E488088,여성 셔링T(슬리브리스) | UNIQLO KR,여성,kr > ko > women > tops > t-shirts,women,,tops,,t-shirts,,,,카테고리 URL 경로
uniqlo,E485710,여성 소프트모달캐미솔(플라워) | UNIQLO KR,여성,kr > ko > women > tops > t-shirts,women,,tops,,t-shirts,,,,카테고리 URL 경로
uniqlo,E485709,여성 소프트모달캐미솔(스트라이프) | UNIQLO KR,여성,kr > ko > women > tops > t-shirts,women,,tops,,t-shirts,,,,카테고리 URL 경로
uniqlo,E485711,여성 소프트모달캐미솔(하트) | UNIQLO KR,여성,kr > ko > women > tops > t-shirts,women,,tops,,t-shirts,,,,카테고리 URL 경로
uniqlo,E470143,여성 소프트니트후리스크루넥T | UNIQLO KR,여성,kr > ko > women > tops > t-shirts,women,,tops,,t-shirts,,,,카테고리 URL 경로
uniqlo,E489372,여성 미니T(긴팔)래글런 | UNIQLO KR,여성,kr > ko > women > tops > t-shirts,women,,tops,,t-shirts,,,,카테고리 URL 경로
uniqlo,E487579,여성 미니T(긴팔) | UNIQLO KR,여성,kr > ko > women > tops > t-shirts,women,,tops,,t-shirts,,,,카테고리 URL 경로
uniqlo,E488298,여성 후드립T(긴팔) | UNIQLO KR,여성,kr > ko > women > tops > t-shirts,women,,tops,,t-shirts,,,,카테고리 URL 경로
uniqlo,E487908,여성 립헨리넥T(긴팔) | UNIQLO KR,여성,kr > ko > women > tops > t-shirts,women,,tops,,t-shirts,,,,카테고리 URL 경로
uniqlo,E465751,여성 소프트립T(긴팔) | UNIQLO KR,여성,kr > ko > women > tops > t-shirts,women,,tops,,t-shirts,,,,카테고리 URL 경로
uniqlo,E469292,남성 포켓터블UV PROTECTION파카 | UNIQLO KR,여성,kr > ko > men > outerwear,men,,outerwear,,,,,,카테고리 URL 경로
uniqlo,E469292,남성 포켓터블UV PROTECTION파카 | UNIQLO KR,여성,kr > ko > men > outerwear,men,,outerwear,,,,,,카테고리 URL 경로
uniqlo,E486164,남성 포켓터블UV PROTECTION파카 | UNIQLO KR,여성,kr > ko > men > outerwear,men,,outerwear,,,,,,카테고리 URL 경로
uniqlo,E484610,젠더리스 해링턴재킷 | UNIQLO KR,여성,kr > ko > men > outerwear,men,,outerwear,,,,,,카테고리 URL 경로
uniqlo,E491096,젠더리스 집업블루종 | UNIQLO KR,여성,kr > ko > men > outerwear,men,,outerwear,,,,,,카테고리 URL 경로
uniqlo,E487688,젠더리스 커버롤 | UNIQLO KR,여성,kr > ko > men > outerwear,men,,outerwear,,,,,,카테고리 URL 경로
uniqlo,E488829,젠더리스 커버롤(데님) | UNIQLO KR,여성,kr > ko > men > outerwear,men,,outerwear,,,,,,카테고리 URL 경로
uniqlo,E488828,젠더리스 커버롤(데님) | UNIQLO KR,여성,kr > ko > men > outerwear,men,,outerwear,,,,,,카테고리 URL 경로
uniqlo,E484249,남성 집업블루종 | UNIQLO KR,여성,kr > ko > men > outerwear,men,,outerwear,,,,,,카테고리 URL 경로
uniqlo,E486167,남성 윈드블럭스탠드블루종 | UNIQLO KR,여성,kr > ko > men > outerwear,men,,outerwear,,,,,,카테고리 URL 경로
uniqlo,E482443,젠더리스 코튼리넨셔츠재킷 | UNIQLO KR,여성,kr > ko > men > outerwear,men,,outerwear,,,,,,카테고리 URL 경로
uniqlo,E465203,남성 DRY-EX UV PROTECTION풀집파카 | UNIQLO KR,여성,kr > ko > men > outerwear,men,,outerwear,,,,,,카테고리 URL 경로
uniqlo,E483975,남성 DRY-EX UV PROTECTION풀집파카(프린트) | UNIQLO KR,여성,kr > ko > men > outerwear,men,,outerwear,,,,,,카테고리 URL 경로
uniqlo,E469956,젠더리스 후리스풀집재킷(컬러블록) | UNIQLO KR,여성,kr > ko > men > outerwear,men,,outerwear,,,,,,카테고리 URL 경로
uniqlo,E450195,젠더리스 후리스풀집재킷 | UNIQLO KR,여성,kr > ko > men > outerwear,men,,outerwear,,,,,,카테고리 URL 경로
uniqlo,E448034,남성 감탄재킷 | UNIQLO KR,여성,kr > ko > men > outerwear,men,,outerwear,,,,,,카테고리 URL 경로
uniqlo,E468671,남성 감탄재킷(패턴) | UNIQLO KR,여성,kr > ko > men > outerwear,men,,outerwear,,,,,,카테고리 URL 경로
uniqlo,E477704,젠더리스 감탄블레이저 | UNIQLO KR,여성,kr > ko > men > outerwear,men,,outerwear,,,,,,카테고리 URL 경로
uniqlo,E444557,남성 감탄재킷(라이트) | UNIQLO KR,여성,kr > ko > men > outerwear,men,,outerwear,,,,,,카테고리 URL 경로
uniqlo,E444557,남성 감탄재킷(라이트) | UNIQLO KR,여성,kr > ko > men > outerwear,men,,outerwear,,,,,,카테고리 URL 경로
uniqlo,E448041,남성 감탄재킷(CUSTOM ORDER·사이즈L) | UNIQLO KR,여성,kr > ko > men > outerwear,men,,outerwear,,,,,,카테고리 URL 경로
uniqlo,E448042,남성 감탄재킷(CUSTOM ORDER·사이즈XL) | UNIQLO KR,여성,kr > ko > men > outerwear,men,,outerwear,,,,,,카테고리 URL 경로
uniqlo,E448043,남성 감탄재킷(CUSTOM ORDER·사이즈XXL) | UNIQLO KR,여성,kr > ko > men > outerwear,men,,outerwear,,,,,,카테고리 URL 경로
uniqlo,E448040,남성 감탄재킷(CUSTOM ORDER·사이즈M) | UNIQLO KR,여성,kr > ko > men > outerwear,men,,outerwear,,,,,,카테고리 URL 경로
uniqlo,E448044,남성 감탄재킷(CUSTOM ORDER·사이즈3XL) | UNIQLO KR,여성,kr > ko > men > outerwear,men,,outerwear,,,,,,카테고리 URL 경로
uniqlo,E484209,젠더리스 데님쇼트팬츠 | UNIQLO KR,여성,kr > ko > men > bottoms,men,,bottoms,,,,,,카테고리 URL 경로
uniqlo,E482965,젠더리스 턱와이드쇼트팬츠 | UNIQLO KR,여성,kr > ko > men > bottoms,men,,bottoms,,,,,,카테고리 URL 경로
uniqlo,E482944,젠더리스 치노쇼트팬츠 | UNIQLO KR,여성,kr > ko > men > bottoms,men,,bottoms,,,,,,카테고리 URL 경로
uniqlo,E487891,젠더리스 와이드쇼트팬츠 | UNIQLO KR,여성,kr > ko > men > bottoms,men,,bottoms,,,,,,카테고리 URL 경로
uniqlo,E487892,젠더리스 턱쇼트팬츠 | UNIQLO KR,여성,kr > ko > men > bottoms,men,,bottoms,,,,,,카테고리 URL 경로
uniqlo,E489142,젠더리스 턱쇼트팬츠(프린트플라워) | UNIQLO KR,여성,kr > ko > men > bottoms,men,,bottoms,,,,,,카테고리 URL 경로
uniqlo,E488997,젠더리스 와이드쇼트팬츠(프린트) | UNIQLO KR,여성,kr > ko > men > bottoms,men,,bottoms,,,,,,카테고리 URL 경로
uniqlo,E489125,젠더리스 턱쇼트팬츠(프린트체크) | UNIQLO KR,여성,kr > ko > men > bottoms,men,,bottoms,,,,,,카테고리 URL 경로
uniqlo,E482260,남성 리넨블렌드이지쇼트팬츠 | UNIQLO KR,여성,kr > ko > men > bottoms,men,,bottoms,,,,,,카테고리 URL 경로
uniqlo,E481582,젠더리스 스트레치이지쇼트팬츠 | UNIQLO KR,여성,kr > ko > men > bottoms,men,,bottoms,,,,,,카테고리 URL 경로
uniqlo,E458325,젠더리스 스트레치이지쇼트팬츠(시어서커) | UNIQLO KR,여성,kr > ko > men > bottoms,men,,bottoms,,,,,,카테고리 URL 경로
uniqlo,E481583,젠더리스 스트레치이지쇼트팬츠(데님) | UNIQLO KR,여성,kr > ko > men > bottoms,men,,bottoms,,,,,,카테고리 URL 경로
uniqlo,E485739,젠더리스 이지쇼트팬츠 | UNIQLO KR,여성,kr > ko > men > bottoms,men,,bottoms,,,,,,카테고리 URL 경로
uniqlo,E482758,젠더리스 스웨트와이드쇼트팬츠 | UNIQLO KR,여성,kr > ko > men > bottoms,men,,bottoms,,,,,,카테고리 URL 경로
uniqlo,E476225,젠더리스 스웨트와이드쇼트팬츠 | UNIQLO KR,여성,kr > ko > men > bottoms,men,,bottoms,,,,,,카테고리 URL 경로
uniqlo,E483512,여성 데님쇼트팬츠 | UNIQLO KR,여성,kr > ko > women > bottoms,women,,bottoms,,,,,,카테고리 URL 경로
uniqlo,E483912,여성 코튼이지쇼트팬츠(데님) | UNIQLO KR,여성,kr > ko > women > bottoms,women,,bottoms,,,,,,카테고리 URL 경로
uniqlo,E473696,여성 리넨코튼쇼트팬츠 | UNIQLO KR,여성,kr > ko > women > bottoms,women,,bottoms,,,,,,카테고리 URL 경로
uniqlo,E482172,여성 리넨코튼쇼트팬츠(스트라이프) | UNIQLO KR,여성,kr > ko > women > bottoms,women,,bottoms,,,,,,카테고리 URL 경로
uniqlo,E482646,여성 코튼이지쇼트팬츠 | UNIQLO KR,여성,kr > ko > women > bottoms,women,,bottoms,,,,,,카테고리 URL 경로
uniqlo,E482648,여성 드레이프이지쇼트팬츠(프린트) | UNIQLO KR,여성,kr > ko > women > bottoms,women,,bottoms,,,,,,카테고리 URL 경로
uniqlo,E483913,여성 코튼이지쇼트팬츠(스트라이프) | UNIQLO KR,여성,kr > ko > women > bottoms,women,,bottoms,,,,,,카테고리 URL 경로
uniqlo,E484598,여성 나일론쇼트팬츠 | UNIQLO KR,여성,kr > ko > women > bottoms,women,,bottoms,,,,,,카테고리 URL 경로
uniqlo,E485593,여성 나일론큐롯 | UNIQLO KR,여성,kr > ko > women > bottoms,women,,bottoms,,,,,,카테고리 URL 경로
uniqlo,E488694,여성 데님큐롯 | UNIQLO KR,여성,kr > ko > women > bottoms,women,,bottoms,,,,,,카테고리 URL 경로
uniqlo,E488010,여성 스마트큐롯 | UNIQLO KR,여성,kr > ko > women > bottoms,women,,bottoms,,,,,,카테고리 URL 경로
uniqlo,E480302,여성 플리츠스코츠 | UNIQLO KR,여성,kr > ko > women > bottoms,women,,bottoms,,,,,,카테고리 URL 경로
uniqlo,E475386,젠더리스 울트라스트레치액티브쇼트팬츠 | UNIQLO KR,여성,kr > ko > women > bottoms,women,,bottoms,,,,,,카테고리 URL 경로
uniqlo,E488371,젠더리스 기어쇼트팬츠 | UNIQLO KR,여성,kr > ko > women > bottoms,women,,bottoms,,,,,,카테고리 URL 경로
uniqlo,E482937,젠더리스 기어쇼트팬츠 | UNIQLO KR,여성,kr > ko > women > bottoms,women,,bottoms,,,,,,카테고리 URL 경로
uniqlo,E482983,여성 콤비네이션원피스(슬리브리스) | UNIQLO KR,여성,kr > ko > women > dress-and-skirts,women,,dress-and-skirts,,,,,,카테고리 URL 경로
uniqlo,E487286,여성 콤비네이션티어드원피스(슬리브리스) | UNIQLO KR,여성,kr > ko > women > dress-and-skirts,women,,dress-and-skirts,,,,,,카테고리 URL 경로
uniqlo,E482982,여성 울트라스트레치AIRism원피스(슬리브리스) | UNIQLO KR,여성,kr > ko > women > dress-and-skirts,women,,dress-and-skirts,,,,,,카테고리 URL 경로
uniqlo,E483564,여성 코튼셔링원피스(슬리브리스)스트라이프 | UNIQLO KR,여성,kr > ko > women > dress-and-skirts,women,,dress-and-skirts,,,,,,카테고리 URL 경로
uniqlo,E487278,여성 캐미솔원피스 | UNIQLO KR,여성,kr > ko > women > dress-and-skirts,women,,dress-and-skirts,,,,,,카테고리 URL 경로
uniqlo,E484026,여성 코튼셔링원피스(슬리브리스)프린트 | UNIQLO KR,여성,kr > ko > women > dress-and-skirts,women,,dress-and-skirts,,,,,,카테고리 URL 경로
uniqlo,E488216,여성 셔링원피스(슬리브리스) | UNIQLO KR,여성,kr > ko > women > dress-and-skirts,women,,dress-and-skirts,,,,,,카테고리 URL 경로
uniqlo,E488216,여성 셔링원피스(슬리브리스) | UNIQLO KR,여성,kr > ko > women > dress-and-skirts,women,,dress-and-skirts,,,,,,카테고리 URL 경로
uniqlo,E483986,여성 AIRism코튼T원피스(반팔) | UNIQLO KR,여성,kr > ko > women > dress-and-skirts,women,,dress-and-skirts,,,,,,카테고리 URL 경로
uniqlo,E487822,여성 릴랙스원피스(반팔) | UNIQLO KR,여성,kr > ko > women > dress-and-skirts,women,,dress-and-skirts,,,,,,카테고리 URL 경로
