source,key,name,path,url
zara,575944393,릴렉스핏 긴소매 티셔츠,ZARA > 남성 > 티셔츠 > Camiseta M/L,https://www.zara.com/kr/ko/%E1%84%85%E1%85%B5%E1%86%AF%E1%84%85%E1%85%A6%E1%86%A8%E1%84%89%E1%85%B3%E1%84%91%E1%85%B5%E1%86%BA-%E1%84%80%E1%85%B5%E1%86%AB%E1%84%89%E1%85%A9%E1%84%86%E1%85%A2-%E1%84%90%E1%85%B5%E1%84%89%E1%85%A7%E1%84%8E%E1%85%B3-p04805327.html?v1=575946685&utm_campaign=productShare&utm_medium=mobile_sharing_iOS&utm_source=red_social_movil
zara,545964886,포켓 면 혼방 재킷,ZARA > 여성 > 스포츠 재킷 > T.SHORT-OUTWEAR,https://www.zara.com/kr/ko/%E1%84%8F%E1%85%A9%E1%84%90%E1%85%B3%E1%86%AB-%E1%84%87%E1%85%B3%E1%86%AF%E1%84%85%E1%85%A6%E1%86%AB%E1%84%83%E1%85%B3-%E1%84%91%E1%85%A9%E1%84%8F%E1%85%A6%E1%86%BA-%E1%84%8C%E1%85%A2%E1%84%8F%E1%85%B5%E1%86%BA-p05063840.html?v1=545968976&utm_campaign=productShare&utm_medium=mobile_sharing_iOS&utm_source=red_social_movil
zara,549177451,드레이프 미디 원피스,ZARA > 여성 > 드레스 > B.DRESS,https://www.zara.com/kr/ko/%E1%84%83%E1%85%B3%E1%84%85%E1%85%A6%E1%84%8B%E1%85%B5%E1%84%91%E1%85%B3-%E1%84%86%E1%85%B5%E1%84%83%E1%85%B5-%E1%84%8B%E1%85%AF%E1%86%AB%E1%84%91%E1%85%B5%E1%84%89%E1%85%B3-p07038536.html?v1=575953307&utm_campaign=productShare&utm_medium=mobile_sharing_iOS&utm_source=red_social_movil
zara,565594458,워싱 이펙트 릴렉스핏 오버셔츠,ZARA > 남성 > 오버셔츠 > Sobrecamisa,https://www.zara.com/kr/ko/%E1%84%8B%E1%85%AF%E1%84%89%E1%85%B5%E1%86%BC-%E1%84%8B%E1%85%B5%E1%84%91%E1%85%A6%E1%86%A8%E1%84%90%E1%85%B3-%E1%84%85%E1%85%B5%E1%86%AF%E1%84%85%E1%85%A6%E1%86%A8%E1%84%89%E1%85%B3%E1%84%91%E1%85%B5%E1%86%BA-%E1%84%8B%E1%85%A9%E1%84%87%E1%85%A5%E1%84%89%E1%85%A7%E1%84%8E%E1%85%B3-p01957601.html?v1=565606719&utm_campaign=productShare&utm_medium=mobile_sharing_iOS&utm_source=red_social_movil
zara,551126671,베이직 지퍼 하이넥 스웨트셔츠,ZARA > 남성 > 스웨트 셔츠 > B. Sudadera,https://www.zara.com/kr/ko/%E1%84%87%E1%85%A6%E1%84%8B%E1%85%B5%E1%84%8C%E1%85%B5%E1%86%A8-%E1%84%92%E1%85%A1%E1%84%8B%E1%85%B5%E1%84%82%E1%85%A6%E1%86%A8-%E1%84%8C%E1%85%B5%E1%84%91%E1%85%A5-%E1%84%89%E1%85%B3%E1%84%8B%E1%85%B0%E1%84%90%E1%85%B3%E1%84%89%E1%85%A7%E1%84%8E%E1%85%B3-p04092360.html?v1=551145185&utm_campaign=productShare&utm_medium=mobile_sharing_iOS&utm_source=red_social_movil
zara,545450451,오픈워크 스트럭처 니트 폴로셔츠,ZARA > 남성 > 스웨터 > B. Jersey M/C,https://www.zara.com/kr/ko/%E1%84%8B%E1%85%A9%E1%84%91%E1%85%B3%E1%86%AB%E1%84%8B%E1%85%AF%E1%84%8F%E1%85%B3-%E1%84%89%E1%85%B3%E1%84%90%E1%85%B3%E1%84%85%E1%85%A5%E1%86%A8%E1%84%8E%E1%85%A5-%E1%84%82%E1%85%B5%E1%84%90%E1%85%B3-%E1%84%91%E1%85%A9%E1%86%AF%E1%84%85%E1%85%A9%E1%84%89%E1%85%A7%E1%84%8E%E1%85%B3-p03166306.html?v1=545456321&utm_campaign=productShare&utm_medium=mobile_sharing_iOS&utm_source=red_social_movil
zara,547804819,루즈 크롭 핏 청바지,ZARA > 남성 > 바지 > B. Pant Denim,https://www.zara.com/kr/ko/%E1%84%85%E1%85%AE%E1%84%8C%E1%85%B3-%E1%84%8F%E1%85%B3%E1%84%85%E1%85%A9%E1%86%B8-%E1%84%91%E1%85%B5%E1%86%BA-%E1%84%8E%E1%85%A5%E1%86%BC%E1%84%87%E1%85%A1%E1%84%8C%E1%85%B5-p05585470.html?v1=547823527&utm_campaign=productShare&utm_medium=mobile_sharing_iOS&utm_source=red_social_movil
musinsa,4818151,seersucker stripe pants black,,https://www.musinsa.com/products/4818151
musinsa,5922490,10.6 oz Cotton Short Sleeve Henley Tee Black,,https://www.musinsa.com/products/5922490
musinsa,6595807,우먼즈 CR 스트라이프 릴렉스드 긴소매 티셔츠 [라이트 그레이],,https://www.musinsa.com/products/6595807
musinsa,6590793,3-버튼 헨리넥 오버핏 반팔 티셔츠 - 2color,,https://www.musinsa.com/products/6590793
uniqlo,E483512,데님쇼트팬츠,,https://www.uniqlo.com/kr/ko/products/E483512-000/00
musinsa,4341120,클래식 반소매 티셔츠 - 블랙 / 801474YB2FT1000,,https://www.musinsa.com/products/4341120
musinsa,4971043,메이크 아트 반소매 티셔츠 - 화이트 / 1211532810,,https://www.musinsa.com/products/4971043
musinsa,3346165,86-IRO284 [워터프루프] 윈드브레이커 와이드 밴딩 팬츠 딥핑크,,https://www.musinsa.com/products/3346165
uniqlo,E488397,EZY배럴진,,https://www.uniqlo.com/kr/ko/products/E488397-000/00
uniqlo,E488630,EZY배럴진,,https://www.uniqlo.com/kr/ko/products/E488630-000/00
uniqlo,E488684,스트레이트진(셀비지),,https://www.uniqlo.com/kr/ko/products/E488684-000/00
uniqlo,E489563,기어쇼트팬츠(프린트),,https://www.uniqlo.com/kr/ko/products/E489563-000/00
uniqlo,E491086,메리노블렌드헨리넥스웨터,,https://www.uniqlo.com/kr/ko/products/E491086-000/00
uniqlo,E491294,코튼셔츠,,https://www.uniqlo.com/kr/ko/products/E491294-000/00
uniqlo,E491297,코튼셔츠(스트라이프),,https://www.uniqlo.com/kr/ko/products/E491297-000/00
uniqlo,E491380,옥스포드박시셔츠(스트라이프)B,,https://www.uniqlo.com/kr/ko/products/E491380-000/00
uniqlo,E492123,데님릴렉스셔츠재킷,,https://www.uniqlo.com/kr/ko/products/E492123-000/00
