Excel行,쇼핑몰,조사구분,상품스타일코드,내부상품ID,색상CommercialID,제품명,상품페이지URL,실측사이즈URL,조사분류,당시조사상태,당시사이즈행수,당시HTTP,원본비고,현재API검증,현재의류판정,현재옷장중복검사
5,UNIQLO,사용자 제공 150,E487214-000,,,,https://www.uniqlo.com/kr/ko/products/E487214-000/00,https://www.uniqlo.com/kr/ko/products/E487214-000/00/size?measurementUnit=cm,,SIZE_CHART_RESPONSE_PRESENT,,,제품명은 이번 size-chart 수집자료에서 미수집,NOT RUN,NOT CHECKED,NOT CHECKED
6,UNIQLO,사용자 제공 150,E488739-000,,,,https://www.uniqlo.com/kr/ko/products/E488739-000/00,https://www.uniqlo.com/kr/ko/products/E488739-000/00/size?measurementUnit=cm,,SIZE_CHART_RESPONSE_PRESENT,,,제품명은 이번 size-chart 수집자료에서 미수집,NOT RUN,NOT CHECKED,NOT CHECKED
7,UNIQLO,사용자 제공 150,E484875-000,,,,https://www.uniqlo.com/kr/ko/products/E484875-000/00,https://www.uniqlo.com/kr/ko/products/E484875-000/00/size?measurementUnit=cm,,SIZE_CHART_RESPONSE_PRESENT,,,제품명은 이번 size-chart 수집자료에서 미수집,NOT RUN,NOT CHECKED,NOT CHECKED
8,UNIQLO,사용자 제공 150,E488743-000,,,,https://www.uniqlo.com/kr/ko/products/E488743-000/00,https://www.uniqlo.com/kr/ko/products/E488743-000/00/size?measurementUnit=cm,,SIZE_CHART_RESPONSE_PRESENT,,,제품명은 이번 size-chart 수집자료에서 미수집,NOT RUN,NOT CHECKED,NOT CHECKED
9,UNIQLO,사용자 제공 150,E489565-000,,,,https://www.uniqlo.com/kr/ko/products/E489565-000/00,https://www.uniqlo.com/kr/ko/products/E489565-000/00/size?measurementUnit=cm,,SIZE_CHART_RESPONSE_PRESENT,,,제품명은 이번 size-chart 수집자료에서 미수집,NOT RUN,NOT CHECKED,NOT CHECKED
10,UNIQLO,사용자 제공 150,E488397-000,,,,https://www.uniqlo.com/kr/ko/products/E488397-000/00,https://www.uniqlo.com/kr/ko/products/E488397-000/00/size?measurementUnit=cm,,SIZE_CHART_RESPONSE_PRESENT,,,제품명은 이번 size-chart 수집자료에서 미수집,NOT RUN,NOT CHECKED,NOT CHECKED
11,UNIQLO,사용자 제공 150,E488630-000,,,,https://www.uniqlo.com/kr/ko/products/E488630-000/00,https://www.uniqlo.com/kr/ko/products/E488630-000/00/size?measurementUnit=cm,,SIZE_CHART_RESPONSE_PRESENT,,,제품명은 이번 size-chart 수집자료에서 미수집,NOT RUN,NOT CHECKED,NOT CHECKED
12,UNIQLO,사용자 제공 150,E487220-000,,,,https://www.uniqlo.com/kr/ko/products/E487220-000/00,https://www.uniqlo.com/kr/ko/products/E487220-000/00/size?measurementUnit=cm,,SIZE_CHART_RESPONSE_PRESENT,,,제품명은 이번 size-chart 수집자료에서 미수집,NOT RUN,NOT CHECKED,NOT CHECKED
13,UNIQLO,사용자 제공 150,E492365-000,,,,https://www.uniqlo.com/kr/ko/products/E492365-000/00,https://www.uniqlo.com/kr/ko/products/E492365-000/00/size?measurementUnit=cm,,SIZE_CHART_RESPONSE_PRESENT,,,제품명은 이번 size-chart 수집자료에서 미수집,NOT RUN,NOT CHECKED,NOT CHECKED
14,UNIQLO,사용자 제공 150,E482868-000,,,,https://www.uniqlo.com/kr/ko/products/E482868-000/00,https://www.uniqlo.com/kr/ko/products/E482868-000/00/size?measurementUnit=cm,,SIZE_CHART_RESPONSE_PRESENT,,,제품명은 이번 size-chart 수집자료에서 미수집,NOT RUN,NOT CHECKED,NOT CHECKED
15,UNIQLO,사용자 제공 150,E474175-000,,,,https://www.uniqlo.com/kr/ko/products/E474175-000/00,https://www.uniqlo.com/kr/ko/products/E474175-000/00/size?measurementUnit=cm,,SIZE_CHART_RESPONSE_PRESENT,,,제품명은 이번 size-chart 수집자료에서 미수집,NOT RUN,NOT CHECKED,NOT CHECKED
16,UNIQLO,사용자 제공 150,E487394-000,,,,https://www.uniqlo.com/kr/ko/products/E487394-000/00,https://www.uniqlo.com/kr/ko/products/E487394-000/00/size?measurementUnit=cm,,SIZE_CHART_RESPONSE_PRESENT,,,제품명은 이번 size-chart 수집자료에서 미수집,NOT RUN,NOT CHECKED,NOT CHECKED
17,UNIQLO,사용자 제공 150,E481599-000,,,,https://www.uniqlo.com/kr/ko/products/E481599-000/00,https://www.uniqlo.com/kr/ko/products/E481599-000/00/size?measurementUnit=cm,,SIZE_CHART_RESPONSE_PRESENT,,,제품명은 이번 size-chart 수집자료에서 미수집,NOT RUN,NOT CHECKED,NOT CHECKED
18,UNIQLO,사용자 제공 150,E487517-000,,,,https://www.uniqlo.com/kr/ko/products/E487517-000/00,https://www.uniqlo.com/kr/ko/products/E487517-000/00/size?measurementUnit=cm,,SIZE_CHART_RESPONSE_PRESENT,,,제품명은 이번 size-chart 수집자료에서 미수집,NOT RUN,NOT CHECKED,NOT CHECKED
19,UNIQLO,사용자 제공 150,E487832-000,,,,https://www.uniqlo.com/kr/ko/products/E487832-000/00,https://www.uniqlo.com/kr/ko/products/E487832-000/00/size?measurementUnit=cm,,SIZE_CHART_RESPONSE_PRESENT,,,제품명은 이번 size-chart 수집자료에서 미수집,NOT RUN,NOT CHECKED,NOT CHECKED
20,UNIQLO,사용자 제공 150,E488200-000,,,,https://www.uniqlo.com/kr/ko/products/E488200-000/00,https://www.uniqlo.com/kr/ko/products/E488200-000/00/size?measurementUnit=cm,,SIZE_CHART_RESPONSE_PRESENT,,,제품명은 이번 size-chart 수집자료에서 미수집,NOT RUN,NOT CHECKED,NOT CHECKED
21,UNIQLO,사용자 제공 150,E487883-000,,,,https://www.uniqlo.com/kr/ko/products/E487883-000/00,https://www.uniqlo.com/kr/ko/products/E487883-000/00/size?measurementUnit=cm,,SIZE_CHART_RESPONSE_PRESENT,,,제품명은 이번 size-chart 수집자료에서 미수집,NOT RUN,NOT CHECKED,NOT CHECKED
22,UNIQLO,사용자 제공 150,E487516-000,,,,https://www.uniqlo.com/kr/ko/products/E487516-000/00,https://www.uniqlo.com/kr/ko/products/E487516-000/00/size?measurementUnit=cm,,SIZE_CHART_RESPONSE_PRESENT,,,제품명은 이번 size-chart 수집자료에서 미수집,NOT RUN,NOT CHECKED,NOT CHECKED
23,UNIQLO,사용자 제공 150,E487846-000,,,,https://www.uniqlo.com/kr/ko/products/E487846-000/00,https://www.uniqlo.com/kr/ko/products/E487846-000/00/size?measurementUnit=cm,,SIZE_CHART_RESPONSE_PRESENT,,,제품명은 이번 size-chart 수집자료에서 미수집,NOT RUN,NOT CHECKED,NOT CHECKED
24,UNIQLO,사용자 제공 150,E488787-000,,,,https://www.uniqlo.com/kr/ko/products/E488787-000/00,https://www.uniqlo.com/kr/ko/products/E488787-000/00/size?measurementUnit=cm,,SIZE_CHART_RESPONSE_PRESENT,,,제품명은 이번 size-chart 수집자료에서 미수집,NOT RUN,NOT CHECKED,NOT CHECKED
25,UNIQLO,사용자 제공 150,E488298-000,,,,https://www.uniqlo.com/kr/ko/products/E488298-000/00,https://www.uniqlo.com/kr/ko/products/E488298-000/00/size?measurementUnit=cm,,SIZE_CHART_RESPONSE_PRESENT,,,제품명은 이번 size-chart 수집자료에서 미수집,NOT RUN,NOT CHECKED,NOT CHECKED
26,UNIQLO,사용자 제공 150,E489372-000,,,,https://www.uniqlo.com/kr/ko/products/E489372-000/00,https://www.uniqlo.com/kr/ko/products/E489372-000/00/size?measurementUnit=cm,,SIZE_CHART_RESPONSE_PRESENT,,,제품명은 이번 size-chart 수집자료에서 미수집,NOT RUN,NOT CHECKED,NOT CHECKED
27,UNIQLO,사용자 제공 150,E487908-000,,,,https://www.uniqlo.com/kr/ko/products/E487908-000/00,https://www.uniqlo.com/kr/ko/products/E487908-000/00/size?measurementUnit=cm,,SIZE_CHART_RESPONSE_PRESENT,,,제품명은 이번 size-chart 수집자료에서 미수집,NOT RUN,NOT CHECKED,NOT CHECKED
28,UNIQLO,사용자 제공 150,E465751-000,,,,https://www.uniqlo.com/kr/ko/products/E465751-000/00,https://www.uniqlo.com/kr/ko/products/E465751-000/00/size?measurementUnit=cm,,SIZE_CHART_RESPONSE_PRESENT,,,제품명은 이번 size-chart 수집자료에서 미수집,NOT RUN,NOT CHECKED,NOT CHECKED
29,UNIQLO,사용자 제공 150,E483536-000,,,,https://www.uniqlo.com/kr/ko/products/E483536-000/00,https://www.uniqlo.com/kr/ko/products/E483536-000/00/size?measurementUnit=cm,,SIZE_CHART_RESPONSE_PRESENT,,,제품명은 이번 size-chart 수집자료에서 미수집,NOT RUN,NOT CHECKED,NOT CHECKED
30,UNIQLO,사용자 제공 150,E489040-000,,,,https://www.uniqlo.com/kr/ko/products/E489040-000/00,https://www.uniqlo.com/kr/ko/products/E489040-000/00/size?measurementUnit=cm,,SIZE_CHART_RESPONSE_PRESENT,,,제품명은 이번 size-chart 수집자료에서 미수집,NOT RUN,NOT CHECKED,NOT CHECKED
31,UNIQLO,사용자 제공 150,E489060-000,,,,https://www.uniqlo.com/kr/ko/products/E489060-000/00,https://www.uniqlo.com/kr/ko/products/E489060-000/00/size?measurementUnit=cm,,SIZE_CHART_RESPONSE_PRESENT,,,제품명은 이번 size-chart 수집자료에서 미수집,NOT RUN,NOT CHECKED,NOT CHECKED
32,UNIQLO,사용자 제공 150,E489061-000,,,,https://www.uniqlo.com/kr/ko/products/E489061-000/00,https://www.uniqlo.com/kr/ko/products/E489061-000/00/size?measurementUnit=cm,,SIZE_CHART_RESPONSE_PRESENT,,,제품명은 이번 size-chart 수집자료에서 미수집,NOT RUN,NOT CHECKED,NOT CHECKED
33,UNIQLO,사용자 제공 150,E488230-000,,,,https://www.uniqlo.com/kr/ko/products/E488230-000/00,https://www.uniqlo.com/kr/ko/products/E488230-000/00/size?measurementUnit=cm,,SIZE_CHART_RESPONSE_PRESENT,,,제품명은 이번 size-chart 수집자료에서 미수집,NOT RUN,NOT CHECKED,NOT CHECKED
34,UNIQLO,사용자 제공 150,E488228-000,,,,https://www.uniqlo.com/kr/ko/products/E488228-000/00,https://www.uniqlo.com/kr/ko/products/E488228-000/00/size?measurementUnit=cm,,SIZE_CHART_RESPONSE_PRESENT,,,제품명은 이번 size-chart 수집자료에서 미수집,NOT RUN,NOT CHECKED,NOT CHECKED
35,UNIQLO,사용자 제공 150,E469411-000,,,,https://www.uniqlo.com/kr/ko/products/E469411-000/00,https://www.uniqlo.com/kr/ko/products/E469411-000/00/size?measurementUnit=cm,,SIZE_CHART_RESPONSE_PRESENT,,,제품명은 이번 size-chart 수집자료에서 미수집,NOT RUN,NOT CHECKED,NOT CHECKED
36,UNIQLO,사용자 제공 150,E487005-000,,,,https://www.uniqlo.com/kr/ko/products/E487005-000/00,https://www.uniqlo.com/kr/ko/products/E487005-000/00/size?measurementUnit=cm,,SIZE_CHART_RESPONSE_PRESENT,,,제품명은 이번 size-chart 수집자료에서 미수집,NOT RUN,NOT CHECKED,NOT CHECKED
37,UNIQLO,사용자 제공 150,E485329-000,,,,https://www.uniqlo.com/kr/ko/products/E485329-000/00,https://www.uniqlo.com/kr/ko/products/E485329-000/00/size?measurementUnit=cm,,SIZE_CHART_RESPONSE_PRESENT,,,제품명은 이번 size-chart 수집자료에서 미수집,NOT RUN,NOT CHECKED,NOT CHECKED
38,UNIQLO,사용자 제공 150,E485340-000,,,,https://www.uniqlo.com/kr/ko/products/E485340-000/00,https://www.uniqlo.com/kr/ko/products/E485340-000/00/size?measurementUnit=cm,,SIZE_CHART_RESPONSE_PRESENT,,,제품명은 이번 size-chart 수집자료에서 미수집,NOT RUN,NOT CHECKED,NOT CHECKED
39,UNIQLO,사용자 제공 150,E491991-000,,,,https://www.uniqlo.com/kr/ko/products/E491991-000/00,https://www.uniqlo.com/kr/ko/products/E491991-000/00/size?measurementUnit=cm,,SIZE_CHART_RESPONSE_PRESENT,,,제품명은 이번 size-chart 수집자료에서 미수집,NOT RUN,NOT CHECKED,NOT CHECKED
40,UNIQLO,사용자 제공 150,E481731-000,,,,https://www.uniqlo.com/kr/ko/products/E481731-000/00,https://www.uniqlo.com/kr/ko/products/E481731-000/00/size?measurementUnit=cm,,SIZE_CHART_RESPONSE_PRESENT,,,제품명은 이번 size-chart 수집자료에서 미수집,NOT RUN,NOT CHECKED,NOT CHECKED
41,UNIQLO,사용자 제공 150,E488191-000,,,,https://www.uniqlo.com/kr/ko/products/E488191-000/00,https://www.uniqlo.com/kr/ko/products/E488191-000/00/size?measurementUnit=cm,,SIZE_CHART_RESPONSE_PRESENT,,,제품명은 이번 size-chart 수집자료에서 미수집,NOT RUN,NOT CHECKED,NOT CHECKED
42,UNIQLO,사용자 제공 150,E469410-000,,,,https://www.uniqlo.com/kr/ko/products/E469410-000/00,https://www.uniqlo.com/kr/ko/products/E469410-000/00/size?measurementUnit=cm,,SIZE_CHART_RESPONSE_PRESENT,,,제품명은 이번 size-chart 수집자료에서 미수집,NOT RUN,NOT CHECKED,NOT CHECKED
43,UNIQLO,사용자 제공 150,E485321-000,,,,https://www.uniqlo.com/kr/ko/products/E485321-000/00,https://www.uniqlo.com/kr/ko/products/E485321-000/00/size?measurementUnit=cm,,SIZE_CHART_RESPONSE_PRESENT,,,제품명은 이번 size-chart 수집자료에서 미수집,NOT RUN,NOT CHECKED,NOT CHECKED
44,UNIQLO,사용자 제공 150,E450514-000,,,,https://www.uniqlo.com/kr/ko/products/E450514-000/00,https://www.uniqlo.com/kr/ko/products/E450514-000/00/size?measurementUnit=cm,,SIZE_CHART_RESPONSE_PRESENT,,,제품명은 이번 size-chart 수집자료에서 미수집,NOT RUN,NOT CHECKED,NOT CHECKED
45,UNIQLO,사용자 제공 150,E488182-000,,,,https://www.uniqlo.com/kr/ko/products/E488182-000/00,https://www.uniqlo.com/kr/ko/products/E488182-000/00/size?measurementUnit=cm,,SIZE_CHART_RESPONSE_PRESENT,,,제품명은 이번 size-chart 수집자료에서 미수집,NOT RUN,NOT CHECKED,NOT CHECKED
46,UNIQLO,사용자 제공 150,E488560-000,,,,https://www.uniqlo.com/kr/ko/products/E488560-000/00,https://www.uniqlo.com/kr/ko/products/E488560-000/00/size?measurementUnit=cm,,SIZE_CHART_RESPONSE_PRESENT,,,제품명은 이번 size-chart 수집자료에서 미수집,NOT RUN,NOT CHECKED,NOT CHECKED
47,UNIQLO,사용자 제공 150,E489427-000,,,,https://www.uniqlo.com/kr/ko/products/E489427-000/00,https://www.uniqlo.com/kr/ko/products/E489427-000/00/size?measurementUnit=cm,,SIZE_CHART_RESPONSE_PRESENT,,,제품명은 이번 size-chart 수집자료에서 미수집,NOT RUN,NOT CHECKED,NOT CHECKED
48,UNIQLO,사용자 제공 150,E489509-000,,,,https://www.uniqlo.com/kr/ko/products/E489509-000/00,https://www.uniqlo.com/kr/ko/products/E489509-000/00/size?measurementUnit=cm,,SIZE_CHART_RESPONSE_PRESENT,,,제품명은 이번 size-chart 수집자료에서 미수집,NOT RUN,NOT CHECKED,NOT CHECKED
49,UNIQLO,사용자 제공 150,E491294-000,,,,https://www.uniqlo.com/kr/ko/products/E491294-000/00,https://www.uniqlo.com/kr/ko/products/E491294-000/00/size?measurementUnit=cm,,SIZE_CHART_RESPONSE_PRESENT,,,제품명은 이번 size-chart 수집자료에서 미수집,NOT RUN,NOT CHECKED,NOT CHECKED
50,UNIQLO,사용자 제공 150,E491297-000,,,,https://www.uniqlo.com/kr/ko/products/E491297-000/00,https://www.uniqlo.com/kr/ko/products/E491297-000/00/size?measurementUnit=cm,,SIZE_CHART_RESPONSE_PRESENT,,,제품명은 이번 size-chart 수집자료에서 미수집,NOT RUN,NOT CHECKED,NOT CHECKED
51,UNIQLO,사용자 제공 150,E489409-000,,,,https://www.uniqlo.com/kr/ko/products/E489409-000/00,https://www.uniqlo.com/kr/ko/products/E489409-000/00/size?measurementUnit=cm,,SIZE_CHART_RESPONSE_PRESENT,,,제품명은 이번 size-chart 수집자료에서 미수집,NOT RUN,NOT CHECKED,NOT CHECKED
52,UNIQLO,사용자 제공 150,E483880-000,,,,https://www.uniqlo.com/kr/ko/products/E483880-000/00,https://www.uniqlo.com/kr/ko/products/E483880-000/00/size?measurementUnit=cm,,SIZE_CHART_RESPONSE_PRESENT,,,제품명은 이번 size-chart 수집자료에서 미수집,NOT RUN,NOT CHECKED,NOT CHECKED
53,UNIQLO,사용자 제공 150,E489408-000,,,,https://www.uniqlo.com/kr/ko/products/E489408-000/00,https://www.uniqlo.com/kr/ko/products/E489408-000/00/size?measurementUnit=cm,,SIZE_CHART_RESPONSE_PRESENT,,,제품명은 이번 size-chart 수집자료에서 미수집,NOT RUN,NOT CHECKED,NOT CHECKED
54,UNIQLO,사용자 제공 150,E492900-000,,,,https://www.uniqlo.com/kr/ko/products/E492900-000/00,https://www.uniqlo.com/kr/ko/products/E492900-000/00/size?measurementUnit=cm,,SIZE_CHART_RESPONSE_PRESENT,,,제품명은 이번 size-chart 수집자료에서 미수집,NOT RUN,NOT CHECKED,NOT CHECKED
55,UNIQLO,사용자 제공 150,E477345-000,,,,https://www.uniqlo.com/kr/ko/products/E477345-000/00,https://www.uniqlo.com/kr/ko/products/E477345-000/00/size?measurementUnit=cm,,SIZE_CHART_RESPONSE_PRESENT,,,제품명은 이번 size-chart 수집자료에서 미수집,NOT RUN,NOT CHECKED,NOT CHECKED
56,UNIQLO,사용자 제공 150,E489417-000,,,,https://www.uniqlo.com/kr/ko/products/E489417-000/00,https://www.uniqlo.com/kr/ko/products/E489417-000/00/size?measurementUnit=cm,,SIZE_CHART_RESPONSE_PRESENT,,,제품명은 이번 size-chart 수집자료에서 미수집,NOT RUN,NOT CHECKED,NOT CHECKED
57,UNIQLO,사용자 제공 150,E475344-000,,,,https://www.uniqlo.com/kr/ko/products/E475344-000/00,https://www.uniqlo.com/kr/ko/products/E475344-000/00/size?measurementUnit=cm,,SIZE_CHART_RESPONSE_PRESENT,,,제품명은 이번 size-chart 수집자료에서 미수집,NOT RUN,NOT CHECKED,NOT CHECKED
58,UNIQLO,사용자 제공 150,E489191-000,,,,https://www.uniqlo.com/kr/ko/products/E489191-000/00,https://www.uniqlo.com/kr/ko/products/E489191-000/00/size?measurementUnit=cm,,SIZE_CHART_RESPONSE_PRESENT,,,제품명은 이번 size-chart 수집자료에서 미수집,NOT RUN,NOT CHECKED,NOT CHECKED
59,UNIQLO,사용자 제공 150,E488700-000,,,,https://www.uniqlo.com/kr/ko/products/E488700-000/00,https://www.uniqlo.com/kr/ko/products/E488700-000/00/size?measurementUnit=cm,,SIZE_CHART_RESPONSE_PRESENT,,,제품명은 이번 size-chart 수집자료에서 미수집,NOT RUN,NOT CHECKED,NOT CHECKED
60,UNIQLO,사용자 제공 150,E484807-000,,,,https://www.uniqlo.com/kr/ko/products/E484807-000/00,https://www.uniqlo.com/kr/ko/products/E484807-000/00/size?measurementUnit=cm,,SIZE_CHART_RESPONSE_PRESENT,,,제품명은 이번 size-chart 수집자료에서 미수집,NOT RUN,NOT CHECKED,NOT CHECKED
61,UNIQLO,사용자 제공 150,E479000-000,,,,https://www.uniqlo.com/kr/ko/products/E479000-000/00,https://www.uniqlo.com/kr/ko/products/E479000-000/00/size?measurementUnit=cm,,SIZE_CHART_RESPONSE_PRESENT,,,제품명은 이번 size-chart 수집자료에서 미수집,NOT RUN,NOT CHECKED,NOT CHECKED
62,UNIQLO,사용자 제공 150,E482658-000,,,,https://www.uniqlo.com/kr/ko/products/E482658-000/00,https://www.uniqlo.com/kr/ko/products/E482658-000/00/size?measurementUnit=cm,,SIZE_CHART_RESPONSE_PRESENT,,,제품명은 이번 size-chart 수집자료에서 미수집,NOT RUN,NOT CHECKED,NOT CHECKED
63,UNIQLO,사용자 제공 150,E488364-000,,,,https://www.uniqlo.com/kr/ko/products/E488364-000/00,https://www.uniqlo.com/kr/ko/products/E488364-000/00/size?measurementUnit=cm,,SIZE_CHART_RESPONSE_PRESENT,,,제품명은 이번 size-chart 수집자료에서 미수집,NOT RUN,NOT CHECKED,NOT CHECKED
64,UNIQLO,사용자 제공 150,E482286-000,,,,https://www.uniqlo.com/kr/ko/products/E482286-000/00,https://www.uniqlo.com/kr/ko/products/E482286-000/00/size?measurementUnit=cm,,SIZE_CHART_RESPONSE_PRESENT,,,제품명은 이번 size-chart 수집자료에서 미수집,NOT RUN,NOT CHECKED,NOT CHECKED
65,UNIQLO,사용자 제공 150,E487995-000,,,,https://www.uniqlo.com/kr/ko/products/E487995-000/00,https://www.uniqlo.com/kr/ko/products/E487995-000/00/size?measurementUnit=cm,,SIZE_CHART_RESPONSE_PRESENT,,,제품명은 이번 size-chart 수집자료에서 미수집,NOT RUN,NOT CHECKED,NOT CHECKED
66,UNIQLO,사용자 제공 150,E488089-000,,,,https://www.uniqlo.com/kr/ko/products/E488089-000/00,https://www.uniqlo.com/kr/ko/products/E488089-000/00/size?measurementUnit=cm,,SIZE_CHART_RESPONSE_PRESENT,,,제품명은 이번 size-chart 수집자료에서 미수집,NOT RUN,NOT CHECKED,NOT CHECKED
67,UNIQLO,사용자 제공 150,E484705-000,,,,https://www.uniqlo.com/kr/ko/products/E484705-000/00,https://www.uniqlo.com/kr/ko/products/E484705-000/00/size?measurementUnit=cm,,SIZE_CHART_RESPONSE_PRESENT,,,제품명은 이번 size-chart 수집자료에서 미수집,NOT RUN,NOT CHECKED,NOT CHECKED
68,UNIQLO,사용자 제공 150,E488934-000,,,,https://www.uniqlo.com/kr/ko/products/E488934-000/00,https://www.uniqlo.com/kr/ko/products/E488934-000/00/size?measurementUnit=cm,,SIZE_CHART_RESPONSE_PRESENT,,,제품명은 이번 size-chart 수집자료에서 미수집,NOT RUN,NOT CHECKED,NOT CHECKED
69,UNIQLO,사용자 제공 150,E488008-000,,,,https://www.uniqlo.com/kr/ko/products/E488008-000/00,https://www.uniqlo.com/kr/ko/products/E488008-000/00/size?measurementUnit=cm,,SIZE_CHART_RESPONSE_PRESENT,,,제품명은 이번 size-chart 수집자료에서 미수집,NOT RUN,NOT CHECKED,NOT CHECKED
70,UNIQLO,사용자 제공 150,E488816-000,,,,https://www.uniqlo.com/kr/ko/products/E488816-000/00,https://www.uniqlo.com/kr/ko/products/E488816-000/00/size?measurementUnit=cm,,SIZE_CHART_RESPONSE_PRESENT,,,제품명은 이번 size-chart 수집자료에서 미수집,NOT RUN,NOT CHECKED,NOT CHECKED
71,UNIQLO,사용자 제공 150,E469292-000,,,,https://www.uniqlo.com/kr/ko/products/E469292-000/00,https://www.uniqlo.com/kr/ko/products/E469292-000/00/size?measurementUnit=cm,,SIZE_CHART_RESPONSE_PRESENT,,,제품명은 이번 size-chart 수집자료에서 미수집,NOT RUN,NOT CHECKED,NOT CHECKED
72,UNIQLO,사용자 제공 150,E484610-000,,,,https://www.uniqlo.com/kr/ko/products/E484610-000/00,https://www.uniqlo.com/kr/ko/products/E484610-000/00/size?measurementUnit=cm,,SIZE_CHART_RESPONSE_PRESENT,,,제품명은 이번 size-chart 수집자료에서 미수집,NOT RUN,NOT CHECKED,NOT CHECKED
73,UNIQLO,사용자 제공 150,E486816-000,,,,https://www.uniqlo.com/kr/ko/products/E486816-000/00,https://www.uniqlo.com/kr/ko/products/E486816-000/00/size?measurementUnit=cm,,SIZE_CHART_RESPONSE_PRESENT,,,제품명은 이번 size-chart 수집자료에서 미수집,NOT RUN,NOT CHECKED,NOT CHECKED
74,UNIQLO,사용자 제공 150,E488726-000,,,,https://www.uniqlo.com/kr/ko/products/E488726-000/00,https://www.uniqlo.com/kr/ko/products/E488726-000/00/size?measurementUnit=cm,,SIZE_CHART_RESPONSE_PRESENT,,,제품명은 이번 size-chart 수집자료에서 미수집,NOT RUN,NOT CHECKED,NOT CHECKED
75,UNIQLO,사용자 제공 150,E488829-000,,,,https://www.uniqlo.com/kr/ko/products/E488829-000/00,https://www.uniqlo.com/kr/ko/products/E488829-000/00/size?measurementUnit=cm,,SIZE_CHART_RESPONSE_PRESENT,,,제품명은 이번 size-chart 수집자료에서 미수집,NOT RUN,NOT CHECKED,NOT CHECKED
76,UNIQLO,사용자 제공 150,E487688-000,,,,https://www.uniqlo.com/kr/ko/products/E487688-000/00,https://www.uniqlo.com/kr/ko/products/E487688-000/00/size?measurementUnit=cm,,SIZE_CHART_RESPONSE_PRESENT,,,제품명은 이번 size-chart 수집자료에서 미수집,NOT RUN,NOT CHECKED,NOT CHECKED
77,UNIQLO,사용자 제공 150,E488828-000,,,,https://www.uniqlo.com/kr/ko/products/E488828-000/00,https://www.uniqlo.com/kr/ko/products/E488828-000/00/size?measurementUnit=cm,,SIZE_CHART_RESPONSE_PRESENT,,,제품명은 이번 size-chart 수집자료에서 미수집,NOT RUN,NOT CHECKED,NOT CHECKED
78,UNIQLO,사용자 제공 150,E486167-000,,,,https://www.uniqlo.com/kr/ko/products/E486167-000/00,https://www.uniqlo.com/kr/ko/products/E486167-000/00/size?measurementUnit=cm,,SIZE_CHART_RESPONSE_PRESENT,,,제품명은 이번 size-chart 수집자료에서 미수집,NOT RUN,NOT CHECKED,NOT CHECKED
79,UNIQLO,사용자 제공 150,E484249-000,,,,https://www.uniqlo.com/kr/ko/products/E484249-000/00,https://www.uniqlo.com/kr/ko/products/E484249-000/00/size?measurementUnit=cm,,SIZE_CHART_RESPONSE_PRESENT,,,제품명은 이번 size-chart 수집자료에서 미수집,NOT RUN,NOT CHECKED,NOT CHECKED
80,UNIQLO,사용자 제공 150,E491292-000,,,,https://www.uniqlo.com/kr/ko/products/E491292-000/00,https://www.uniqlo.com/kr/ko/products/E491292-000/00/size?measurementUnit=cm,,SIZE_CHART_RESPONSE_PRESENT,,,제품명은 이번 size-chart 수집자료에서 미수집,NOT RUN,NOT CHECKED,NOT CHECKED
81,UNIQLO,사용자 제공 150,E484080-000,,,,https://www.uniqlo.com/kr/ko/products/E484080-000/00,https://www.uniqlo.com/kr/ko/products/E484080-000/00/size?measurementUnit=cm,,SIZE_CHART_RESPONSE_PRESENT,,,제품명은 이번 size-chart 수집자료에서 미수집,NOT RUN,NOT CHECKED,NOT CHECKED
82,UNIQLO,사용자 제공 150,E482766-000,,,,https://www.uniqlo.com/kr/ko/products/E482766-000/00,https://www.uniqlo.com/kr/ko/products/E482766-000/00/size?measurementUnit=cm,,SIZE_CHART_RESPONSE_PRESENT,,,제품명은 이번 size-chart 수집자료에서 미수집,NOT RUN,NOT CHECKED,NOT CHECKED
83,UNIQLO,사용자 제공 150,E450179-000,,,,https://www.uniqlo.com/kr/ko/products/E450179-000/00,https://www.uniqlo.com/kr/ko/products/E450179-000/00/size?measurementUnit=cm,,SIZE_CHART_RESPONSE_PRESENT,,,제품명은 이번 size-chart 수집자료에서 미수집,NOT RUN,NOT CHECKED,NOT CHECKED
84,UNIQLO,사용자 제공 150,E486129-000,,,,https://www.uniqlo.com/kr/ko/products/E486129-000/00,https://www.uniqlo.com/kr/ko/products/E486129-000/00/size?measurementUnit=cm,,SIZE_CHART_RESPONSE_PRESENT,,,제품명은 이번 size-chart 수집자료에서 미수집,NOT RUN,NOT CHECKED,NOT CHECKED
85,UNIQLO,사용자 제공 150,E465193-000,,,,https://www.uniqlo.com/kr/ko/products/E465193-000/00,https://www.uniqlo.com/kr/ko/products/E465193-000/00/size?measurementUnit=cm,,SIZE_CHART_RESPONSE_PRESENT,,,제품명은 이번 size-chart 수집자료에서 미수집,NOT RUN,NOT CHECKED,NOT CHECKED
86,UNIQLO,사용자 제공 150,E486103-000,,,,https://www.uniqlo.com/kr/ko/products/E486103-000/00,https://www.uniqlo.com/kr/ko/products/E486103-000/00/size?measurementUnit=cm,,SIZE_CHART_RESPONSE_PRESENT,,,제품명은 이번 size-chart 수집자료에서 미수집,NOT RUN,NOT CHECKED,NOT CHECKED
87,UNIQLO,사용자 제공 150,E488605-000,,,,https://www.uniqlo.com/kr/ko/products/E488605-000/00,https://www.uniqlo.com/kr/ko/products/E488605-000/00/size?measurementUnit=cm,,SIZE_CHART_RESPONSE_PRESENT,,,제품명은 이번 size-chart 수집자료에서 미수집,NOT RUN,NOT CHECKED,NOT CHECKED
88,UNIQLO,사용자 제공 150,E481441-000,,,,https://www.uniqlo.com/kr/ko/products/E481441-000/00,https://www.uniqlo.com/kr/ko/products/E481441-000/00/size?measurementUnit=cm,,SIZE_CHART_RESPONSE_PRESENT,,,제품명은 이번 size-chart 수집자료에서 미수집,NOT RUN,NOT CHECKED,NOT CHECKED
89,UNIQLO,사용자 제공 150,E479450-000,,,,https://www.uniqlo.com/kr/ko/products/E479450-000/00,https://www.uniqlo.com/kr/ko/products/E479450-000/00/size?measurementUnit=cm,,SIZE_CHART_RESPONSE_PRESENT,,,제품명은 이번 size-chart 수집자료에서 미수집,NOT RUN,NOT CHECKED,NOT CHECKED
90,UNIQLO,사용자 제공 150,E481442-000,,,,https://www.uniqlo.com/kr/ko/products/E481442-000/00,https://www.uniqlo.com/kr/ko/products/E481442-000/00/size?measurementUnit=cm,,SIZE_CHART_RESPONSE_PRESENT,,,제품명은 이번 size-chart 수집자료에서 미수집,NOT RUN,NOT CHECKED,NOT CHECKED
91,UNIQLO,사용자 제공 150,E487939-000,,,,https://www.uniqlo.com/kr/ko/products/E487939-000/00,https://www.uniqlo.com/kr/ko/products/E487939-000/00/size?measurementUnit=cm,,SIZE_CHART_RESPONSE_PRESENT,,,제품명은 이번 size-chart 수집자료에서 미수집,NOT RUN,NOT CHECKED,NOT CHECKED
92,UNIQLO,사용자 제공 150,E486080-000,,,,https://www.uniqlo.com/kr/ko/products/E486080-000/00,https://www.uniqlo.com/kr/ko/products/E486080-000/00/size?measurementUnit=cm,,SIZE_CHART_RESPONSE_PRESENT,,,제품명은 이번 size-chart 수집자료에서 미수집,NOT RUN,NOT CHECKED,NOT CHECKED
93,UNIQLO,사용자 제공 150,E487942-000,,,,https://www.uniqlo.com/kr/ko/products/E487942-000/00,https://www.uniqlo.com/kr/ko/products/E487942-000/00/size?measurementUnit=cm,,SIZE_CHART_RESPONSE_PRESENT,,,제품명은 이번 size-chart 수집자료에서 미수집,NOT RUN,NOT CHECKED,NOT CHECKED
94,UNIQLO,사용자 제공 150,E450536-000,,,,https://www.uniqlo.com/kr/ko/products/E450536-000/00,https://www.uniqlo.com/kr/ko/products/E450536-000/00/size?measurementUnit=cm,,SIZE_CHART_RESPONSE_PRESENT,,,제품명은 이번 size-chart 수집자료에서 미수집,NOT RUN,NOT CHECKED,NOT CHECKED
95,UNIQLO,사용자 제공 150,E488760-000,,,,https://www.uniqlo.com/kr/ko/products/E488760-000/00,https://www.uniqlo.com/kr/ko/products/E488760-000/00/size?measurementUnit=cm,,SIZE_CHART_RESPONSE_PRESENT,,,제품명은 이번 size-chart 수집자료에서 미수집,NOT RUN,NOT CHECKED,NOT CHECKED
96,UNIQLO,사용자 제공 150,E479791-000,,,,https://www.uniqlo.com/kr/ko/products/E479791-000/00,https://www.uniqlo.com/kr/ko/products/E479791-000/00/size?measurementUnit=cm,,SIZE_CHART_RESPONSE_PRESENT,,,제품명은 이번 size-chart 수집자료에서 미수집,NOT RUN,NOT CHECKED,NOT CHECKED
97,UNIQLO,사용자 제공 150,E453754-000,,,,https://www.uniqlo.com/kr/ko/products/E453754-000/00,https://www.uniqlo.com/kr/ko/products/E453754-000/00/size?measurementUnit=cm,,SIZE_CHART_RESPONSE_PRESENT,,,제품명은 이번 size-chart 수집자료에서 미수집,NOT RUN,NOT CHECKED,NOT CHECKED
98,UNIQLO,사용자 제공 150,E450535-000,,,,https://www.uniqlo.com/kr/ko/products/E450535-000/00,https://www.uniqlo.com/kr/ko/products/E450535-000/00/size?measurementUnit=cm,,SIZE_CHART_RESPONSE_PRESENT,,,제품명은 이번 size-chart 수집자료에서 미수집,NOT RUN,NOT CHECKED,NOT CHECKED
99,UNIQLO,사용자 제공 150,E488758-000,,,,https://www.uniqlo.com/kr/ko/products/E488758-000/00,https://www.uniqlo.com/kr/ko/products/E488758-000/00/size?measurementUnit=cm,,SIZE_CHART_RESPONSE_PRESENT,,,제품명은 이번 size-chart 수집자료에서 미수집,NOT RUN,NOT CHECKED,NOT CHECKED
100,UNIQLO,사용자 제공 150,E486066-000,,,,https://www.uniqlo.com/kr/ko/products/E486066-000/00,https://www.uniqlo.com/kr/ko/products/E486066-000/00/size?measurementUnit=cm,,SIZE_CHART_RESPONSE_PRESENT,,,제품명은 이번 size-chart 수집자료에서 미수집,NOT RUN,NOT CHECKED,NOT CHECKED
101,UNIQLO,사용자 제공 150,E486610-000,,,,https://www.uniqlo.com/kr/ko/products/E486610-000/00,https://www.uniqlo.com/kr/ko/products/E486610-000/00/size?measurementUnit=cm,,SIZE_CHART_RESPONSE_PRESENT,,,제품명은 이번 size-chart 수집자료에서 미수집,NOT RUN,NOT CHECKED,NOT CHECKED
102,UNIQLO,사용자 제공 150,E488801-000,,,,https://www.uniqlo.com/kr/ko/products/E488801-000/00,https://www.uniqlo.com/kr/ko/products/E488801-000/00/size?measurementUnit=cm,,SIZE_CHART_RESPONSE_PRESENT,,,제품명은 이번 size-chart 수집자료에서 미수집,NOT RUN,NOT CHECKED,NOT CHECKED
103,UNIQLO,사용자 제공 150,E488793-000,,,,https://www.uniqlo.com/kr/ko/products/E488793-000/00,https://www.uniqlo.com/kr/ko/products/E488793-000/00/size?measurementUnit=cm,,SIZE_CHART_RESPONSE_PRESENT,,,제품명은 이번 size-chart 수집자료에서 미수집,NOT RUN,NOT CHECKED,NOT CHECKED
104,UNIQLO,사용자 제공 150,E486614-000,,,,https://www.uniqlo.com/kr/ko/products/E486614-000/00,https://www.uniqlo.com/kr/ko/products/E486614-000/00/size?measurementUnit=cm,,SIZE_CHART_RESPONSE_PRESENT,,,제품명은 이번 size-chart 수집자료에서 미수집,NOT RUN,NOT CHECKED,NOT CHECKED
105,UNIQLO,사용자 제공 150,E450260-000,,,,https://www.uniqlo.com/kr/ko/products/E450260-000/00,https://www.uniqlo.com/kr/ko/products/E450260-000/00/size?measurementUnit=cm,,SIZE_CHART_RESPONSE_PRESENT,,,제품명은 이번 size-chart 수집자료에서 미수집,NOT RUN,NOT CHECKED,NOT CHECKED
106,UNIQLO,사용자 제공 150,E486587-000,,,,https://www.uniqlo.com/kr/ko/products/E486587-000/00,https://www.uniqlo.com/kr/ko/products/E486587-000/00/size?measurementUnit=cm,,SIZE_CHART_RESPONSE_PRESENT,,,제품명은 이번 size-chart 수집자료에서 미수집,NOT RUN,NOT CHECKED,NOT CHECKED
107,UNIQLO,사용자 제공 150,E482461-000,,,,https://www.uniqlo.com/kr/ko/products/E482461-000/00,https://www.uniqlo.com/kr/ko/products/E482461-000/00/size?measurementUnit=cm,,SIZE_CHART_RESPONSE_PRESENT,,,제품명은 이번 size-chart 수집자료에서 미수집,NOT RUN,NOT CHECKED,NOT CHECKED
108,UNIQLO,사용자 제공 150,E486586-000,,,,https://www.uniqlo.com/kr/ko/products/E486586-000/00,https://www.uniqlo.com/kr/ko/products/E486586-000/00/size?measurementUnit=cm,,SIZE_CHART_RESPONSE_PRESENT,,,제품명은 이번 size-chart 수집자료에서 미수집,NOT RUN,NOT CHECKED,NOT CHECKED
109,UNIQLO,사용자 제공 150,E485653-000,,,,https://www.uniqlo.com/kr/ko/products/E485653-000/00,https://www.uniqlo.com/kr/ko/products/E485653-000/00/size?measurementUnit=cm,,SIZE_CHART_RESPONSE_PRESENT,,,제품명은 이번 size-chart 수집자료에서 미수집,NOT RUN,NOT CHECKED,NOT CHECKED
110,UNIQLO,사용자 제공 150,E480764-000,,,,https://www.uniqlo.com/kr/ko/products/E480764-000/00,https://www.uniqlo.com/kr/ko/products/E480764-000/00/size?measurementUnit=cm,,SIZE_CHART_RESPONSE_PRESENT,,,제품명은 이번 size-chart 수집자료에서 미수집,NOT RUN,NOT CHECKED,NOT CHECKED
111,UNIQLO,사용자 제공 150,E483443-000,,,,https://www.uniqlo.com/kr/ko/products/E483443-000/00,https://www.uniqlo.com/kr/ko/products/E483443-000/00/size?measurementUnit=cm,,SIZE_CHART_RESPONSE_PRESENT,,,제품명은 이번 size-chart 수집자료에서 미수집,NOT RUN,NOT CHECKED,NOT CHECKED
112,UNIQLO,사용자 제공 150,E480861-000,,,,https://www.uniqlo.com/kr/ko/products/E480861-000/00,https://www.uniqlo.com/kr/ko/products/E480861-000/00/size?measurementUnit=cm,,SIZE_CHART_RESPONSE_PRESENT,,,제품명은 이번 size-chart 수집자료에서 미수집,NOT RUN,NOT CHECKED,NOT CHECKED
113,UNIQLO,사용자 제공 150,E488939-000,,,,https://www.uniqlo.com/kr/ko/products/E488939-000/00,https://www.uniqlo.com/kr/ko/products/E488939-000/00/size?measurementUnit=cm,,SIZE_CHART_RESPONSE_PRESENT,,,제품명은 이번 size-chart 수집자료에서 미수집,NOT RUN,NOT CHECKED,NOT CHECKED
114,UNIQLO,사용자 제공 150,E493533-000,,,,https://www.uniqlo.com/kr/ko/products/E493533-000/00,https://www.uniqlo.com/kr/ko/products/E493533-000/00/size?measurementUnit=cm,,SIZE_CHART_RESPONSE_PRESENT,,,제품명은 이번 size-chart 수집자료에서 미수집,NOT RUN,NOT CHECKED,NOT CHECKED
115,UNIQLO,사용자 제공 150,E490470-000,,,,https://www.uniqlo.com/kr/ko/products/E490470-000/00,https://www.uniqlo.com/kr/ko/products/E490470-000/00/size?measurementUnit=cm,,SIZE_CHART_RESPONSE_PRESENT,,,제품명은 이번 size-chart 수집자료에서 미수집,NOT RUN,NOT CHECKED,NOT CHECKED
116,UNIQLO,사용자 제공 150,E491320-002,,,,https://www.uniqlo.com/kr/ko/products/E491320-002/00,https://www.uniqlo.com/kr/ko/products/E491320-002/00/size?measurementUnit=cm,,SIZE_CHART_RESPONSE_PRESENT,,,제품명은 이번 size-chart 수집자료에서 미수집,NOT RUN,NOT CHECKED,NOT CHECKED
117,UNIQLO,사용자 제공 150,E491320-000,,,,https://www.uniqlo.com/kr/ko/products/E491320-000/00,https://www.uniqlo.com/kr/ko/products/E491320-000/00/size?measurementUnit=cm,,SIZE_CHART_RESPONSE_PRESENT,,,제품명은 이번 size-chart 수집자료에서 미수집,NOT RUN,NOT CHECKED,NOT CHECKED
118,UNIQLO,사용자 제공 150,E491320-001,,,,https://www.uniqlo.com/kr/ko/products/E491320-001/00,https://www.uniqlo.com/kr/ko/products/E491320-001/00/size?measurementUnit=cm,,SIZE_CHART_RESPONSE_PRESENT,,,제품명은 이번 size-chart 수집자료에서 미수집,NOT RUN,NOT CHECKED,NOT CHECKED
119,UNIQLO,사용자 제공 150,E478168-000,,,,https://www.uniqlo.com/kr/ko/products/E478168-000/00,https://www.uniqlo.com/kr/ko/products/E478168-000/00/size?measurementUnit=cm,,SIZE_CHART_RESPONSE_PRESENT,,,제품명은 이번 size-chart 수집자료에서 미수집,NOT RUN,NOT CHECKED,NOT CHECKED
120,UNIQLO,사용자 제공 150,E478141-000,,,,https://www.uniqlo.com/kr/ko/products/E478141-000/00,https://www.uniqlo.com/kr/ko/products/E478141-000/00/size?measurementUnit=cm,,SIZE_CHART_RESPONSE_PRESENT,,,제품명은 이번 size-chart 수집자료에서 미수집,NOT RUN,NOT CHECKED,NOT CHECKED
121,UNIQLO,사용자 제공 150,E483502-000,,,,https://www.uniqlo.com/kr/ko/products/E483502-000/00,https://www.uniqlo.com/kr/ko/products/E483502-000/00/size?measurementUnit=cm,,SIZE_CHART_RESPONSE_PRESENT,,,제품명은 이번 size-chart 수집자료에서 미수집,NOT RUN,NOT CHECKED,NOT CHECKED
122,UNIQLO,사용자 제공 150,E486630-000,,,,https://www.uniqlo.com/kr/ko/products/E486630-000/00,https://www.uniqlo.com/kr/ko/products/E486630-000/00/size?measurementUnit=cm,,SIZE_CHART_RESPONSE_PRESENT,,,제품명은 이번 size-chart 수집자료에서 미수집,NOT RUN,NOT CHECKED,NOT CHECKED
123,UNIQLO,사용자 제공 150,E486637-000,,,,https://www.uniqlo.com/kr/ko/products/E486637-000/00,https://www.uniqlo.com/kr/ko/products/E486637-000/00/size?measurementUnit=cm,,SIZE_CHART_RESPONSE_PRESENT,,,제품명은 이번 size-chart 수집자료에서 미수집,NOT RUN,NOT CHECKED,NOT CHECKED
124,UNIQLO,사용자 제공 150,E486638-000,,,,https://www.uniqlo.com/kr/ko/products/E486638-000/00,https://www.uniqlo.com/kr/ko/products/E486638-000/00/size?measurementUnit=cm,,SIZE_CHART_RESPONSE_PRESENT,,,제품명은 이번 size-chart 수집자료에서 미수집,NOT RUN,NOT CHECKED,NOT CHECKED
125,UNIQLO,사용자 제공 150,E488163-000,,,,https://www.uniqlo.com/kr/ko/products/E488163-000/00,https://www.uniqlo.com/kr/ko/products/E488163-000/00/size?measurementUnit=cm,,SIZE_CHART_RESPONSE_PRESENT,,,제품명은 이번 size-chart 수집자료에서 미수집,NOT RUN,NOT CHECKED,NOT CHECKED
126,UNIQLO,사용자 제공 150,E488426-000,,,,https://www.uniqlo.com/kr/ko/products/E488426-000/00,https://www.uniqlo.com/kr/ko/products/E488426-000/00/size?measurementUnit=cm,,SIZE_CHART_RESPONSE_PRESENT,,,제품명은 이번 size-chart 수집자료에서 미수집,NOT RUN,NOT CHECKED,NOT CHECKED
127,UNIQLO,사용자 제공 150,E478140-000,,,,https://www.uniqlo.com/kr/ko/products/E478140-000/00,https://www.uniqlo.com/kr/ko/products/E478140-000/00/size?measurementUnit=cm,,SIZE_CHART_RESPONSE_PRESENT,,,제품명은 이번 size-chart 수집자료에서 미수집,NOT RUN,NOT CHECKED,NOT CHECKED
128,UNIQLO,사용자 제공 150,E485162-000,,,,https://www.uniqlo.com/kr/ko/products/E485162-000/00,https://www.uniqlo.com/kr/ko/products/E485162-000/00/size?measurementUnit=cm,,SIZE_CHART_RESPONSE_PRESENT,,,제품명은 이번 size-chart 수집자료에서 미수집,NOT RUN,NOT CHECKED,NOT CHECKED
129,UNIQLO,사용자 제공 150,E486627-000,,,,https://www.uniqlo.com/kr/ko/products/E486627-000/00,https://www.uniqlo.com/kr/ko/products/E486627-000/00/size?measurementUnit=cm,,SIZE_CHART_RESPONSE_PRESENT,,,제품명은 이번 size-chart 수집자료에서 미수집,NOT RUN,NOT CHECKED,NOT CHECKED
130,UNIQLO,사용자 제공 150,E486629-000,,,,https://www.uniqlo.com/kr/ko/products/E486629-000/00,https://www.uniqlo.com/kr/ko/products/E486629-000/00/size?measurementUnit=cm,,SIZE_CHART_RESPONSE_PRESENT,,,제품명은 이번 size-chart 수집자료에서 미수집,NOT RUN,NOT CHECKED,NOT CHECKED
131,UNIQLO,사용자 제공 150,E489012-000,,,,https://www.uniqlo.com/kr/ko/products/E489012-000/00,https://www.uniqlo.com/kr/ko/products/E489012-000/00/size?measurementUnit=cm,,SIZE_CHART_RESPONSE_PRESENT,,,제품명은 이번 size-chart 수집자료에서 미수집,NOT RUN,NOT CHECKED,NOT CHECKED
132,UNIQLO,사용자 제공 150,E486412-000,,,,https://www.uniqlo.com/kr/ko/products/E486412-000/00,https://www.uniqlo.com/kr/ko/products/E486412-000/00/size?measurementUnit=cm,,SIZE_CHART_RESPONSE_PRESENT,,,제품명은 이번 size-chart 수집자료에서 미수집,NOT RUN,NOT CHECKED,NOT CHECKED
133,UNIQLO,사용자 제공 150,E488826-000,,,,https://www.uniqlo.com/kr/ko/products/E488826-000/00,https://www.uniqlo.com/kr/ko/products/E488826-000/00/size?measurementUnit=cm,,SIZE_CHART_RESPONSE_PRESENT,,,제품명은 이번 size-chart 수집자료에서 미수집,NOT RUN,NOT CHECKED,NOT CHECKED
134,UNIQLO,사용자 제공 150,E486411-000,,,,https://www.uniqlo.com/kr/ko/products/E486411-000/00,https://www.uniqlo.com/kr/ko/products/E486411-000/00/size?measurementUnit=cm,,SIZE_CHART_RESPONSE_PRESENT,,,제품명은 이번 size-chart 수집자료에서 미수집,NOT RUN,NOT CHECKED,NOT CHECKED
135,UNIQLO,사용자 제공 150,E488006-000,,,,https://www.uniqlo.com/kr/ko/products/E488006-000/00,https://www.uniqlo.com/kr/ko/products/E488006-000/00/size?measurementUnit=cm,,SIZE_CHART_RESPONSE_PRESENT,,,제품명은 이번 size-chart 수집자료에서 미수집,NOT RUN,NOT CHECKED,NOT CHECKED
136,UNIQLO,사용자 제공 150,E488005-000,,,,https://www.uniqlo.com/kr/ko/products/E488005-000/00,https://www.uniqlo.com/kr/ko/products/E488005-000/00/size?measurementUnit=cm,,SIZE_CHART_RESPONSE_PRESENT,,,제품명은 이번 size-chart 수집자료에서 미수집,NOT RUN,NOT CHECKED,NOT CHECKED
137,UNIQLO,사용자 제공 150,E488007-000,,,,https://www.uniqlo.com/kr/ko/products/E488007-000/00,https://www.uniqlo.com/kr/ko/products/E488007-000/00/size?measurementUnit=cm,,SIZE_CHART_RESPONSE_PRESENT,,,제품명은 이번 size-chart 수집자료에서 미수집,NOT RUN,NOT CHECKED,NOT CHECKED
138,UNIQLO,사용자 제공 150,E483127-000,,,,https://www.uniqlo.com/kr/ko/products/E483127-000/00,https://www.uniqlo.com/kr/ko/products/E483127-000/00/size?measurementUnit=cm,,SIZE_CHART_RESPONSE_PRESENT,,,제품명은 이번 size-chart 수집자료에서 미수집,NOT RUN,NOT CHECKED,NOT CHECKED
139,UNIQLO,사용자 제공 150,E483129-000,,,,https://www.uniqlo.com/kr/ko/products/E483129-000/00,https://www.uniqlo.com/kr/ko/products/E483129-000/00/size?measurementUnit=cm,,SIZE_CHART_RESPONSE_PRESENT,,,제품명은 이번 size-chart 수집자료에서 미수집,NOT RUN,NOT CHECKED,NOT CHECKED
140,UNIQLO,사용자 제공 150,E485616-000,,,,https://www.uniqlo.com/kr/ko/products/E485616-000/00,https://www.uniqlo.com/kr/ko/products/E485616-000/00/size?measurementUnit=cm,,SIZE_CHART_RESPONSE_PRESENT,,,제품명은 이번 size-chart 수집자료에서 미수집,NOT RUN,NOT CHECKED,NOT CHECKED
141,UNIQLO,사용자 제공 150,E486604-000,,,,https://www.uniqlo.com/kr/ko/products/E486604-000/00,https://www.uniqlo.com/kr/ko/products/E486604-000/00/size?measurementUnit=cm,,SIZE_CHART_RESPONSE_PRESENT,,,제품명은 이번 size-chart 수집자료에서 미수집,NOT RUN,NOT CHECKED,NOT CHECKED
142,UNIQLO,사용자 제공 150,E480856-000,,,,https://www.uniqlo.com/kr/ko/products/E480856-000/00,https://www.uniqlo.com/kr/ko/products/E480856-000/00/size?measurementUnit=cm,,SIZE_CHART_RESPONSE_PRESENT,,,제품명은 이번 size-chart 수집자료에서 미수집,NOT RUN,NOT CHECKED,NOT CHECKED
143,UNIQLO,사용자 제공 150,E476602-000,,,,https://www.uniqlo.com/kr/ko/products/E476602-000/00,https://www.uniqlo.com/kr/ko/products/E476602-000/00/size?measurementUnit=cm,,SIZE_CHART_RESPONSE_PRESENT,,,제품명은 이번 size-chart 수집자료에서 미수집,NOT RUN,NOT CHECKED,NOT CHECKED
144,UNIQLO,사용자 제공 150,E475436-000,,,,https://www.uniqlo.com/kr/ko/products/E475436-000/00,https://www.uniqlo.com/kr/ko/products/E475436-000/00/size?measurementUnit=cm,,SIZE_CHART_RESPONSE_PRESENT,,,제품명은 이번 size-chart 수집자료에서 미수집,NOT RUN,NOT CHECKED,NOT CHECKED
145,UNIQLO,사용자 제공 150,E475435-000,,,,https://www.uniqlo.com/kr/ko/products/E475435-000/00,https://www.uniqlo.com/kr/ko/products/E475435-000/00/size?measurementUnit=cm,,SIZE_CHART_RESPONSE_PRESENT,,,제품명은 이번 size-chart 수집자료에서 미수집,NOT RUN,NOT CHECKED,NOT CHECKED
146,UNIQLO,사용자 제공 150,E477667-000,,,,https://www.uniqlo.com/kr/ko/products/E477667-000/00,https://www.uniqlo.com/kr/ko/products/E477667-000/00/size?measurementUnit=cm,,SIZE_CHART_RESPONSE_PRESENT,,,제품명은 이번 size-chart 수집자료에서 미수집,NOT RUN,NOT CHECKED,NOT CHECKED
147,UNIQLO,사용자 제공 150,E465185-000,,,,https://www.uniqlo.com/kr/ko/products/E465185-000/00?colorDisplayCode=65,https://www.uniqlo.com/kr/ko/products/E465185-000/00/size?measurementUnit=cm,,SIZE_CHART_RESPONSE_PRESENT,,,제품명은 이번 size-chart 수집자료에서 미수집,NOT RUN,NOT CHECKED,NOT CHECKED
148,UNIQLO,사용자 제공 150,E484508-000,,,,https://www.uniqlo.com/kr/ko/products/E484508-000/00?colorDisplayCode=69,https://www.uniqlo.com/kr/ko/products/E484508-000/00/size?measurementUnit=cm,,SIZE_CHART_RESPONSE_PRESENT,,,제품명은 이번 size-chart 수집자료에서 미수집,NOT RUN,NOT CHECKED,NOT CHECKED
149,UNIQLO,사용자 제공 150,E485454-000,,,,https://www.uniqlo.com/kr/ko/products/E485454-000/00?colorDisplayCode=65,https://www.uniqlo.com/kr/ko/products/E485454-000/00/size?measurementUnit=cm,,SIZE_CHART_RESPONSE_PRESENT,,,제품명은 이번 size-chart 수집자료에서 미수집,NOT RUN,NOT CHECKED,NOT CHECKED
150,UNIQLO,사용자 제공 150,E482299-000,,,,https://www.uniqlo.com/kr/ko/products/E482299-000/00,https://www.uniqlo.com/kr/ko/products/E482299-000/00/size?measurementUnit=cm,,SIZE_CHART_RESPONSE_PRESENT,,,제품명은 이번 size-chart 수집자료에서 미수집,NOT RUN,NOT CHECKED,NOT CHECKED
151,UNIQLO,사용자 제공 150,E489013-000,,,,https://www.uniqlo.com/kr/ko/products/E489013-000/00,https://www.uniqlo.com/kr/ko/products/E489013-000/00/size?measurementUnit=cm,,SIZE_CHART_RESPONSE_PRESENT,,,제품명은 이번 size-chart 수집자료에서 미수집,NOT RUN,NOT CHECKED,NOT CHECKED
152,UNIQLO,사용자 제공 150,E483970-000,,,,https://www.uniqlo.com/kr/ko/products/E483970-000/00,https://www.uniqlo.com/kr/ko/products/E483970-000/00/size?measurementUnit=cm,,SIZE_CHART_RESPONSE_PRESENT,,,제품명은 이번 size-chart 수집자료에서 미수집,NOT RUN,NOT CHECKED,NOT CHECKED
153,UNIQLO,사용자 제공 150,E457263-000,,,,https://www.uniqlo.com/kr/ko/products/E457263-000/00,https://www.uniqlo.com/kr/ko/products/E457263-000/00/size?measurementUnit=cm,,SIZE_CHART_RESPONSE_PRESENT,,,제품명은 이번 size-chart 수집자료에서 미수집,NOT RUN,NOT CHECKED,NOT CHECKED
154,UNIQLO,사용자 제공 150,E464857-000,,,,https://www.uniqlo.com/kr/ko/products/E464857-000/00?colorDisplayCode=69,https://www.uniqlo.com/kr/ko/products/E464857-000/00/size?measurementUnit=cm,,SIZE_CHART_RESPONSE_PRESENT,,,제품명은 이번 size-chart 수집자료에서 미수집,NOT RUN,NOT CHECKED,NOT CHECKED
155,MUSINSA,사용자 제공 직접 링크,6372903,,,,https://www.musinsa.com/products/6372903,https://goods-detail.musinsa.com/api2/goods/6372903/actual-size,,NULL_DATA,0,200,"무신사 전체 1,028개 샘플의 정확한 전체 명부는 원본 조사파일에 보존되지 않음",NOT RUN,NOT CHECKED,NOT CHECKED
156,MUSINSA,사용자 제공 직접 링크,4096130,,,코드그라피(CGP) (우먼) 스퀘어 로고 반소매 티셔츠_화이트,https://www.musinsa.com/products/4096130,https://goods-detail.musinsa.com/api2/goods/4096130/actual-size,반소매티셔츠,POSITIVE_VALUES,2,200,"무신사 전체 1,028개 샘플의 정확한 전체 명부는 원본 조사파일에 보존되지 않음",NOT RUN,NOT CHECKED,NOT CHECKED
157,MUSINSA,사용자 제공 직접 링크,1481640,,,,https://www.musinsa.com/products/1481640,https://goods-detail.musinsa.com/api2/goods/1481640/actual-size,반소매티셔츠,POSITIVE_VALUES,4,200,"무신사 전체 1,028개 샘플의 정확한 전체 명부는 원본 조사파일에 보존되지 않음",NOT RUN,NOT CHECKED,NOT CHECKED
158,MUSINSA,사용자 제공 직접 링크,6176194,,,,https://www.musinsa.com/products/6176194,https://goods-detail.musinsa.com/api2/goods/6176194/actual-size,반소매티셔츠,POSITIVE_VALUES,3,200,"무신사 전체 1,028개 샘플의 정확한 전체 명부는 원본 조사파일에 보존되지 않음",NOT RUN,NOT CHECKED,NOT CHECKED
159,MUSINSA,사용자 제공 직접 링크,6193571,,,,https://www.musinsa.com/products/6193571,https://goods-detail.musinsa.com/api2/goods/6193571/actual-size,반소매티셔츠,POSITIVE_VALUES,3,200,"무신사 전체 1,028개 샘플의 정확한 전체 명부는 원본 조사파일에 보존되지 않음",NOT RUN,NOT CHECKED,NOT CHECKED
160,MUSINSA,사용자 제공 직접 링크,3907950,,,,https://www.musinsa.com/products/3907950,https://goods-detail.musinsa.com/api2/goods/3907950/actual-size,반소매티셔츠,POSITIVE_VALUES,1,200,"무신사 전체 1,028개 샘플의 정확한 전체 명부는 원본 조사파일에 보존되지 않음",NOT RUN,NOT CHECKED,NOT CHECKED
161,MUSINSA,사용자 제공 직접 링크,6372893,,,,https://www.musinsa.com/products/6372893,https://goods-detail.musinsa.com/api2/goods/6372893/actual-size,,NULL_DATA,0,200,"무신사 전체 1,028개 샘플의 정확한 전체 명부는 원본 조사파일에 보존되지 않음",NOT RUN,NOT CHECKED,NOT CHECKED
162,MUSINSA,사용자 제공 직접 링크,6383143,,,,https://www.musinsa.com/products/6383143,https://goods-detail.musinsa.com/api2/goods/6383143/actual-size,반소매티셔츠,POSITIVE_VALUES,3,200,"무신사 전체 1,028개 샘플의 정확한 전체 명부는 원본 조사파일에 보존되지 않음",NOT RUN,NOT CHECKED,NOT CHECKED
163,MUSINSA,사용자 제공 직접 링크,6864173,,,,https://www.musinsa.com/products/6864173,https://goods-detail.musinsa.com/api2/goods/6864173/actual-size,반소매티셔츠,POSITIVE_VALUES,6,200,"무신사 전체 1,028개 샘플의 정확한 전체 명부는 원본 조사파일에 보존되지 않음",NOT RUN,NOT CHECKED,NOT CHECKED
164,MUSINSA,사용자 제공 직접 링크,2149254,,,,https://www.musinsa.com/products/2149254,https://goods-detail.musinsa.com/api2/goods/2149254/actual-size,긴소매티셔츠,POSITIVE_VALUES,6,200,"무신사 전체 1,028개 샘플의 정확한 전체 명부는 원본 조사파일에 보존되지 않음",NOT RUN,NOT CHECKED,NOT CHECKED
165,MUSINSA,사용자 제공 직접 링크,1144989,,,,https://www.musinsa.com/products/1144989,https://goods-detail.musinsa.com/api2/goods/1144989/actual-size,긴소매티셔츠,POSITIVE_VALUES,6,200,"무신사 전체 1,028개 샘플의 정확한 전체 명부는 원본 조사파일에 보존되지 않음",NOT RUN,NOT CHECKED,NOT CHECKED
166,MUSINSA,사용자 제공 직접 링크,6067466,,,,https://www.musinsa.com/products/6067466,https://goods-detail.musinsa.com/api2/goods/6067466/actual-size,반소매티셔츠,POSITIVE_VALUES,1,200,"무신사 전체 1,028개 샘플의 정확한 전체 명부는 원본 조사파일에 보존되지 않음",NOT RUN,NOT CHECKED,NOT CHECKED
167,MUSINSA,사용자 제공 직접 링크,1129745,,,,https://www.musinsa.com/products/1129745,https://goods-detail.musinsa.com/api2/goods/1129745/actual-size,긴소매티셔츠,POSITIVE_VALUES,6,200,"무신사 전체 1,028개 샘플의 정확한 전체 명부는 원본 조사파일에 보존되지 않음",NOT RUN,NOT CHECKED,NOT CHECKED
168,MUSINSA,사용자 제공 직접 링크,1920872,,,,https://www.musinsa.com/products/1920872,https://goods-detail.musinsa.com/api2/goods/1920872/actual-size,긴소매티셔츠,POSITIVE_VALUES,4,200,"무신사 전체 1,028개 샘플의 정확한 전체 명부는 원본 조사파일에 보존되지 않음",NOT RUN,NOT CHECKED,NOT CHECKED
169,MUSINSA,사용자 제공 직접 링크,3730388,,,,https://www.musinsa.com/products/3730388,https://goods-detail.musinsa.com/api2/goods/3730388/actual-size,긴소매티셔츠,POSITIVE_VALUES,4,200,"무신사 전체 1,028개 샘플의 정확한 전체 명부는 원본 조사파일에 보존되지 않음",NOT RUN,NOT CHECKED,NOT CHECKED
170,MUSINSA,사용자 제공 직접 링크,5695778,,,,https://www.musinsa.com/products/5695778,https://goods-detail.musinsa.com/api2/goods/5695778/actual-size,긴소매티셔츠,POSITIVE_VALUES,4,200,"무신사 전체 1,028개 샘플의 정확한 전체 명부는 원본 조사파일에 보존되지 않음",NOT RUN,NOT CHECKED,NOT CHECKED
171,MUSINSA,사용자 제공 직접 링크,5151554,,,,https://www.musinsa.com/products/5151554,https://goods-detail.musinsa.com/api2/goods/5151554/actual-size,긴소매티셔츠,POSITIVE_VALUES,4,200,"무신사 전체 1,028개 샘플의 정확한 전체 명부는 원본 조사파일에 보존되지 않음",NOT RUN,NOT CHECKED,NOT CHECKED
172,MUSINSA,사용자 제공 직접 링크,1144999,,,,https://www.musinsa.com/products/1144999,https://goods-detail.musinsa.com/api2/goods/1144999/actual-size,긴소매티셔츠,POSITIVE_VALUES,6,200,"무신사 전체 1,028개 샘플의 정확한 전체 명부는 원본 조사파일에 보존되지 않음",NOT RUN,NOT CHECKED,NOT CHECKED
173,MUSINSA,사용자 제공 직접 링크,1446486,,,,https://www.musinsa.com/products/1446486,https://goods-detail.musinsa.com/api2/goods/1446486/actual-size,긴소매티셔츠,POSITIVE_VALUES,6,200,"무신사 전체 1,028개 샘플의 정확한 전체 명부는 원본 조사파일에 보존되지 않음",NOT RUN,NOT CHECKED,NOT CHECKED
174,MUSINSA,사용자 제공 직접 링크,5626708,,,,https://www.musinsa.com/products/5626708,https://goods-detail.musinsa.com/api2/goods/5626708/actual-size,긴소매티셔츠,POSITIVE_VALUES,4,200,"무신사 전체 1,028개 샘플의 정확한 전체 명부는 원본 조사파일에 보존되지 않음",NOT RUN,NOT CHECKED,NOT CHECKED
175,MUSINSA,사용자 제공 직접 링크,2448867,,,,https://www.musinsa.com/products/2448867,https://goods-detail.musinsa.com/api2/goods/2448867/actual-size,긴소매티셔츠,POSITIVE_VALUES,4,200,"무신사 전체 1,028개 샘플의 정확한 전체 명부는 원본 조사파일에 보존되지 않음",NOT RUN,NOT CHECKED,NOT CHECKED
176,MUSINSA,사용자 제공 직접 링크,2448874,,,,https://www.musinsa.com/products/2448874,https://goods-detail.musinsa.com/api2/goods/2448874/actual-size,민소매,POSITIVE_VALUES,4,200,"무신사 전체 1,028개 샘플의 정확한 전체 명부는 원본 조사파일에 보존되지 않음",NOT RUN,NOT CHECKED,NOT CHECKED
177,MUSINSA,사용자 제공 직접 링크,2448866,,,,https://www.musinsa.com/products/2448866,https://goods-detail.musinsa.com/api2/goods/2448866/actual-size,긴소매티셔츠,POSITIVE_VALUES,4,200,"무신사 전체 1,028개 샘플의 정확한 전체 명부는 원본 조사파일에 보존되지 않음",NOT RUN,NOT CHECKED,NOT CHECKED
178,MUSINSA,사용자 제공 직접 링크,4682241,,,,https://www.musinsa.com/products/4682241,https://goods-detail.musinsa.com/api2/goods/4682241/actual-size,긴소매티셔츠,POSITIVE_VALUES,5,200,"무신사 전체 1,028개 샘플의 정확한 전체 명부는 원본 조사파일에 보존되지 않음",NOT RUN,NOT CHECKED,NOT CHECKED
179,MUSINSA,사용자 제공 직접 링크,5107472,,,,https://www.musinsa.com/products/5107472,https://goods-detail.musinsa.com/api2/goods/5107472/actual-size,반소매티셔츠,POSITIVE_VALUES,3,200,"무신사 전체 1,028개 샘플의 정확한 전체 명부는 원본 조사파일에 보존되지 않음",NOT RUN,NOT CHECKED,NOT CHECKED
180,MUSINSA,사용자 제공 직접 링크,7051965,,,,https://www.musinsa.com/products/7051965,https://goods-detail.musinsa.com/api2/goods/7051965/actual-size,바지,POSITIVE_VALUES,3,200,"무신사 전체 1,028개 샘플의 정확한 전체 명부는 원본 조사파일에 보존되지 않음",NOT RUN,NOT CHECKED,NOT CHECKED
181,MUSINSA,사용자 제공 직접 링크,4213064,,,,https://www.musinsa.com/products/4213064,https://goods-detail.musinsa.com/api2/goods/4213064/actual-size,바지,POSITIVE_VALUES,3,200,"무신사 전체 1,028개 샘플의 정확한 전체 명부는 원본 조사파일에 보존되지 않음",NOT RUN,NOT CHECKED,NOT CHECKED
182,MUSINSA,사용자 제공 직접 링크,5864299,,,,https://www.musinsa.com/products/5864299,https://goods-detail.musinsa.com/api2/goods/5864299/actual-size,바지,POSITIVE_VALUES,5,200,"무신사 전체 1,028개 샘플의 정확한 전체 명부는 원본 조사파일에 보존되지 않음",NOT RUN,NOT CHECKED,NOT CHECKED
183,MUSINSA,사용자 제공 직접 링크,6193525,,,,https://www.musinsa.com/products/6193525,https://goods-detail.musinsa.com/api2/goods/6193525/actual-size,반소매티셔츠,POSITIVE_VALUES,3,200,"무신사 전체 1,028개 샘플의 정확한 전체 명부는 원본 조사파일에 보존되지 않음",NOT RUN,NOT CHECKED,NOT CHECKED
184,MUSINSA,항목 대표근거,6370276,,,,https://www.musinsa.com/products/6370276,https://goods-detail.musinsa.com/api2/goods/6370276/actual-size,바지,REPRESENTATIVE_SAMPLE,,200,원본항목 '엉덩이단면' 대표값 근거,NOT RUN,NOT CHECKED,NOT CHECKED
185,MUSINSA,항목 대표근거,3704544,,,,https://www.musinsa.com/products/3704544,https://goods-detail.musinsa.com/api2/goods/3704544/actual-size,헌팅/베레,REPRESENTATIVE_SAMPLE,,200,원본항목 '머리둘레' 대표값 근거,NOT RUN,NOT CHECKED,NOT CHECKED
186,MUSINSA,항목 대표근거,3112834,,,,https://www.musinsa.com/products/3112834,https://goods-detail.musinsa.com/api2/goods/3112834/actual-size,양말,REPRESENTATIVE_SAMPLE,,200,원본항목 '길이' 대표값 근거,NOT RUN,NOT CHECKED,NOT CHECKED
187,MUSINSA,항목 대표근거,5749575,,,,https://www.musinsa.com/products/5749575,https://goods-detail.musinsa.com/api2/goods/5749575/actual-size,점퍼_래글런,REPRESENTATIVE_SAMPLE,,200,원본항목 '전체소매길이' 대표값 근거,NOT RUN,NOT CHECKED,NOT CHECKED
188,MUSINSA,항목 대표근거,5928467,,,,https://www.musinsa.com/products/5928467,https://goods-detail.musinsa.com/api2/goods/5928467/actual-size,토트/핸드백,REPRESENTATIVE_SAMPLE,,200,원본항목 '높이' 대표값 근거,NOT RUN,NOT CHECKED,NOT CHECKED
189,MUSINSA,항목 대표근거,4468753,,,,https://www.musinsa.com/products/4468753,https://goods-detail.musinsa.com/api2/goods/4468753/actual-size,케이스,REPRESENTATIVE_SAMPLE,,200,원본항목 '가로' 대표값 근거,NOT RUN,NOT CHECKED,NOT CHECKED
190,MUSINSA,항목 대표근거,6445897,,,,https://www.musinsa.com/products/6445897,https://goods-detail.musinsa.com/api2/goods/6445897/actual-size,신발,REPRESENTATIVE_SAMPLE,,200,원본항목 '발길이' 대표값 근거,NOT RUN,NOT CHECKED,NOT CHECKED
191,MUSINSA,항목 대표근거,2927165,,,아이로닉 아이코닉(IRONIC ICONIC) IN1341L C04,https://www.musinsa.com/products/2927165,https://goods-detail.musinsa.com/api2/goods/2927165/actual-size,안경,REPRESENTATIVE_SAMPLE,,200,원본항목 '전체너비' 대표값 근거,NOT RUN,NOT CHECKED,NOT CHECKED
192,MUSINSA,항목 대표근거,5833168,,,,https://www.musinsa.com/products/5833168,https://goods-detail.musinsa.com/api2/goods/5833168/actual-size,반지,REPRESENTATIVE_SAMPLE,,200,원본항목 '둘레' 대표값 근거,NOT RUN,NOT CHECKED,NOT CHECKED
193,MUSINSA,항목 대표근거,4785397,,,,https://www.musinsa.com/products/4785397,https://goods-detail.musinsa.com/api2/goods/4785397/actual-size,벨트,REPRESENTATIVE_SAMPLE,,200,원본항목 '버클가로' 대표값 근거,NOT RUN,NOT CHECKED,NOT CHECKED
194,MUSINSA,항목 대표근거,6201096,,,,https://www.musinsa.com/products/6201096,https://goods-detail.musinsa.com/api2/goods/6201096/actual-size,캡/야구모자,REPRESENTATIVE_SAMPLE,,200,원본항목 '챙길이' 대표값 근거,NOT RUN,NOT CHECKED,NOT CHECKED
195,MUSINSA,항목 대표근거,3727438,,,,https://www.musinsa.com/products/3727438,https://goods-detail.musinsa.com/api2/goods/3727438/actual-size,크로스백,REPRESENTATIVE_SAMPLE,,200,원본항목 '끈길이' 대표값 근거,NOT RUN,NOT CHECKED,NOT CHECKED
196,ZARA,354 스타일 표본,00722370,553949188,553966026,릴렉스핏 배색 티셔츠,https://www.zara.com/kr/ko/릴렉스핏-배색-티셔츠-p00722370.html,https://www.zara.com/itxrest/4/catalog/store/11717/product/553966026/size-measure-guide?locale=ko_KR,MAN,GARMENT_MEASURE,4,200,제품 페이지 URL/제품명은 조사자료에 보존된 경우만 기입; 실측 API 링크는 354건 모두 보존,NOT RUN,NOT CHECKED,NOT CHECKED
197,ZARA,354 스타일 표본,06264301,551151802,551168569,코튼-린넨 컬러 블록 티셔츠,https://www.zara.com/kr/ko/코튼-린넨-컬러-블록-티셔츠-p06264301.html,https://www.zara.com/itxrest/4/catalog/store/11717/product/551168569/size-measure-guide?locale=ko_KR,MAN,GARMENT_MEASURE,4,200,제품 페이지 URL/제품명은 조사자료에 보존된 경우만 기입; 실측 API 링크는 354건 모두 보존,NOT RUN,NOT CHECKED,NOT CHECKED
198,ZARA,354 스타일 표본,05584471,545419230,553839163,인터록 릴렉스핏 티셔츠 /04,https://www.zara.com/kr/ko/인터록-릴렉스핏-티셔츠--04-p05584471.html,https://www.zara.com/itxrest/4/catalog/store/11717/product/553839163/size-measure-guide?locale=ko_KR,MAN,GARMENT_MEASURE,5,200,제품 페이지 URL/제품명은 조사자료에 보존된 경우만 기입; 실측 API 링크는 354건 모두 보존,NOT RUN,NOT CHECKED,NOT CHECKED
200,ZARA,354 스타일 표본,00761414,545419578,545425912,배색 리브드 베이직 티셔츠,https://www.zara.com/kr/ko/배색-리브드-베이직-티셔츠-p00761414.html,https://www.zara.com/itxrest/4/catalog/store/11717/product/545425912/size-measure-guide?locale=ko_KR,MAN,GARMENT_MEASURE,4,200,제품 페이지 URL/제품명은 조사자료에 보존된 경우만 기입; 실측 API 링크는 354건 모두 보존,NOT RUN,NOT CHECKED,NOT CHECKED
201,ZARA,354 스타일 표본,04387223,545478190,545479776,스트라이프 와이드 팬츠,https://www.zara.com/kr/ko/스트라이프-와이드-팬츠-p04387223.html,https://www.zara.com/itxrest/4/catalog/store/11717/product/545479776/size-measure-guide?locale=ko_KR,WOMAN,GARMENT_MEASURE,6,200,제품 페이지 URL/제품명은 조사자료에 보존된 경우만 기입; 실측 API 링크는 354건 모두 보존,NOT RUN,NOT CHECKED,NOT CHECKED
229,ZARA,354 스타일 표본,04772354,546977678,546984557,도트 볼륨 홀터넥 미디 원피스,https://www.zara.com/kr/ko/도트-볼륨-홀터넥-미디-원피스-p04772354.html,https://www.zara.com/itxrest/4/catalog/store/11717/product/546984557/size-measure-guide?locale=ko_KR,WOMAN,GARMENT_MEASURE,6,200,제품 페이지 URL/제품명은 조사자료에 보존된 경우만 기입; 실측 API 링크는 354건 모두 보존,NOT RUN,NOT CHECKED,NOT CHECKED
400,ZARA,354 스타일 표본,01608613,545462916,545465654,콘트라스트 스티치 스트라이프 원피스,https://www.zara.com/kr/ko/콘트라스트-스티치-스트라이프-원피스-p01608613.html,https://www.zara.com/itxrest/4/catalog/store/11717/product/545465654/size-measure-guide?locale=ko_KR,KID,GARMENT_MEASURE,6,200,제품 페이지 URL/제품명은 조사자료에 보존된 경우만 기입; 실측 API 링크는 354건 모두 보존,NOT RUN,NOT CHECKED,NOT CHECKED
