source,conflict_type,db_identity,db_external_id,db_target,db_path,snapshot_identity,snapshot_id,snapshot_target,snapshot_path,method,current_official_identity,past_identity,alias_relationship,target_separation_required,snapshot_version_change,parent_change,rename,id_reissued,manual_review,canonical_action
"musinsa","target_enrichment","musinsa:NULL:106:193","106","null","키즈","musinsa:KIDS:106:937","106","KIDS","키즈","id","106","106","false","true","true","false","false","false","true","same source category; preserve NULL audience history and add versioned KIDS audience assignment"
"musinsa","target_enrichment","musinsa:NULL:106004:261","106004","null","키즈 > 상의","musinsa:KIDS:106004:938","106004","KIDS","키즈 > 상의","id","106004","106004","false","true","true","false","false","false","true","same source category; preserve NULL audience history and add versioned KIDS audience assignment"
"musinsa","target_enrichment","musinsa:NULL:106004001:270","106004001","null","키즈 > 상의 > 반소매 티셔츠","musinsa:KIDS:106004001:939","106004001","KIDS","키즈 > 상의 > 반소매 티셔츠","id","106004001","106004001","false","true","true","false","false","false","true","same source category; preserve NULL audience history and add versioned KIDS audience assignment"
"musinsa","target_enrichment","musinsa:NULL:106004002:262","106004002","null","키즈 > 상의 > 긴소매 티셔츠","musinsa:KIDS:106004002:940","106004002","KIDS","키즈 > 상의 > 긴소매 티셔츠","id","106004002","106004002","false","true","true","false","false","false","true","same source category; preserve NULL audience history and add versioned KIDS audience assignment"
"musinsa","target_enrichment","musinsa:NULL:106004003:263","106004003","null","키즈 > 상의 > 민소매 티셔츠","musinsa:KIDS:106004003:941","106004003","KIDS","키즈 > 상의 > 민소매 티셔츠","id","106004003","106004003","false","true","true","false","false","false","true","same source category; preserve NULL audience history and add versioned KIDS audience assignment"
"musinsa","target_enrichment","musinsa:NULL:106004004:269","106004004","null","키즈 > 상의 > 맨투맨/스웨트","musinsa:KIDS:106004004:942","106004004","KIDS","키즈 > 상의 > 맨투맨/스웨트","id","106004004","106004004","false","true","true","false","false","false","true","same source category; preserve NULL audience history and add versioned KIDS audience assignment"
"musinsa","target_enrichment","musinsa:NULL:106004005:265","106004005","null","키즈 > 상의 > 후드 티셔츠","musinsa:KIDS:106004005:943","106004005","KIDS","키즈 > 상의 > 후드 티셔츠","id","106004005","106004005","false","true","true","false","false","false","true","same source category; preserve NULL audience history and add versioned KIDS audience assignment"
"musinsa","target_enrichment","musinsa:NULL:106004006:264","106004006","null","키즈 > 상의 > 니트/스웨터","musinsa:KIDS:106004006:944","106004006","KIDS","키즈 > 상의 > 니트/스웨터","id","106004006","106004006","false","true","true","false","false","false","true","same source category; preserve NULL audience history and add versioned KIDS audience assignment"
"musinsa","target_enrichment","musinsa:NULL:106004007:266","106004007","null","키즈 > 상의 > 기타 상의","musinsa:KIDS:106004007:945","106004007","KIDS","키즈 > 상의 > 기타 상의","id","106004007","106004007","false","true","true","false","false","false","true","same source category; preserve NULL audience history and add versioned KIDS audience assignment"
"musinsa","target_enrichment","musinsa:NULL:106004011:268","106004011","null","키즈 > 상의 > 셔츠/블라우스","musinsa:KIDS:106004011:946","106004011","KIDS","키즈 > 상의 > 셔츠/블라우스","id","106004011","106004011","false","true","true","false","false","false","true","same source category; preserve NULL audience history and add versioned KIDS audience assignment"
"musinsa","target_enrichment","musinsa:NULL:106004012:267","106004012","null","키즈 > 상의 > 피케/카라 티셔츠","musinsa:KIDS:106004012:947","106004012","KIDS","키즈 > 상의 > 피케/카라 티셔츠","id","106004012","106004012","false","true","true","false","false","false","true","same source category; preserve NULL audience history and add versioned KIDS audience assignment"
"musinsa","target_enrichment","musinsa:NULL:106005:247","106005","null","키즈 > 아우터","musinsa:KIDS:106005:948","106005","KIDS","키즈 > 아우터","id","106005","106005","false","true","true","false","false","false","true","same source category; preserve NULL audience history and add versioned KIDS audience assignment"
"musinsa","target_enrichment","musinsa:NULL:106005001:252","106005001","null","키즈 > 아우터 > 카디건","musinsa:KIDS:106005001:949","106005001","KIDS","키즈 > 아우터 > 카디건","id","106005001","106005001","false","true","true","false","false","false","true","same source category; preserve NULL audience history and add versioned KIDS audience assignment"
"musinsa","target_enrichment","musinsa:NULL:106005002:249","106005002","null","키즈 > 아우터 > 코트","musinsa:KIDS:106005002:950","106005002","KIDS","키즈 > 아우터 > 코트","id","106005002","106005002","false","true","true","false","false","false","true","same source category; preserve NULL audience history and add versioned KIDS audience assignment"
"musinsa","target_enrichment","musinsa:NULL:106005003:251","106005003","null","키즈 > 아우터 > 베스트","musinsa:KIDS:106005003:951","106005003","KIDS","키즈 > 아우터 > 베스트","id","106005003","106005003","false","true","true","false","false","false","true","same source category; preserve NULL audience history and add versioned KIDS audience assignment"
"musinsa","target_enrichment","musinsa:NULL:106005004:250","106005004","null","키즈 > 아우터 > 점퍼/재킷","musinsa:KIDS:106005004:952","106005004","KIDS","키즈 > 아우터 > 점퍼/재킷","id","106005004","106005004","false","true","true","false","false","false","true","same source category; preserve NULL audience history and add versioned KIDS audience assignment"
"musinsa","target_enrichment","musinsa:NULL:106005005:248","106005005","null","키즈 > 아우터 > 기타 아우터","musinsa:KIDS:106005005:953","106005005","KIDS","키즈 > 아우터 > 기타 아우터","id","106005005","106005005","false","true","true","false","false","false","true","same source category; preserve NULL audience history and add versioned KIDS audience assignment"
"musinsa","target_enrichment","musinsa:NULL:106006:299","106006","null","키즈 > 바지","musinsa:KIDS:106006:954","106006","KIDS","키즈 > 바지","id","106006","106006","false","true","true","false","false","false","true","same source category; preserve NULL audience history and add versioned KIDS audience assignment"
"musinsa","target_enrichment","musinsa:NULL:106006001:303","106006001","null","키즈 > 바지 > 코튼 팬츠","musinsa:KIDS:106006001:955","106006001","KIDS","키즈 > 바지 > 코튼 팬츠","id","106006001","106006001","false","true","true","false","false","false","true","same source category; preserve NULL audience history and add versioned KIDS audience assignment"
"musinsa","target_enrichment","musinsa:NULL:106006002:307","106006002","null","키즈 > 바지 > 데님 팬츠","musinsa:KIDS:106006002:956","106006002","KIDS","키즈 > 바지 > 데님 팬츠","id","106006002","106006002","false","true","true","false","false","false","true","same source category; preserve NULL audience history and add versioned KIDS audience assignment"
"musinsa","target_enrichment","musinsa:NULL:106006003:301","106006003","null","키즈 > 바지 > 숏 팬츠","musinsa:KIDS:106006003:957","106006003","KIDS","키즈 > 바지 > 숏 팬츠","id","106006003","106006003","false","true","true","false","false","false","true","same source category; preserve NULL audience history and add versioned KIDS audience assignment"
"musinsa","target_enrichment","musinsa:NULL:106006004:300","106006004","null","키즈 > 바지 > 레깅스","musinsa:KIDS:106006004:958","106006004","KIDS","키즈 > 바지 > 레깅스","id","106006004","106006004","false","true","true","false","false","false","true","same source category; preserve NULL audience history and add versioned KIDS audience assignment"
"musinsa","target_enrichment","musinsa:NULL:106006005:305","106006005","null","키즈 > 바지 > 치마바지","musinsa:KIDS:106006005:959","106006005","KIDS","키즈 > 바지 > 치마바지","id","106006005","106006005","false","true","true","false","false","false","true","same source category; preserve NULL audience history and add versioned KIDS audience assignment"
"musinsa","target_enrichment","musinsa:NULL:106006006:304","106006006","null","키즈 > 바지 > 점프슈트/오버올","musinsa:KIDS:106006006:960","106006006","KIDS","키즈 > 바지 > 점프슈트/오버올","id","106006006","106006006","false","true","true","false","false","false","true","same source category; preserve NULL audience history and add versioned KIDS audience assignment"
"musinsa","target_enrichment","musinsa:NULL:106006007:308","106006007","null","키즈 > 바지 > 트레이닝 팬츠","musinsa:KIDS:106006007:961","106006007","KIDS","키즈 > 바지 > 트레이닝 팬츠","id","106006007","106006007","false","true","true","false","false","false","true","same source category; preserve NULL audience history and add versioned KIDS audience assignment"
"musinsa","target_enrichment","musinsa:NULL:106006008:306","106006008","null","키즈 > 바지 > 조거 팬츠","musinsa:KIDS:106006008:962","106006008","KIDS","키즈 > 바지 > 조거 팬츠","id","106006008","106006008","false","true","true","false","false","false","true","same source category; preserve NULL audience history and add versioned KIDS audience assignment"
"musinsa","target_enrichment","musinsa:NULL:106006009:302","106006009","null","키즈 > 바지 > 기타 바지","musinsa:KIDS:106006009:963","106006009","KIDS","키즈 > 바지 > 기타 바지","id","106006009","106006009","false","true","true","false","false","false","true","same source category; preserve NULL audience history and add versioned KIDS audience assignment"
"musinsa","target_enrichment","musinsa:NULL:106007:194","106007","null","키즈 > 원피스/스커트","musinsa:KIDS:106007:964","106007","KIDS","키즈 > 원피스/스커트","id","106007","106007","false","true","true","false","false","false","true","same source category; preserve NULL audience history and add versioned KIDS audience assignment"
"musinsa","target_enrichment","musinsa:NULL:106007001:195","106007001","null","키즈 > 원피스/스커트 > 원피스","musinsa:KIDS:106007001:965","106007001","KIDS","키즈 > 원피스/스커트 > 원피스","id","106007001","106007001","false","true","true","false","false","false","true","same source category; preserve NULL audience history and add versioned KIDS audience assignment"
"musinsa","target_enrichment","musinsa:NULL:106007002:196","106007002","null","키즈 > 원피스/스커트 > 스커트","musinsa:KIDS:106007002:966","106007002","KIDS","키즈 > 원피스/스커트 > 스커트","id","106007002","106007002","false","true","true","false","false","false","true","same source category; preserve NULL audience history and add versioned KIDS audience assignment"
"musinsa","target_enrichment","musinsa:NULL:106008:253","106008","null","키즈 > 세트 의류","musinsa:KIDS:106008:967","106008","KIDS","키즈 > 세트 의류","id","106008","106008","false","true","true","false","false","false","true","same source category; preserve NULL audience history and add versioned KIDS audience assignment"
"musinsa","target_enrichment","musinsa:NULL:106008001:254","106008001","null","키즈 > 세트 의류 > 상하복 세트","musinsa:KIDS:106008001:968","106008001","KIDS","키즈 > 세트 의류 > 상하복 세트","id","106008001","106008001","false","true","true","false","false","false","true","same source category; preserve NULL audience history and add versioned KIDS audience assignment"
"musinsa","target_enrichment","musinsa:NULL:106008002:256","106008002","null","키즈 > 세트 의류 > 정장 세트","musinsa:KIDS:106008002:969","106008002","KIDS","키즈 > 세트 의류 > 정장 세트","id","106008002","106008002","false","true","true","false","false","false","true","same source category; preserve NULL audience history and add versioned KIDS audience assignment"
"musinsa","target_enrichment","musinsa:NULL:106008003:255","106008003","null","키즈 > 세트 의류 > 트레이닝복","musinsa:KIDS:106008003:970","106008003","KIDS","키즈 > 세트 의류 > 트레이닝복","id","106008003","106008003","false","true","true","false","false","false","true","same source category; preserve NULL audience history and add versioned KIDS audience assignment"
"musinsa","target_enrichment","musinsa:NULL:106009:206","106009","null","키즈 > 12개월 이하","musinsa:KIDS:106009:971","106009","KIDS","키즈 > 12개월 이하","id","106009","106009","false","true","true","false","false","false","true","same source category; preserve NULL audience history and add versioned KIDS audience assignment"
"musinsa","target_enrichment","musinsa:NULL:106009001:207","106009001","null","키즈 > 12개월 이하 > 우주복","musinsa:KIDS:106009001:972","106009001","KIDS","키즈 > 12개월 이하 > 우주복","id","106009001","106009001","false","true","true","false","false","false","true","same source category; preserve NULL audience history and add versioned KIDS audience assignment"
"musinsa","target_enrichment","musinsa:NULL:106009002:208","106009002","null","키즈 > 12개월 이하 > 기타","musinsa:KIDS:106009002:973","106009002","KIDS","키즈 > 12개월 이하 > 기타","id","106009002","106009002","false","true","true","false","false","false","true","same source category; preserve NULL audience history and add versioned KIDS audience assignment"
"musinsa","target_enrichment","musinsa:NULL:106010:257","106010","null","키즈 > 시즌/테마","musinsa:KIDS:106010:974","106010","KIDS","키즈 > 시즌/테마","id","106010","106010","false","true","true","false","false","false","true","same source category; preserve NULL audience history and add versioned KIDS audience assignment"
"musinsa","target_enrichment","musinsa:NULL:106010001:258","106010001","null","키즈 > 시즌/테마 > 수영복/래시가드","musinsa:KIDS:106010001:975","106010001","KIDS","키즈 > 시즌/테마 > 수영복/래시가드","id","106010001","106010001","false","true","true","false","false","false","true","same source category; preserve NULL audience history and add versioned KIDS audience assignment"
"musinsa","target_enrichment","musinsa:NULL:106010002:259","106010002","null","키즈 > 시즌/테마 > 스키복","musinsa:KIDS:106010002:976","106010002","KIDS","키즈 > 시즌/테마 > 스키복","id","106010002","106010002","false","true","true","false","false","false","true","same source category; preserve NULL audience history and add versioned KIDS audience assignment"
"musinsa","target_enrichment","musinsa:NULL:106010003:260","106010003","null","키즈 > 시즌/테마 > 우의/우산","musinsa:KIDS:106010003:977","106010003","KIDS","키즈 > 시즌/테마 > 우의/우산","id","106010003","106010003","false","true","true","false","false","false","true","same source category; preserve NULL audience history and add versioned KIDS audience assignment"
"musinsa","target_enrichment","musinsa:NULL:106011:233","106011","null","키즈 > 속옷/홈웨어","musinsa:KIDS:106011:978","106011","KIDS","키즈 > 속옷/홈웨어","id","106011","106011","false","true","true","false","false","false","true","same source category; preserve NULL audience history and add versioned KIDS audience assignment"
"musinsa","target_enrichment","musinsa:NULL:106011001:235","106011001","null","키즈 > 속옷/홈웨어 > 속옷","musinsa:KIDS:106011001:979","106011001","KIDS","키즈 > 속옷/홈웨어 > 속옷","id","106011001","106011001","false","true","true","false","false","false","true","same source category; preserve NULL audience history and add versioned KIDS audience assignment"
"musinsa","target_enrichment","musinsa:NULL:106011002:234","106011002","null","키즈 > 속옷/홈웨어 > 홈웨어","musinsa:KIDS:106011002:980","106011002","KIDS","키즈 > 속옷/홈웨어 > 홈웨어","id","106011002","106011002","false","true","true","false","false","false","true","same source category; preserve NULL audience history and add versioned KIDS audience assignment"
"musinsa","target_enrichment","musinsa:NULL:106012:197","106012","null","키즈 > 신발","musinsa:KIDS:106012:981","106012","KIDS","키즈 > 신발","id","106012","106012","false","true","true","false","false","false","true","same source category; preserve NULL audience history and add versioned KIDS audience assignment"
"musinsa","target_enrichment","musinsa:NULL:106012001:203","106012001","null","키즈 > 신발 > 구두","musinsa:KIDS:106012001:982","106012001","KIDS","키즈 > 신발 > 구두","id","106012001","106012001","false","true","true","false","false","false","true","same source category; preserve NULL audience history and add versioned KIDS audience assignment"
"musinsa","target_enrichment","musinsa:NULL:106012002:205","106012002","null","키즈 > 신발 > 부츠","musinsa:KIDS:106012002:983","106012002","KIDS","키즈 > 신발 > 부츠","id","106012002","106012002","false","true","true","false","false","false","true","same source category; preserve NULL audience history and add versioned KIDS audience assignment"
"musinsa","target_enrichment","musinsa:NULL:106012003:198","106012003","null","키즈 > 신발 > 샌들/슬리퍼","musinsa:KIDS:106012003:984","106012003","KIDS","키즈 > 신발 > 샌들/슬리퍼","id","106012003","106012003","false","true","true","false","false","false","true","same source category; preserve NULL audience history and add versioned KIDS audience assignment"
"musinsa","target_enrichment","musinsa:NULL:106012004:201","106012004","null","키즈 > 신발 > 실내화","musinsa:KIDS:106012004:985","106012004","KIDS","키즈 > 신발 > 실내화","id","106012004","106012004","false","true","true","false","false","false","true","same source category; preserve NULL audience history and add versioned KIDS audience assignment"
"musinsa","target_enrichment","musinsa:NULL:106012005:200","106012005","null","키즈 > 신발 > 아쿠아슈즈","musinsa:KIDS:106012005:986","106012005","KIDS","키즈 > 신발 > 아쿠아슈즈","id","106012005","106012005","false","true","true","false","false","false","true","same source category; preserve NULL audience history and add versioned KIDS audience assignment"
"musinsa","target_enrichment","musinsa:NULL:106012006:199","106012006","null","키즈 > 신발 > 레인 부츠","musinsa:KIDS:106012006:987","106012006","KIDS","키즈 > 신발 > 레인 부츠","id","106012006","106012006","false","true","true","false","false","false","true","same source category; preserve NULL audience history and add versioned KIDS audience assignment"
"musinsa","target_enrichment","musinsa:NULL:106012007:204","106012007","null","키즈 > 신발 > 운동화","musinsa:KIDS:106012007:988","106012007","KIDS","키즈 > 신발 > 운동화","id","106012007","106012007","false","true","true","false","false","false","true","same source category; preserve NULL audience history and add versioned KIDS audience assignment"
"musinsa","target_enrichment","musinsa:NULL:106012008:202","106012008","null","키즈 > 신발 > 기타 신발","musinsa:KIDS:106012008:989","106012008","KIDS","키즈 > 신발 > 기타 신발","id","106012008","106012008","false","true","true","false","false","false","true","same source category; preserve NULL audience history and add versioned KIDS audience assignment"
"musinsa","target_enrichment","musinsa:NULL:106013:309","106013","null","키즈 > 가방/지갑","musinsa:KIDS:106013:990","106013","KIDS","키즈 > 가방/지갑","id","106013","106013","false","true","true","false","false","false","true","same source category; preserve NULL audience history and add versioned KIDS audience assignment"
"musinsa","target_enrichment","musinsa:NULL:106013001:313","106013001","null","키즈 > 가방/지갑 > 백팩","musinsa:KIDS:106013001:991","106013001","KIDS","키즈 > 가방/지갑 > 백팩","id","106013001","106013001","false","true","true","false","false","false","true","same source category; preserve NULL audience history and add versioned KIDS audience assignment"
"musinsa","target_enrichment","musinsa:NULL:106013002:310","106013002","null","키즈 > 가방/지갑 > 크로스 백","musinsa:KIDS:106013002:992","106013002","KIDS","키즈 > 가방/지갑 > 크로스 백","id","106013002","106013002","false","true","true","false","false","false","true","same source category; preserve NULL audience history and add versioned KIDS audience assignment"
"musinsa","target_enrichment","musinsa:NULL:106013003:312","106013003","null","키즈 > 가방/지갑 > 기타 가방","musinsa:KIDS:106013003:993","106013003","KIDS","키즈 > 가방/지갑 > 기타 가방","id","106013003","106013003","false","true","true","false","false","false","true","same source category; preserve NULL audience history and add versioned KIDS audience assignment"
"musinsa","target_enrichment","musinsa:NULL:106013004:311","106013004","null","키즈 > 가방/지갑 > 지갑","musinsa:KIDS:106013004:994","106013004","KIDS","키즈 > 가방/지갑 > 지갑","id","106013004","106013004","false","true","true","false","false","false","true","same source category; preserve NULL audience history and add versioned KIDS audience assignment"
"musinsa","target_enrichment","musinsa:NULL:106014:223","106014","null","키즈 > 모자","musinsa:KIDS:106014:995","106014","KIDS","키즈 > 모자","id","106014","106014","false","true","true","false","false","false","true","same source category; preserve NULL audience history and add versioned KIDS audience assignment"
"musinsa","target_enrichment","musinsa:NULL:106014001:225","106014001","null","키즈 > 모자 > 캡/야구모자","musinsa:KIDS:106014001:996","106014001","KIDS","키즈 > 모자 > 캡/야구모자","id","106014001","106014001","false","true","true","false","false","false","true","same source category; preserve NULL audience history and add versioned KIDS audience assignment"
"musinsa","target_enrichment","musinsa:NULL:106014002:227","106014002","null","키즈 > 모자 > 베레모/비니","musinsa:KIDS:106014002:997","106014002","KIDS","키즈 > 모자 > 베레모/비니","id","106014002","106014002","false","true","true","false","false","false","true","same source category; preserve NULL audience history and add versioned KIDS audience assignment"
"musinsa","target_enrichment","musinsa:NULL:106014003:226","106014003","null","키즈 > 모자 > 버킷/사파리햇","musinsa:KIDS:106014003:998","106014003","KIDS","키즈 > 모자 > 버킷/사파리햇","id","106014003","106014003","false","true","true","false","false","false","true","same source category; preserve NULL audience history and add versioned KIDS audience assignment"
"musinsa","target_enrichment","musinsa:NULL:106014004:224","106014004","null","키즈 > 모자 > 기타 모자","musinsa:KIDS:106014004:999","106014004","KIDS","키즈 > 모자 > 기타 모자","id","106014004","106014004","false","true","true","false","false","false","true","same source category; preserve NULL audience history and add versioned KIDS audience assignment"
"musinsa","target_enrichment","musinsa:NULL:106015:236","106015","null","키즈 > 액세서리/소품","musinsa:KIDS:106015:1000","106015","KIDS","키즈 > 액세서리/소품","id","106015","106015","false","true","true","false","false","false","true","same source category; preserve NULL audience history and add versioned KIDS audience assignment"
"musinsa","target_enrichment","musinsa:NULL:106015001:242","106015001","null","키즈 > 액세서리/소품 > 양말","musinsa:KIDS:106015001:1001","106015001","KIDS","키즈 > 액세서리/소품 > 양말","id","106015001","106015001","false","true","true","false","false","false","true","same source category; preserve NULL audience history and add versioned KIDS audience assignment"
"musinsa","target_enrichment","musinsa:NULL:106015002:238","106015002","null","키즈 > 액세서리/소품 > 마스크","musinsa:KIDS:106015002:1002","106015002","KIDS","키즈 > 액세서리/소품 > 마스크","id","106015002","106015002","false","true","true","false","false","false","true","same source category; preserve NULL audience history and add versioned KIDS audience assignment"
"musinsa","target_enrichment","musinsa:NULL:106015003:240","106015003","null","키즈 > 액세서리/소품 > 머플러/장갑","musinsa:KIDS:106015003:1003","106015003","KIDS","키즈 > 액세서리/소품 > 머플러/장갑","id","106015003","106015003","false","true","true","false","false","false","true","same source category; preserve NULL audience history and add versioned KIDS audience assignment"
"musinsa","target_enrichment","musinsa:NULL:106015004:243","106015004","null","키즈 > 액세서리/소품 > 시계","musinsa:KIDS:106015004:1004","106015004","KIDS","키즈 > 액세서리/소품 > 시계","id","106015004","106015004","false","true","true","false","false","false","true","same source category; preserve NULL audience history and add versioned KIDS audience assignment"
"musinsa","target_enrichment","musinsa:NULL:106015005:241","106015005","null","키즈 > 액세서리/소품 > 기타 액세서리","musinsa:KIDS:106015005:1005","106015005","KIDS","키즈 > 액세서리/소품 > 기타 액세서리","id","106015005","106015005","false","true","true","false","false","false","true","same source category; preserve NULL audience history and add versioned KIDS audience assignment"
"musinsa","target_enrichment","musinsa:NULL:106015006:244","106015006","null","키즈 > 액세서리/소품 > 팔찌","musinsa:KIDS:106015006:1006","106015006","KIDS","키즈 > 액세서리/소품 > 팔찌","id","106015006","106015006","false","true","true","false","false","false","true","same source category; preserve NULL audience history and add versioned KIDS audience assignment"
"musinsa","target_enrichment","musinsa:NULL:106015007:245","106015007","null","키즈 > 액세서리/소품 > 반지","musinsa:KIDS:106015007:1007","106015007","KIDS","키즈 > 액세서리/소품 > 반지","id","106015007","106015007","false","true","true","false","false","false","true","same source category; preserve NULL audience history and add versioned KIDS audience assignment"
"musinsa","target_enrichment","musinsa:NULL:106015008:246","106015008","null","키즈 > 액세서리/소품 > 목걸이/팬던트","musinsa:KIDS:106015008:1008","106015008","KIDS","키즈 > 액세서리/소품 > 목걸이/팬던트","id","106015008","106015008","false","true","true","false","false","false","true","same source category; preserve NULL audience history and add versioned KIDS audience assignment"
"musinsa","target_enrichment","musinsa:NULL:106015009:237","106015009","null","키즈 > 액세서리/소품 > 헤어 액세서리","musinsa:KIDS:106015009:1009","106015009","KIDS","키즈 > 액세서리/소품 > 헤어 액세서리","id","106015009","106015009","false","true","true","false","false","false","true","same source category; preserve NULL audience history and add versioned KIDS audience assignment"
"musinsa","target_enrichment","musinsa:NULL:106015010:239","106015010","null","키즈 > 액세서리/소품 > 선글라스/안경테","musinsa:KIDS:106015010:1010","106015010","KIDS","키즈 > 액세서리/소품 > 선글라스/안경테","id","106015010","106015010","false","true","true","false","false","false","true","same source category; preserve NULL audience history and add versioned KIDS audience assignment"
"musinsa","target_enrichment","musinsa:NULL:106016:209","106016","null","키즈 > 장난감","musinsa:KIDS:106016:1011","106016","KIDS","키즈 > 장난감","id","106016","106016","false","true","true","false","false","false","true","same source category; preserve NULL audience history and add versioned KIDS audience assignment"
"musinsa","target_enrichment","musinsa:NULL:106016001:212","106016001","null","키즈 > 장난감 > 블록/퍼즐","musinsa:KIDS:106016001:1012","106016001","KIDS","키즈 > 장난감 > 블록/퍼즐","id","106016001","106016001","false","true","true","false","false","false","true","same source category; preserve NULL audience history and add versioned KIDS audience assignment"
"musinsa","target_enrichment","musinsa:NULL:106016001001:214","106016001001","null","키즈 > 장난감 > 블록/퍼즐 > 블록","musinsa:KIDS:106016001001:1013","106016001001","KIDS","키즈 > 장난감 > 블록/퍼즐 > 블록","id","106016001001","106016001001","false","true","true","false","false","false","true","same source category; preserve NULL audience history and add versioned KIDS audience assignment"
"musinsa","target_enrichment","musinsa:NULL:106016001002:215","106016001002","null","키즈 > 장난감 > 블록/퍼즐 > 퍼즐","musinsa:KIDS:106016001002:1014","106016001002","KIDS","키즈 > 장난감 > 블록/퍼즐 > 퍼즐","id","106016001002","106016001002","false","true","true","false","false","false","true","same source category; preserve NULL audience history and add versioned KIDS audience assignment"
"musinsa","target_enrichment","musinsa:NULL:106016001003:213","106016001003","null","키즈 > 장난감 > 블록/퍼즐 > 레고","musinsa:KIDS:106016001003:1015","106016001003","KIDS","키즈 > 장난감 > 블록/퍼즐 > 레고","id","106016001003","106016001003","false","true","true","false","false","false","true","same source category; preserve NULL audience history and add versioned KIDS audience assignment"
"musinsa","target_enrichment","musinsa:NULL:106016002:219","106016002","null","키즈 > 장난감 > 작동 완구","musinsa:KIDS:106016002:1016","106016002","KIDS","키즈 > 장난감 > 작동 완구","id","106016002","106016002","false","true","true","false","false","false","true","same source category; preserve NULL audience history and add versioned KIDS audience assignment"
"musinsa","target_enrichment","musinsa:NULL:106016003:220","106016003","null","키즈 > 장난감 > 승용 완구","musinsa:KIDS:106016003:1017","106016003","KIDS","키즈 > 장난감 > 승용 완구","id","106016003","106016003","false","true","true","false","false","false","true","same source category; preserve NULL audience history and add versioned KIDS audience assignment"
"musinsa","target_enrichment","musinsa:NULL:106016003001:222","106016003001","null","키즈 > 장난감 > 승용 완구 > 킥보드","musinsa:KIDS:106016003001:1018","106016003001","KIDS","키즈 > 장난감 > 승용 완구 > 킥보드","id","106016003001","106016003001","false","true","true","false","false","false","true","same source category; preserve NULL audience history and add versioned KIDS audience assignment"
"musinsa","target_enrichment","musinsa:NULL:106016003002:221","106016003002","null","키즈 > 장난감 > 승용 완구 > 기타 승용 완구","musinsa:KIDS:106016003002:1019","106016003002","KIDS","키즈 > 장난감 > 승용 완구 > 기타 승용 완구","id","106016003002","106016003002","false","true","true","false","false","false","true","same source category; preserve NULL audience history and add versioned KIDS audience assignment"
"musinsa","target_enrichment","musinsa:NULL:106016004:211","106016004","null","키즈 > 장난감 > 인형","musinsa:KIDS:106016004:1020","106016004","KIDS","키즈 > 장난감 > 인형","id","106016004","106016004","false","true","true","false","false","false","true","same source category; preserve NULL audience history and add versioned KIDS audience assignment"
"musinsa","target_enrichment","musinsa:NULL:106016005:217","106016005","null","키즈 > 장난감 > 신생아 완구","musinsa:KIDS:106016005:1021","106016005","KIDS","키즈 > 장난감 > 신생아 완구","id","106016005","106016005","false","true","true","false","false","false","true","same source category; preserve NULL audience history and add versioned KIDS audience assignment"
"musinsa","target_enrichment","musinsa:NULL:106016006:218","106016006","null","키즈 > 장난감 > 교구","musinsa:KIDS:106016006:1022","106016006","KIDS","키즈 > 장난감 > 교구","id","106016006","106016006","false","true","true","false","false","false","true","same source category; preserve NULL audience history and add versioned KIDS audience assignment"
"musinsa","target_enrichment","musinsa:NULL:106016007:210","106016007","null","키즈 > 장난감 > 기타 장난감","musinsa:KIDS:106016007:1023","106016007","KIDS","키즈 > 장난감 > 기타 장난감","id","106016007","106016007","false","true","true","false","false","false","true","same source category; preserve NULL audience history and add versioned KIDS audience assignment"
"musinsa","target_enrichment","musinsa:NULL:106016008:216","106016008","null","키즈 > 장난감 > 놀이","musinsa:KIDS:106016008:1024","106016008","KIDS","키즈 > 장난감 > 놀이","id","106016008","106016008","false","true","true","false","false","false","true","same source category; preserve NULL audience history and add versioned KIDS audience assignment"
"musinsa","target_enrichment","musinsa:NULL:106017:228","106017","null","키즈 > 교육","musinsa:KIDS:106017:1025","106017","KIDS","키즈 > 교육","id","106017","106017","false","true","true","false","false","false","true","same source category; preserve NULL audience history and add versioned KIDS audience assignment"
"musinsa","target_enrichment","musinsa:NULL:106017001:229","106017001","null","키즈 > 교육 > 문구","musinsa:KIDS:106017001:1026","106017001","KIDS","키즈 > 교육 > 문구","id","106017001","106017001","false","true","true","false","false","false","true","same source category; preserve NULL audience history and add versioned KIDS audience assignment"
"musinsa","target_enrichment","musinsa:NULL:106017002:230","106017002","null","키즈 > 교육 > 도서/CD","musinsa:KIDS:106017002:1027","106017002","KIDS","키즈 > 교육 > 도서/CD","id","106017002","106017002","false","true","true","false","false","false","true","same source category; preserve NULL audience history and add versioned KIDS audience assignment"
"musinsa","target_enrichment","musinsa:NULL:106017002001:231","106017002001","null","키즈 > 교육 > 도서/CD > 전집/세트","musinsa:KIDS:106017002001:1028","106017002001","KIDS","키즈 > 교육 > 도서/CD > 전집/세트","id","106017002001","106017002001","false","true","true","false","false","false","true","same source category; preserve NULL audience history and add versioned KIDS audience assignment"
"musinsa","target_enrichment","musinsa:NULL:106017002003:232","106017002003","null","키즈 > 교육 > 도서/CD > 기타 도서/CD","musinsa:KIDS:106017002003:1029","106017002003","KIDS","키즈 > 교육 > 도서/CD > 기타 도서/CD","id","106017002003","106017002003","false","true","true","false","false","false","true","same source category; preserve NULL audience history and add versioned KIDS audience assignment"
"musinsa","target_enrichment","musinsa:NULL:106018:271","106018","null","키즈 > 홈인테리어/리빙","musinsa:KIDS:106018:1030","106018","KIDS","키즈 > 홈인테리어/리빙","id","106018","106018","false","true","true","false","false","false","true","same source category; preserve NULL audience history and add versioned KIDS audience assignment"
"musinsa","target_enrichment","musinsa:NULL:106018001:272","106018001","null","키즈 > 홈인테리어/리빙 > 가구/수납","musinsa:KIDS:106018001:1031","106018001","KIDS","키즈 > 홈인테리어/리빙 > 가구/수납","id","106018001","106018001","false","true","true","false","false","false","true","same source category; preserve NULL audience history and add versioned KIDS audience assignment"
"musinsa","target_enrichment","musinsa:NULL:106018001001:274","106018001001","null","키즈 > 홈인테리어/리빙 > 가구/수납 > 책상/의자/책장","musinsa:KIDS:106018001001:1032","106018001001","KIDS","키즈 > 홈인테리어/리빙 > 가구/수납 > 책상/의자/책장","id","106018001001","106018001001","false","true","true","false","false","false","true","same source category; preserve NULL audience history and add versioned KIDS audience assignment"
"musinsa","target_enrichment","musinsa:NULL:106018001002:275","106018001002","null","키즈 > 홈인테리어/리빙 > 가구/수납 > 수납/정리","musinsa:KIDS:106018001002:1033","106018001002","KIDS","키즈 > 홈인테리어/리빙 > 가구/수납 > 수납/정리","id","106018001002","106018001002","false","true","true","false","false","false","true","same source category; preserve NULL audience history and add versioned KIDS audience assignment"
"musinsa","target_enrichment","musinsa:NULL:106018001003:273","106018001003","null","키즈 > 홈인테리어/리빙 > 가구/수납 > 침대/소파","musinsa:KIDS:106018001003:1034","106018001003","KIDS","키즈 > 홈인테리어/리빙 > 가구/수납 > 침대/소파","id","106018001003","106018001003","false","true","true","false","false","false","true","same source category; preserve NULL audience history and add versioned KIDS audience assignment"
"musinsa","target_enrichment","musinsa:NULL:106018001004:276","106018001004","null","키즈 > 홈인테리어/리빙 > 가구/수납 > 기타 가구/수납","musinsa:KIDS:106018001004:1035","106018001004","KIDS","키즈 > 홈인테리어/리빙 > 가구/수납 > 기타 가구/수납","id","106018001004","106018001004","false","true","true","false","false","false","true","same source category; preserve NULL audience history and add versioned KIDS audience assignment"
"musinsa","target_enrichment","musinsa:NULL:106018002:289","106018002","null","키즈 > 홈인테리어/리빙 > 패브릭 용품","musinsa:KIDS:106018002:1036","106018002","KIDS","키즈 > 홈인테리어/리빙 > 패브릭 용품","id","106018002","106018002","false","true","true","false","false","false","true","same source category; preserve NULL audience history and add versioned KIDS audience assignment"
"musinsa","target_enrichment","musinsa:NULL:106018002001:292","106018002001","null","키즈 > 홈인테리어/리빙 > 패브릭 용품 > 침구","musinsa:KIDS:106018002001:1037","106018002001","KIDS","키즈 > 홈인테리어/리빙 > 패브릭 용품 > 침구","id","106018002001","106018002001","false","true","true","false","false","false","true","same source category; preserve NULL audience history and add versioned KIDS audience assignment"
"musinsa","target_enrichment","musinsa:NULL:106018002002:291","106018002002","null","키즈 > 홈인테리어/리빙 > 패브릭 용품 > 베개/쿠션","musinsa:KIDS:106018002002:1038","106018002002","KIDS","키즈 > 홈인테리어/리빙 > 패브릭 용품 > 베개/쿠션","id","106018002002","106018002002","false","true","true","false","false","false","true","same source category; preserve NULL audience history and add versioned KIDS audience assignment"
"musinsa","target_enrichment","musinsa:NULL:106018002003:293","106018002003","null","키즈 > 홈인테리어/리빙 > 패브릭 용품 > 러그","musinsa:KIDS:106018002003:1039","106018002003","KIDS","키즈 > 홈인테리어/리빙 > 패브릭 용품 > 러그","id","106018002003","106018002003","false","true","true","false","false","false","true","same source category; preserve NULL audience history and add versioned KIDS audience assignment"
"musinsa","target_enrichment","musinsa:NULL:106018002004:290","106018002004","null","키즈 > 홈인테리어/리빙 > 패브릭 용품 > 기타 침구용품","musinsa:KIDS:106018002004:1040","106018002004","KIDS","키즈 > 홈인테리어/리빙 > 패브릭 용품 > 기타 침구용품","id","106018002004","106018002004","false","true","true","false","false","false","true","same source category; preserve NULL audience history and add versioned KIDS audience assignment"
"musinsa","target_enrichment","musinsa:NULL:106018003:294","106018003","null","키즈 > 홈인테리어/리빙 > 키친","musinsa:KIDS:106018003:1041","106018003","KIDS","키즈 > 홈인테리어/리빙 > 키친","id","106018003","106018003","false","true","true","false","false","false","true","same source category; preserve NULL audience history and add versioned KIDS audience assignment"
"musinsa","target_enrichment","musinsa:NULL:106018003001:296","106018003001","null","키즈 > 홈인테리어/리빙 > 키친 > 기타 키친용품","musinsa:KIDS:106018003001:1042","106018003001","KIDS","키즈 > 홈인테리어/리빙 > 키친 > 기타 키친용품","id","106018003001","106018003001","false","true","true","false","false","false","true","same source category; preserve NULL audience history and add versioned KIDS audience assignment"
"musinsa","target_enrichment","musinsa:NULL:106018003002:297","106018003002","null","키즈 > 홈인테리어/리빙 > 키친 > 유아식기","musinsa:KIDS:106018003002:1043","106018003002","KIDS","키즈 > 홈인테리어/리빙 > 키친 > 유아식기","id","106018003002","106018003002","false","true","true","false","false","false","true","same source category; preserve NULL audience history and add versioned KIDS audience assignment"
"musinsa","target_enrichment","musinsa:NULL:106018003003:295","106018003003","null","키즈 > 홈인테리어/리빙 > 키친 > 수저/포크","musinsa:KIDS:106018003003:1044","106018003003","KIDS","키즈 > 홈인테리어/리빙 > 키친 > 수저/포크","id","106018003003","106018003003","false","true","true","false","false","false","true","same source category; preserve NULL audience history and add versioned KIDS audience assignment"
"musinsa","target_enrichment","musinsa:NULL:106018004:283","106018004","null","키즈 > 홈인테리어/리빙 > 소품","musinsa:KIDS:106018004:1045","106018004","KIDS","키즈 > 홈인테리어/리빙 > 소품","id","106018004","106018004","false","true","true","false","false","false","true","same source category; preserve NULL audience history and add versioned KIDS audience assignment"
"musinsa","target_enrichment","musinsa:NULL:106018004001:285","106018004001","null","키즈 > 홈인테리어/리빙 > 소품 > 장식 소품","musinsa:KIDS:106018004001:1046","106018004001","KIDS","키즈 > 홈인테리어/리빙 > 소품 > 장식 소품","id","106018004001","106018004001","false","true","true","false","false","false","true","same source category; preserve NULL audience history and add versioned KIDS audience assignment"
"musinsa","target_enrichment","musinsa:NULL:106018004002:284","106018004002","null","키즈 > 홈인테리어/리빙 > 소품 > 시즌 소품","musinsa:KIDS:106018004002:1047","106018004002","KIDS","키즈 > 홈인테리어/리빙 > 소품 > 시즌 소품","id","106018004002","106018004002","false","true","true","false","false","false","true","same source category; preserve NULL audience history and add versioned KIDS audience assignment"
"musinsa","target_enrichment","musinsa:NULL:106018004003:287","106018004003","null","키즈 > 홈인테리어/리빙 > 소품 > 파티/답례품","musinsa:KIDS:106018004003:1048","106018004003","KIDS","키즈 > 홈인테리어/리빙 > 소품 > 파티/답례품","id","106018004003","106018004003","false","true","true","false","false","false","true","same source category; preserve NULL audience history and add versioned KIDS audience assignment"
"musinsa","target_enrichment","musinsa:NULL:106018004004:286","106018004004","null","키즈 > 홈인테리어/리빙 > 소품 > 기타 소품","musinsa:KIDS:106018004004:1049","106018004004","KIDS","키즈 > 홈인테리어/리빙 > 소품 > 기타 소품","id","106018004004","106018004004","false","true","true","false","false","false","true","same source category; preserve NULL audience history and add versioned KIDS audience assignment"
"musinsa","target_enrichment","musinsa:NULL:106018005:277","106018005","null","키즈 > 홈인테리어/리빙 > 스킨/바디용품","musinsa:KIDS:106018005:1050","106018005","KIDS","키즈 > 홈인테리어/리빙 > 스킨/바디용품","id","106018005","106018005","false","true","true","false","false","false","true","same source category; preserve NULL audience history and add versioned KIDS audience assignment"
"musinsa","target_enrichment","musinsa:NULL:106018005001:279","106018005001","null","키즈 > 홈인테리어/리빙 > 스킨/바디용품 > 어린이 화장품","musinsa:KIDS:106018005001:1051","106018005001","KIDS","키즈 > 홈인테리어/리빙 > 스킨/바디용품 > 어린이 화장품","id","106018005001","106018005001","false","true","true","false","false","false","true","same source category; preserve NULL audience history and add versioned KIDS audience assignment"
"musinsa","target_enrichment","musinsa:NULL:106018005002:280","106018005002","null","키즈 > 홈인테리어/리빙 > 스킨/바디용품 > 아기욕조","musinsa:KIDS:106018005002:1052","106018005002","KIDS","키즈 > 홈인테리어/리빙 > 스킨/바디용품 > 아기욕조","id","106018005002","106018005002","false","true","true","false","false","false","true","same source category; preserve NULL audience history and add versioned KIDS audience assignment"
"musinsa","target_enrichment","musinsa:NULL:106018005003:278","106018005003","null","키즈 > 홈인테리어/리빙 > 스킨/바디용품 > 기타스킨/바디용품","musinsa:KIDS:106018005003:1053","106018005003","KIDS","키즈 > 홈인테리어/리빙 > 스킨/바디용품 > 기타스킨/바디용품","id","106018005003","106018005003","false","true","true","false","false","false","true","same source category; preserve NULL audience history and add versioned KIDS audience assignment"
"musinsa","target_enrichment","musinsa:NULL:106018006:281","106018006","null","키즈 > 홈인테리어/리빙 > 안전용품","musinsa:KIDS:106018006:1054","106018006","KIDS","키즈 > 홈인테리어/리빙 > 안전용품","id","106018006","106018006","false","true","true","false","false","false","true","same source category; preserve NULL audience history and add versioned KIDS audience assignment"
"musinsa","target_enrichment","musinsa:NULL:106018007:288","106018007","null","키즈 > 홈인테리어/리빙 > 기타 용품","musinsa:KIDS:106018007:1055","106018007","KIDS","키즈 > 홈인테리어/리빙 > 기타 용품","id","106018007","106018007","false","true","true","false","false","false","true","same source category; preserve NULL audience history and add versioned KIDS audience assignment"
"musinsa","target_enrichment","musinsa:NULL:106018008:282","106018008","null","키즈 > 홈인테리어/리빙 > 이유/수유/건강용품","musinsa:KIDS:106018008:1056","106018008","KIDS","키즈 > 홈인테리어/리빙 > 이유/수유/건강용품","id","106018008","106018008","false","true","true","false","false","false","true","same source category; preserve NULL audience history and add versioned KIDS audience assignment"
"musinsa","target_enrichment","musinsa:NULL:106018009:298","106018009","null","키즈 > 홈인테리어/리빙 > 세탁용품","musinsa:KIDS:106018009:1057","106018009","KIDS","키즈 > 홈인테리어/리빙 > 세탁용품","id","106018009","106018009","false","true","true","false","false","false","true","same source category; preserve NULL audience history and add versioned KIDS audience assignment"
"uniqlo","rename","uniqlo:WOMEN:57993:367","57993","WOMEN","아우터 > 재킷","uniqlo:WOMEN:57993:2334","57993","WOMEN","아우터 > 재킷 & 코트","id_target","57993","57993","true","false","true","false","true","false","true","keep one source category by stable ID; append path/parent history"
"uniqlo","rename","uniqlo:WOMEN:79210:542","79210","WOMEN","티셔츠 & UT > 티셔츠 (반팔 & 긴팔) > 레귤러","uniqlo:WOMEN:79210:2511","79210","WOMEN","티셔츠 & UT > 티셔츠 (반팔 & 긴팔) > 코튼","id_target","79210","79210","true","false","true","false","true","false","true","keep one source category by stable ID; append path/parent history"
"uniqlo","rename","uniqlo:WOMEN:58141:543","58141","WOMEN","티셔츠 & UT > 티셔츠 (반팔 & 긴팔) > 슬림","uniqlo:WOMEN:58141:2512","58141","WOMEN","티셔츠 & UT > 티셔츠 (반팔 & 긴팔) > 립","id_target","58141","58141","true","false","true","false","true","false","true","keep one source category by stable ID; append path/parent history"
"uniqlo","rename","uniqlo:WOMEN:58140:544","58140","WOMEN","티셔츠 & UT > 티셔츠 (반팔 & 긴팔) > 릴랙스","uniqlo:WOMEN:58140:2513","58140","WOMEN","티셔츠 & UT > 티셔츠 (반팔 & 긴팔) > AIRism","id_target","58140","58140","true","false","true","false","true","false","true","keep one source category by stable ID; append path/parent history"
"uniqlo","rename","uniqlo:WOMEN:98277:547","98277","WOMEN","티셔츠 & UT > 티셔츠 (반팔 & 긴팔) > Pick up","uniqlo:WOMEN:98277:2516","98277","WOMEN","티셔츠 & UT > 티셔츠 (반팔 & 긴팔) > 터틀넥 & 하이넥","id_target","98277","98277","true","false","true","false","true","false","true","keep one source category by stable ID; append path/parent history"
"uniqlo","rename","uniqlo:WOMEN:58125:754","58125","WOMEN","아우터 > 재킷 > 캐주얼 재킷","uniqlo:WOMEN:58125:2721","58125","WOMEN","아우터 > 재킷 & 코트 > 캐주얼 재킷","id_target","58125","58125","true","false","true","false","true","false","true","keep one source category by stable ID; append path/parent history"
"uniqlo","rename","uniqlo:WOMEN:94952:755","94952","WOMEN","아우터 > 재킷 > 재킷","uniqlo:WOMEN:94952:2722","94952","WOMEN","아우터 > 재킷 & 코트 > 재킷","id_target","94952","94952","true","false","true","false","true","false","true","keep one source category by stable ID; append path/parent history"
"uniqlo","rename","uniqlo:WOMEN:101617:756","101617","WOMEN","아우터 > 재킷 > Uniqlo U","uniqlo:WOMEN:101617:2723","101617","WOMEN","아우터 > 재킷 & 코트 > Uniqlo U","id_target","101617","101617","true","false","true","false","true","false","true","keep one source category by stable ID; append path/parent history"
"uniqlo","rename","uniqlo:WOMEN:58124:757","58124","WOMEN","아우터 > 재킷 > 감탄 재킷","uniqlo:WOMEN:58124:2724","58124","WOMEN","아우터 > 재킷 & 코트 > 감탄 재킷","id_target","58124","58124","true","false","true","false","true","false","true","keep one source category by stable ID; append path/parent history"
"uniqlo","rename","uniqlo:WOMEN:62523:758","62523","WOMEN","아우터 > 재킷 > UNIQLO and JW ANDERSON","uniqlo:WOMEN:62523:2725","62523","WOMEN","아우터 > 재킷 & 코트 > UNIQLO and JW ANDERSON","id_target","62523","62523","true","false","true","false","true","false","true","keep one source category by stable ID; append path/parent history"
"uniqlo","rename","uniqlo:WOMEN:62521:759","62521","WOMEN","아우터 > 재킷 > UNIQLO and COMPTOIR DES COTONNIERS","uniqlo:WOMEN:62521:2726","62521","WOMEN","아우터 > 재킷 & 코트 > UNIQLO and COMPTOIR DES COTONNIERS","id_target","62521","62521","true","false","true","false","true","false","true","keep one source category by stable ID; append path/parent history"
"uniqlo","rename","uniqlo:WOMEN:58128:760","58128","WOMEN","아우터 > 재킷 > 그 외","uniqlo:WOMEN:58128:2727","58128","WOMEN","아우터 > 재킷 & 코트 > 그 외","id_target","58128","58128","true","false","true","false","true","false","true","keep one source category by stable ID; append path/parent history"
"uniqlo","rename","uniqlo:WOMEN:63074:761","63074","WOMEN","아우터 > 재킷 > 유니섹스","uniqlo:WOMEN:63074:2728","63074","WOMEN","아우터 > 재킷 & 코트 > 유니섹스","id_target","63074","63074","true","false","true","false","true","false","true","keep one source category by stable ID; append path/parent history"
"uniqlo","rename","uniqlo:WOMEN:124366:762","124366","WOMEN","아우터 > 재킷 > GU","uniqlo:WOMEN:124366:2729","124366","WOMEN","아우터 > 재킷 & 코트 > GU","id_target","124366","124366","true","false","true","false","true","false","true","keep one source category by stable ID; append path/parent history"
"uniqlo","rename","uniqlo:WOMEN:98330:1115","98330","WOMEN","스포츠 유틸리티 웨어 > 액세서리 > (X)장갑","uniqlo:WOMEN:98330:3082","98330","WOMEN","스포츠 유틸리티 웨어 > 액세서리 > 장갑","id_target","98330","98330","true","false","true","false","true","false","true","keep one source category by stable ID; append path/parent history"
"uniqlo","rename","uniqlo:WOMEN:58268:1116","58268","WOMEN","스포츠 유틸리티 웨어 > 액세서리 > (X)스카프 & 넥워머","uniqlo:WOMEN:58268:3083","58268","WOMEN","스포츠 유틸리티 웨어 > 액세서리 > 스카프 & 넥워머","id_target","58268","58268","true","false","true","false","true","false","true","keep one source category by stable ID; append path/parent history"
"uniqlo","rename","uniqlo:WOMEN:62580:1117","62580","WOMEN","스포츠 유틸리티 웨어 > 액세서리 > (X)그 외","uniqlo:WOMEN:62580:3084","62580","WOMEN","스포츠 유틸리티 웨어 > 액세서리 > 그 외","id_target","62580","62580","true","false","true","false","true","false","true","keep one source category by stable ID; append path/parent history"
"uniqlo","rename","uniqlo:MEN:58441:1280","58441","MEN","티셔츠 & 스웨트셔츠 & UT > 그래픽티셔츠 > Others 그 외","uniqlo:MEN:58441:3253","58441","MEN","티셔츠 & 스웨트셔츠 & UT > 그래픽티셔츠 > 그 외","id_target","58441","58441","true","false","true","false","true","false","true","keep one source category by stable ID; append path/parent history"
"uniqlo","rename","uniqlo:MEN:100315:1416","100315","MEN","니트 & 가디건 > 니트 > 긴팔","uniqlo:MEN:100315:3389","100315","MEN","니트 & 가디건 > 니트 > 긴팔 니트","id_target","100315","100315","true","false","true","false","true","false","true","keep one source category by stable ID; append path/parent history"
"uniqlo","rename","uniqlo:MEN:98385:1651","98385","MEN","스포츠 유틸리티 웨어 > 아우터 > (x)그 외","uniqlo:MEN:98385:3624","98385","MEN","스포츠 유틸리티 웨어 > 아우터 > 그 외","id_target","98385","98385","true","false","true","false","true","false","true","keep one source category by stable ID; append path/parent history"
"uniqlo","rename","uniqlo:MEN:58502:1657","58502","MEN","스포츠 유틸리티 웨어 > 액세서리 > (X)가방","uniqlo:MEN:58502:3630","58502","MEN","스포츠 유틸리티 웨어 > 액세서리 > 가방","id_target","58502","58502","true","false","true","false","true","false","true","keep one source category by stable ID; append path/parent history"
"uniqlo","rename","uniqlo:MEN:98387:1661","98387","MEN","스포츠 유틸리티 웨어 > 액세서리 > (X)장갑","uniqlo:MEN:98387:3634","98387","MEN","스포츠 유틸리티 웨어 > 액세서리 > 장갑","id_target","98387","98387","true","false","true","false","true","false","true","keep one source category by stable ID; append path/parent history"
"uniqlo","rename","uniqlo:MEN:62985:1662","62985","MEN","스포츠 유틸리티 웨어 > 액세서리 > (X)스카프 & 넥워머","uniqlo:MEN:62985:3635","62985","MEN","스포츠 유틸리티 웨어 > 액세서리 > 스카프 & 넥워머","id_target","62985","62985","true","false","true","false","true","false","true","keep one source category by stable ID; append path/parent history"
"uniqlo","coexisting_same_path_multiple_ids","","","","","","","","","","uniqlo:KIDS:151483:3748|uniqlo:KIDS:134044:3756|uniqlo:KIDS:112753:3774|uniqlo:KIDS:86459:3785","uniqlo:KIDS:134044:1775|uniqlo:KIDS:112753:1798|uniqlo:KIDS:86459:1809","false","true","true","false","false","false","true","preserve separate source categories; shared path is not identity and no alias is proven"
