source,external_category_id,parent_external_category_id,raw_name,raw_full_path,normalized_full_path,depth,target,is_leaf,activity_status,source_url,endpoint_kind,collected_at,source_evidence,raw_response_hash,match_method,db_external_category_id,db_path,db_target,path_changed,target_changed
"musinsa","106","null","키즈","키즈","키즈","0","KIDS","false","unknown","https://www.musinsa.com/category/106/goods?gf=A","official_category_next_page","2026-08-03T02:01:21.580Z","{""root_probe_range"":""000-199"",""rendered_child_count"":15,""product_count"":60704,""sample_product_ids"":[""6399711"",""6390194"",""4662002"",""6284532"",""6390180"",""6241180"",""4662055"",""6090569"",""5912275"",""4662005"",""6488112"",""6390178"",""5012720"",""6426125"",""6198581""]}","0eaba9e67188ac16c6ee49e641e271ed42ca81bbd15443f4611bced965e25d76","id","106","키즈","null","false","true"
"musinsa","106004","106","상의","키즈 > 상의","키즈 > 상의","1","KIDS","false","unknown","https://www.musinsa.com/category/106004/goods?gf=A","official_category_next_page","2026-08-03T02:01:21.580Z","{""root_probe_range"":""000-199"",""rendered_child_count"":9,""product_count"":14517,""sample_product_ids"":[""6399711"",""6390194"",""6390180"",""6090569"",""6488112"",""6390178"",""6390198"",""6090568"",""6085586"",""5174149"",""5309660"",""6320093"",""6347918"",""5254689"",""6277878""]}","6db90940fe4031969cd84e000ac3a9581fb1e37be6ed7ca61b778a60c8ef1d0b","id","106004","키즈 > 상의","null","false","true"
"musinsa","106004001","106004","반소매 티셔츠","키즈 > 상의 > 반소매 티셔츠","키즈 > 상의 > 반소매 티셔츠","2","KIDS","true","unknown","https://www.musinsa.com/category/106004001/goods?gf=A","official_category_next_page","2026-08-03T02:01:21.580Z","{""root_probe_range"":""000-199"",""rendered_child_count"":0,""product_count"":6547,""sample_product_ids"":[""6399711"",""6390194"",""6390180"",""6090569"",""6390178"",""6390198"",""6090568"",""6085586"",""5174149"",""5309660"",""6320093"",""6347918"",""6277878"",""4935536"",""6154542""]}","0087d2a0e97b0772244b49873a885d05d534d8b434c225bc4f9dab455f7a3187","id","106004001","키즈 > 상의 > 반소매 티셔츠","null","false","true"
"musinsa","106004002","106004","긴소매 티셔츠","키즈 > 상의 > 긴소매 티셔츠","키즈 > 상의 > 긴소매 티셔츠","2","KIDS","true","unknown","https://www.musinsa.com/category/106004002/goods?gf=A","official_category_next_page","2026-08-03T02:01:21.580Z","{""root_probe_range"":""000-199"",""rendered_child_count"":0,""product_count"":2681,""sample_product_ids"":[""5254689"",""5236599"",""6068558"",""5693839"",""4780634"",""6052121"",""6327831"",""6893735"",""6689369"",""5964336"",""4569281"",""4491031"",""6020246"",""6789312"",""6068494""]}","3131ddf4d649af64575a3de18783a6790e1e01094aca7d3a473c71605c0f94d5","id","106004002","키즈 > 상의 > 긴소매 티셔츠","null","false","true"
"musinsa","106004003","106004","민소매 티셔츠","키즈 > 상의 > 민소매 티셔츠","키즈 > 상의 > 민소매 티셔츠","2","KIDS","true","unknown","https://www.musinsa.com/category/106004003/goods?gf=A","official_category_next_page","2026-08-03T02:01:21.580Z","{""root_probe_range"":""000-199"",""rendered_child_count"":0,""product_count"":599,""sample_product_ids"":[""6689649"",""6499726"",""6406604"",""6785921"",""5212617"",""6708346"",""6785939"",""6708574"",""6708499"",""6633974"",""6708571"",""4989519"",""5072283"",""6523957"",""6469635""]}","3cccb44cc89f8682a160dd6771c2dd06c3e621e5ca3146e3452223bfa055cb67","id","106004003","키즈 > 상의 > 민소매 티셔츠","null","false","true"
"musinsa","106004004","106004","맨투맨/스웨트","키즈 > 상의 > 맨투맨/스웨트","키즈 > 상의 > 맨투맨/스웨트","2","KIDS","true","unknown","https://www.musinsa.com/category/106004004/goods?gf=A","official_category_next_page","2026-08-03T02:01:21.580Z","{""root_probe_range"":""000-199"",""rendered_child_count"":0,""product_count"":2140,""sample_product_ids"":[""5803838"",""5638944"",""5803837"",""5632401"",""5667876"",""5297042"",""4300821"",""5667882"",""4664772"",""5297044"",""5667866"",""4551043"",""5297049"",""4664770"",""5487669""]}","43ea2f90bcdaca47e86b3da9299cdb87931170ef2e826c35f9bf628456db3ea2","id","106004004","키즈 > 상의 > 맨투맨/스웨트","null","false","true"
"musinsa","106004005","106004","후드 티셔츠","키즈 > 상의 > 후드 티셔츠","키즈 > 상의 > 후드 티셔츠","2","KIDS","true","unknown","https://www.musinsa.com/category/106004005/goods?gf=A","official_category_next_page","2026-08-03T02:01:21.580Z","{""root_probe_range"":""000-199"",""rendered_child_count"":0,""product_count"":663,""sample_product_ids"":[""4782443"",""5832497"",""5282802"",""5740398"",""5832495"",""5401151"",""5505033"",""5296796"",""5801037"",""5528220"",""5803701"",""5947546"",""4766966"",""4782445"",""5486933""]}","cf42f4683e7c57ad62740d19a8633a9468675b849f8aaf06ccb9da62b9620815","id","106004005","키즈 > 상의 > 후드 티셔츠","null","false","true"
"musinsa","106004006","106004","니트/스웨터","키즈 > 상의 > 니트/스웨터","키즈 > 상의 > 니트/스웨터","2","KIDS","true","unknown","https://www.musinsa.com/category/106004006/goods?gf=A","official_category_next_page","2026-08-03T02:01:21.580Z","{""root_probe_range"":""000-199"",""rendered_child_count"":0,""product_count"":488,""sample_product_ids"":[""5671324"",""4484355"",""4644722"",""5329610"",""4338203"",""4904991"",""4338185"",""4031895"",""3035703"",""5915904"",""5262942"",""5390891"",""4811567"",""4499855"",""4473475""]}","0a6d873c98985317d80c89818222670a9285bb747b6ffeaf90914778c2924aec","id","106004006","키즈 > 상의 > 니트/스웨터","null","false","true"
"musinsa","106004007","106004","기타 상의","키즈 > 상의 > 기타 상의","키즈 > 상의 > 기타 상의","2","KIDS","true","unknown","https://www.musinsa.com/category/106004007/goods?gf=A","official_category_next_page","2026-08-03T02:01:21.580Z","{""root_probe_range"":""000-199"",""rendered_child_count"":0,""product_count"":364,""sample_product_ids"":[""6751318"",""2408202"",""6751322"",""6799653"",""6350297"",""6799436"",""6799596"",""6350288"",""6770314"",""6819678"",""6813657"",""6401594"",""6813646"",""4731748"",""4491357""]}","5e3d1c1353c1e35092e22d48d09bca59c73f4592dd1d0a9bdc66ea4f09216e1e","id","106004007","키즈 > 상의 > 기타 상의","null","false","true"
"musinsa","106004011","106004","셔츠/블라우스","키즈 > 상의 > 셔츠/블라우스","키즈 > 상의 > 셔츠/블라우스","2","KIDS","true","unknown","https://www.musinsa.com/category/106004011/goods?gf=A","official_category_next_page","2026-08-03T02:01:21.580Z","{""root_probe_range"":""000-199"",""rendered_child_count"":0,""product_count"":764,""sample_product_ids"":[""6488112"",""6787445"",""6519170"",""6654759"",""6467911"",""4664085"",""6472101"",""6815490"",""6234754"",""3758504"",""6085277"",""6317640"",""4888928"",""4005630"",""6671575""]}","c884619faddab270564f1025911c08d80e160f092948900be157ffdac4d5fbc5","id","106004011","키즈 > 상의 > 셔츠/블라우스","null","false","true"
"musinsa","106004012","106004","피케/카라 티셔츠","키즈 > 상의 > 피케/카라 티셔츠","키즈 > 상의 > 피케/카라 티셔츠","2","KIDS","true","unknown","https://www.musinsa.com/category/106004012/goods?gf=A","official_category_next_page","2026-08-03T02:01:21.580Z","{""root_probe_range"":""000-199"",""rendered_child_count"":0,""product_count"":271,""sample_product_ids"":[""6751402"",""4723889"",""3034271"",""5198786"",""5269176"",""4090210"",""5233664"",""6642806"",""4750784"",""2306176"",""6207387"",""6024309"",""5950209"",""5004078"",""5206023""]}","d370cfb80b714e31f4d22d2f8f21707459d35404432bb45f405147b8b2ba3bf4","id","106004012","키즈 > 상의 > 피케/카라 티셔츠","null","false","true"
"musinsa","106005","106","아우터","키즈 > 아우터","키즈 > 아우터","1","KIDS","false","unknown","https://www.musinsa.com/category/106005/goods?gf=A","official_category_next_page","2026-08-03T02:01:21.580Z","{""root_probe_range"":""000-199"",""rendered_child_count"":5,""product_count"":4709,""sample_product_ids"":[""5812728"",""6768810"",""5729859"",""6751742"",""6679097"",""4978105"",""6137171"",""6815455"",""6251701"",""6302320"",""6815537"",""4569286"",""6652732"",""4569296"",""4569283""]}","95077560159d54b07cf5ccec2fa4f6bfa48c889373fc3167c785fd6e2e2ca3da","id","106005","키즈 > 아우터","null","false","true"
"musinsa","106005001","106005","카디건","키즈 > 아우터 > 카디건","키즈 > 아우터 > 카디건","2","KIDS","true","unknown","https://www.musinsa.com/category/106005001/goods?gf=A","official_category_next_page","2026-08-03T02:01:21.580Z","{""root_probe_range"":""000-199"",""rendered_child_count"":0,""product_count"":725,""sample_product_ids"":[""6751742"",""6815455"",""6780979"",""4738823"",""6269838"",""6269935"",""6319749"",""6262463"",""6708622"",""6422611"",""3862487"",""6893733"",""6650051"",""5870978"",""6433096""]}","3aca0f0d9ad7f7c4f57e1b3aa9a9c575c7a134cf71b26def1c9925a0fa0e948d","id","106005001","키즈 > 아우터 > 카디건","null","false","true"
"musinsa","106005002","106005","코트","키즈 > 아우터 > 코트","키즈 > 아우터 > 코트","2","KIDS","true","unknown","https://www.musinsa.com/category/106005002/goods?gf=A","official_category_next_page","2026-08-03T02:01:21.580Z","{""root_probe_range"":""000-199"",""rendered_child_count"":0,""product_count"":95,""sample_product_ids"":[""4569286"",""4569296"",""4569283"",""5468293"",""4569363"",""5597390"",""5692774"",""4615319"",""4776997"",""5835580"",""5622563"",""5472420"",""5684658"",""5826334"",""5657962""]}","332bdac82da54f58ad433ba4a9395d94a48000fb9d45ae3b21cf5a7a77d5d87f","id","106005002","키즈 > 아우터 > 코트","null","false","true"
"musinsa","106005003","106005","베스트","키즈 > 아우터 > 베스트","키즈 > 아우터 > 베스트","2","KIDS","true","unknown","https://www.musinsa.com/category/106005003/goods?gf=A","official_category_next_page","2026-08-03T02:01:21.580Z","{""root_probe_range"":""000-199"",""rendered_child_count"":0,""product_count"":465,""sample_product_ids"":[""6440304"",""6440303"",""3436069"",""4352578"",""6546710"",""2696831"",""5812737"",""5253689"",""3436070"",""4517077"",""4493088"",""3436072"",""5063808"",""4866650"",""6577470""]}","25b6cad9c833edff612d0357c694a3447a4dcc4059de1a174bdb74e3a7ce56ed","id","106005003","키즈 > 아우터 > 베스트","null","false","true"
"musinsa","106005004","106005","점퍼/재킷","키즈 > 아우터 > 점퍼/재킷","키즈 > 아우터 > 점퍼/재킷","2","KIDS","true","unknown","https://www.musinsa.com/category/106005004/goods?gf=A","official_category_next_page","2026-08-03T02:01:21.580Z","{""root_probe_range"":""000-199"",""rendered_child_count"":0,""product_count"":3221,""sample_product_ids"":[""5812728"",""6768810"",""5729859"",""6679097"",""4978105"",""6137171"",""6251701"",""6815537"",""6652732"",""6097345"",""5344239"",""6055503"",""6737431"",""6786603"",""5663768""]}","549db58f32c2527927f91f498c5dbdf6fcece8584cdc907b9e84d7c9a6633dba","id","106005004","키즈 > 아우터 > 점퍼/재킷","null","false","true"
"musinsa","106005005","106005","기타 아우터","키즈 > 아우터 > 기타 아우터","키즈 > 아우터 > 기타 아우터","2","KIDS","true","unknown","https://www.musinsa.com/category/106005005/goods?gf=A","official_category_next_page","2026-08-03T02:01:21.580Z","{""root_probe_range"":""000-199"",""rendered_child_count"":0,""product_count"":203,""sample_product_ids"":[""6302320"",""6322832"",""4904990"",""6211689"",""6129525"",""6302314"",""5832607"",""5832605"",""5832604"",""5759024"",""5832603"",""6137040"",""6018090"",""4493057"",""5832608""]}","9cc123b6bcdc0377479a3cb964d9e352489b7a56fac9b81873138a1d750a33a3","id","106005005","키즈 > 아우터 > 기타 아우터","null","false","true"
"musinsa","106006","106","바지","키즈 > 바지","키즈 > 바지","1","KIDS","false","unknown","https://www.musinsa.com/category/106006/goods?gf=A","official_category_next_page","2026-08-03T02:01:21.580Z","{""root_probe_range"":""000-199"",""rendered_child_count"":9,""product_count"":8849,""sample_product_ids"":[""4664552"",""4020480"",""4683554"",""3727898"",""6061802"",""6061800"",""6350195"",""4177687"",""5812738"",""6422812"",""6708307"",""6744362"",""5162990"",""6710958"",""6444536""]}","5e2fe2cd74ffa2a73ff34d6abe65a291e42ed6cc2f2857a2f0efb3675ce89318","id","106006","키즈 > 바지","null","false","true"
"musinsa","106006001","106006","코튼 팬츠","키즈 > 바지 > 코튼 팬츠","키즈 > 바지 > 코튼 팬츠","2","KIDS","true","unknown","https://www.musinsa.com/category/106006001/goods?gf=A","official_category_next_page","2026-08-03T02:01:21.580Z","{""root_probe_range"":""000-199"",""rendered_child_count"":0,""product_count"":1579,""sample_product_ids"":[""6366682"",""6253993"",""4967277"",""6439365"",""3884526"",""6302262"",""4020330"",""5858078"",""6302252"",""6139277"",""6185503"",""6168948"",""6770829"",""5858090"",""5350463""]}","b9ccab8e365a1efa2b265d556b249dab55086dc83d0570a9792fc009317b7b92","id","106006001","키즈 > 바지 > 코튼 팬츠","null","false","true"
"musinsa","106006002","106006","데님 팬츠","키즈 > 바지 > 데님 팬츠","키즈 > 바지 > 데님 팬츠","2","KIDS","true","unknown","https://www.musinsa.com/category/106006002/goods?gf=A","official_category_next_page","2026-08-03T02:01:21.580Z","{""root_probe_range"":""000-199"",""rendered_child_count"":0,""product_count"":898,""sample_product_ids"":[""4664552"",""6604577"",""6498761"",""6709661"",""5896742"",""6252992"",""5570685"",""6636295"",""6752920"",""6498757"",""6498765"",""4989797"",""6533802"",""6453525"",""5052382""]}","b3d8694c1b6805af65a0052b054fed291fce33bbdd126d00f932c3341d864d7b","id","106006002","키즈 > 바지 > 데님 팬츠","null","false","true"
"musinsa","106006003","106006","숏 팬츠","키즈 > 바지 > 숏 팬츠","키즈 > 바지 > 숏 팬츠","2","KIDS","true","unknown","https://www.musinsa.com/category/106006003/goods?gf=A","official_category_next_page","2026-08-03T02:01:21.580Z","{""root_probe_range"":""000-199"",""rendered_child_count"":0,""product_count"":2706,""sample_product_ids"":[""4020480"",""4683554"",""3727898"",""6061802"",""6061800"",""4177687"",""5812738"",""6744362"",""5162990"",""4037585"",""2978565"",""3394094"",""6425923"",""4989261"",""6137054""]}","6ea900b46250471ed2ef10dff6a69512b7c7ab1db29d0776840234ac1f9f63ef","id","106006003","키즈 > 바지 > 숏 팬츠","null","false","true"
"musinsa","106006004","106006","레깅스","키즈 > 바지 > 레깅스","키즈 > 바지 > 레깅스","2","KIDS","true","unknown","https://www.musinsa.com/category/106006004/goods?gf=A","official_category_next_page","2026-08-03T02:01:21.580Z","{""root_probe_range"":""000-199"",""rendered_child_count"":0,""product_count"":567,""sample_product_ids"":[""6444536"",""6444380"",""6444383"",""6444431"",""6654827"",""6444379"",""5842044"",""6440299"",""6319730"",""6044868"",""6444377"",""6440298"",""6786023"",""6444381"",""6679117""]}","16595188c64e069b8a4c00a097c4a9cd53590e1ab7a5f61cc1262389160004f0","id","106006004","키즈 > 바지 > 레깅스","null","false","true"
"musinsa","106006005","106006","치마바지","키즈 > 바지 > 치마바지","키즈 > 바지 > 치마바지","2","KIDS","true","unknown","https://www.musinsa.com/category/106006005/goods?gf=A","official_category_next_page","2026-08-03T02:01:21.580Z","{""root_probe_range"":""000-199"",""rendered_child_count"":0,""product_count"":53,""sample_product_ids"":[""6364447"",""6786614"",""6364748"",""5982291"",""6785977"",""6786615"",""6646355"",""6068563"",""5055311"",""4226849"",""6646354"",""6646356"",""6364918"",""6253928"",""5905485""]}","903b0da6ab3e3ac40191013be3bd674d1b394907ad7f761099a9452c9941ce25","id","106006005","키즈 > 바지 > 치마바지","null","false","true"
"musinsa","106006006","106006","점프슈트/오버올","키즈 > 바지 > 점프슈트/오버올","키즈 > 바지 > 점프슈트/오버올","2","KIDS","true","unknown","https://www.musinsa.com/category/106006006/goods?gf=A","official_category_next_page","2026-08-03T02:01:21.580Z","{""root_probe_range"":""000-199"",""rendered_child_count"":0,""product_count"":191,""sample_product_ids"":[""6790678"",""3045490"",""4773204"",""6229962"",""4759735"",""6068557"",""4773103"",""6229960"",""6035847"",""5774174"",""5602499"",""4759749"",""4215421"",""5052573"",""5165644""]}","107264d12f8f3d60ee7771d3d552aac257a2539af028725ad94f086897d79174","id","106006006","키즈 > 바지 > 점프슈트/오버올","null","false","true"
"musinsa","106006007","106006","트레이닝 팬츠","키즈 > 바지 > 트레이닝 팬츠","키즈 > 바지 > 트레이닝 팬츠","2","KIDS","true","unknown","https://www.musinsa.com/category/106006007/goods?gf=A","official_category_next_page","2026-08-03T02:01:21.580Z","{""root_probe_range"":""000-199"",""rendered_child_count"":0,""product_count"":1091,""sample_product_ids"":[""6350195"",""6710958"",""6632689"",""3034261"",""6112248"",""4763466"",""6028646"",""4226806"",""4750751"",""5052364"",""3229186"",""5949536"",""6938837"",""4567698"",""4159513""]}","6a24e15e0e8fe2e9b4517f9f3422abc7e1ee0e47290d868936397ec134aada1a","id","106006007","키즈 > 바지 > 트레이닝 팬츠","null","false","true"
"musinsa","106006008","106006","조거 팬츠","키즈 > 바지 > 조거 팬츠","키즈 > 바지 > 조거 팬츠","2","KIDS","true","unknown","https://www.musinsa.com/category/106006008/goods?gf=A","official_category_next_page","2026-08-03T02:01:21.580Z","{""root_probe_range"":""000-199"",""rendered_child_count"":0,""product_count"":1082,""sample_product_ids"":[""6708307"",""4967309"",""6068567"",""6437202"",""6697747"",""6443970"",""6437200"",""6234806"",""6443971"",""6841368"",""6834984"",""6552889"",""6068565"",""4490161"",""4626430""]}","0b316cceab8c4978a2086d8732a80f88929f9d125cfe9185f3a3ec960bedff73","id","106006008","키즈 > 바지 > 조거 팬츠","null","false","true"
"musinsa","106006009","106006","기타 바지","키즈 > 바지 > 기타 바지","키즈 > 바지 > 기타 바지","2","KIDS","true","unknown","https://www.musinsa.com/category/106006009/goods?gf=A","official_category_next_page","2026-08-03T02:01:21.580Z","{""root_probe_range"":""000-199"",""rendered_child_count"":0,""product_count"":682,""sample_product_ids"":[""6422812"",""6751258"",""5987681"",""6128030"",""4664091"",""5560487"",""4229508"",""6519160"",""5768141"",""5427349"",""6806939"",""5990389"",""6118516"",""5369252"",""6308165""]}","bdefc2b9a3c20ffd121623bfbab90b3dd5ae46c6b794127c31bd6af2546f39dd","id","106006009","키즈 > 바지 > 기타 바지","null","false","true"
"musinsa","106007","106","원피스/스커트","키즈 > 원피스/스커트","키즈 > 원피스/스커트","1","KIDS","false","unknown","https://www.musinsa.com/category/106007/goods?gf=A","official_category_next_page","2026-08-03T02:01:21.580Z","{""root_probe_range"":""000-199"",""rendered_child_count"":2,""product_count"":2687,""sample_product_ids"":[""5912275"",""4664081"",""6317627"",""6860879"",""6777875"",""6903663"",""6841376"",""6751367"",""6426537"",""4791490"",""6270701"",""6469828"",""6293178"",""6815530"",""6650206""]}","8eb79af1a0f808e206650f18a1aa05c03b9532f54995d8107db62126287e08fa","id","106007","키즈 > 원피스/스커트","null","false","true"
"musinsa","106007001","106007","원피스","키즈 > 원피스/스커트 > 원피스","키즈 > 원피스/스커트 > 원피스","2","KIDS","true","unknown","https://www.musinsa.com/category/106007001/goods?gf=A","official_category_next_page","2026-08-03T02:01:21.580Z","{""root_probe_range"":""000-199"",""rendered_child_count"":0,""product_count"":2037,""sample_product_ids"":[""5912275"",""4664081"",""6317627"",""6860879"",""6777875"",""6903663"",""6751367"",""6426537"",""4791490"",""6270701"",""6469828"",""6293178"",""6815530"",""6650206"",""6670176""]}","48b3f6dad75f922961197fe96359b9381e10510683ee754fce7c6b658ecb0126","id","106007001","키즈 > 원피스/스커트 > 원피스","null","false","true"
"musinsa","106007002","106007","스커트","키즈 > 원피스/스커트 > 스커트","키즈 > 원피스/스커트 > 스커트","2","KIDS","true","unknown","https://www.musinsa.com/category/106007002/goods?gf=A","official_category_next_page","2026-08-03T02:01:21.580Z","{""root_probe_range"":""000-199"",""rendered_child_count"":0,""product_count"":650,""sample_product_ids"":[""6841376"",""5987462"",""6815491"",""3827503"",""4664075"",""4036799"",""6444560"",""6028696"",""4340645"",""6263098"",""5093294"",""6162965"",""5015782"",""4762586"",""5852326""]}","fd6cf47c0339e6aa5e003c08a0921a69a814721eb762720526aab42928e715d2","id","106007002","키즈 > 원피스/스커트 > 스커트","null","false","true"
"musinsa","106008","106","세트 의류","키즈 > 세트 의류","키즈 > 세트 의류","1","KIDS","false","unknown","https://www.musinsa.com/category/106008/goods?gf=A","official_category_next_page","2026-08-03T02:01:21.580Z","{""root_probe_range"":""000-199"",""rendered_child_count"":3,""product_count"":4533,""sample_product_ids"":[""6284532"",""6212681"",""6261159"",""6175064"",""6291843"",""6676722"",""6259743"",""6251441"",""6353599"",""6564054"",""6347895"",""6392253"",""4014955"",""6652540"",""6167197""]}","cb0f03609942d4a0de7a3831e8a42bb716e4048f7b774dcb7b687edb3acf9939","id","106008","키즈 > 세트 의류","null","false","true"
"musinsa","106008001","106008","상하복 세트","키즈 > 세트 의류 > 상하복 세트","키즈 > 세트 의류 > 상하복 세트","2","KIDS","true","unknown","https://www.musinsa.com/category/106008001/goods?gf=A","official_category_next_page","2026-08-03T02:01:21.580Z","{""root_probe_range"":""000-199"",""rendered_child_count"":0,""product_count"":4373,""sample_product_ids"":[""6284532"",""6212681"",""6261159"",""6175064"",""6291843"",""6676722"",""6259743"",""6251441"",""6353599"",""6564054"",""6347895"",""6392253"",""4014955"",""6652540"",""6167197""]}","df735d8c40f96e57b90112844fb73f10b0cfbd78d01e4f73116f06775b81a5c9","id","106008001","키즈 > 세트 의류 > 상하복 세트","null","false","true"
"musinsa","106008002","106008","정장 세트","키즈 > 세트 의류 > 정장 세트","키즈 > 세트 의류 > 정장 세트","2","KIDS","true","unknown","https://www.musinsa.com/category/106008002/goods?gf=A","official_category_next_page","2026-08-03T02:01:21.580Z","{""root_probe_range"":""000-199"",""rendered_child_count"":0,""product_count"":1,""sample_product_ids"":[""6390022""]}","3a5f91f15d1ce08a90c6fd82aa49d6dd9c34a223a5f5854d1b620088cab0e916","id","106008002","키즈 > 세트 의류 > 정장 세트","null","false","true"
"musinsa","106008003","106008","트레이닝복","키즈 > 세트 의류 > 트레이닝복","키즈 > 세트 의류 > 트레이닝복","2","KIDS","true","unknown","https://www.musinsa.com/category/106008003/goods?gf=A","official_category_next_page","2026-08-03T02:01:21.580Z","{""root_probe_range"":""000-199"",""rendered_child_count"":0,""product_count"":159,""sample_product_ids"":[""6153472"",""5951690"",""6153471"",""5951693"",""6153474"",""6154512"",""5951692"",""6154505"",""5951686"",""5845155"",""4884697"",""4965056"",""4883885"",""5355503"",""6032676""]}","75502bf68eb7395784454edc5862f781c03b3c390438c0684b800c764ab73a24","id","106008003","키즈 > 세트 의류 > 트레이닝복","null","false","true"
"musinsa","106009","106","12개월 이하","키즈 > 12개월 이하","키즈 > 12개월 이하","1","KIDS","false","unknown","https://www.musinsa.com/category/106009/goods?gf=A","official_category_next_page","2026-08-03T02:01:21.580Z","{""root_probe_range"":""000-199"",""rendered_child_count"":2,""product_count"":1728,""sample_product_ids"":[""6806984"",""6852341"",""6444145"",""6327902"",""6127512"",""5030177"",""6798254"",""6181454"",""6356837"",""6595722"",""6799653"",""6220984"",""6834226"",""6799436"",""6799596""]}","f6d4290bc98aa56eb1ae392d0f9be5d664e60a27f41abbe5fe1a107a47700798","id","106009","키즈 > 12개월 이하","null","false","true"
"musinsa","106009001","106009","우주복","키즈 > 12개월 이하 > 우주복","키즈 > 12개월 이하 > 우주복","2","KIDS","true","unknown","https://www.musinsa.com/category/106009001/goods?gf=A","official_category_next_page","2026-08-03T02:01:21.580Z","{""root_probe_range"":""000-199"",""rendered_child_count"":0,""product_count"":1406,""sample_product_ids"":[""6806984"",""6852341"",""6444145"",""6327902"",""6127512"",""5030177"",""6798254"",""6181454"",""6356837"",""6595722"",""6220984"",""6834226"",""5773386"",""5227898"",""5205519""]}","aa363f5db6d2669bb2ee93e387097e7796f540cf85affbbbd7ca6ae78e76e952","id","106009001","키즈 > 12개월 이하 > 우주복","null","false","true"
"musinsa","106009002","106009","기타","키즈 > 12개월 이하 > 기타","키즈 > 12개월 이하 > 기타","2","KIDS","true","unknown","https://www.musinsa.com/category/106009002/goods?gf=A","official_category_next_page","2026-08-03T02:01:21.580Z","{""root_probe_range"":""000-199"",""rendered_child_count"":0,""product_count"":322,""sample_product_ids"":[""6799653"",""6799436"",""6799596"",""6770314"",""6813657"",""6401594"",""6813646"",""4731748"",""5818342"",""5800756"",""5818331"",""4731751"",""5863061"",""6889167"",""5800733""]}","bc000d3abc68515dfbadbf38a4419b0121697bcb8166820571870d009bc7a27f","id","106009002","키즈 > 12개월 이하 > 기타","null","false","true"
"musinsa","106010","106","시즌/테마","키즈 > 시즌/테마","키즈 > 시즌/테마","1","KIDS","false","unknown","https://www.musinsa.com/category/106010/goods?gf=A","official_category_next_page","2026-08-03T02:01:21.580Z","{""root_probe_range"":""000-199"",""rendered_child_count"":3,""product_count"":2875,""sample_product_ids"":[""6434366"",""5078956"",""6086110"",""5098232"",""4171194"",""3285246"",""3903440"",""6251735"",""4229526"",""5053810"",""4148133"",""2674153"",""4882042"",""5078958"",""6423916""]}","2a156be3390d1ddecb7c135ee9ec8f7ed9fe7a963414cd2370b7d3507a605db1","id","106010","키즈 > 시즌/테마","null","false","true"
"musinsa","106010001","106010","수영복/래시가드","키즈 > 시즌/테마 > 수영복/래시가드","키즈 > 시즌/테마 > 수영복/래시가드","2","KIDS","true","unknown","https://www.musinsa.com/category/106010001/goods?gf=A","official_category_next_page","2026-08-03T02:01:21.580Z","{""root_probe_range"":""000-199"",""rendered_child_count"":0,""product_count"":2648,""sample_product_ids"":[""6434366"",""5078956"",""6086110"",""5098232"",""4171194"",""3285246"",""3903440"",""6251735"",""4229526"",""5053810"",""4148133"",""2674153"",""4882042"",""5078958"",""6423916""]}","bc8bbcdd77c8af8dbe0b5cdb63c39b310cbfeb4b56456567418361715a254079","id","106010001","키즈 > 시즌/테마 > 수영복/래시가드","null","false","true"
"musinsa","106010002","106010","스키복","키즈 > 시즌/테마 > 스키복","키즈 > 시즌/테마 > 스키복","2","KIDS","true","unknown","https://www.musinsa.com/category/106010002/goods?gf=A","official_category_next_page","2026-08-03T02:01:21.580Z","{""root_probe_range"":""000-199"",""rendered_child_count"":0,""product_count"":46,""sample_product_ids"":[""4652756"",""4652754"",""4652752"",""4651745"",""4564014"",""3734491"",""4557788"",""4424035"",""4499199"",""4499184"",""2865288"",""2865283"",""2865255"",""4462017"",""4461931""]}","57757fe9e9a1c195f1a2b1fcdbf9f8f9a1a781146ca2a66c549cd4544ddab6a9","id","106010002","키즈 > 시즌/테마 > 스키복","null","false","true"
"musinsa","106010003","106010","우의/우산","키즈 > 시즌/테마 > 우의/우산","키즈 > 시즌/테마 > 우의/우산","2","KIDS","true","unknown","https://www.musinsa.com/category/106010003/goods?gf=A","official_category_next_page","2026-08-03T02:01:21.580Z","{""root_probe_range"":""000-199"",""rendered_child_count"":0,""product_count"":181,""sample_product_ids"":[""6745277"",""5120973"",""5136041"",""6884979"",""6755758"",""4239249"",""6458094"",""6813567"",""5136071"",""6336519"",""5033481"",""4111189"",""5136054"",""6813560"",""6813571""]}","f06b937d88f89e27eab058da4cc3b5d1d249394e321c72eb20ebdd88dd3958a3","id","106010003","키즈 > 시즌/테마 > 우의/우산","null","false","true"
"musinsa","106011","106","속옷/홈웨어","키즈 > 속옷/홈웨어","키즈 > 속옷/홈웨어","1","KIDS","false","unknown","https://www.musinsa.com/category/106011/goods?gf=A","official_category_next_page","2026-08-03T02:01:21.580Z","{""root_probe_range"":""000-199"",""rendered_child_count"":2,""product_count"":3834,""sample_product_ids"":[""6389882"",""6643237"",""6780511"",""5104113"",""3771737"",""6444610"",""5276350"",""6137204"",""6643238"",""6503615"",""4911545"",""4911319"",""6247841"",""6336340"",""5884530""]}","38c0f490a7bf51311fd8f1e1dc721cc59048bd78519abce626fa2bd39f621fd5","id","106011","키즈 > 속옷/홈웨어","null","false","true"
"musinsa","106011001","106011","속옷","키즈 > 속옷/홈웨어 > 속옷","키즈 > 속옷/홈웨어 > 속옷","2","KIDS","true","unknown","https://www.musinsa.com/category/106011001/goods?gf=A","official_category_next_page","2026-08-03T02:01:21.580Z","{""root_probe_range"":""000-199"",""rendered_child_count"":0,""product_count"":464,""sample_product_ids"":[""3771737"",""6137204"",""6503615"",""4911545"",""4911319"",""5884530"",""6137205"",""5788299"",""4911040"",""6405449"",""5788300"",""5886664"",""6503612"",""3769489"",""3769488""]}","bfed1675b12659e510c843417bc6c2ab60dcf5b2080e62d3606aa32bca8d4bdb","id","106011001","키즈 > 속옷/홈웨어 > 속옷","null","false","true"
"musinsa","106011002","106011","홈웨어","키즈 > 속옷/홈웨어 > 홈웨어","키즈 > 속옷/홈웨어 > 홈웨어","2","KIDS","true","unknown","https://www.musinsa.com/category/106011002/goods?gf=A","official_category_next_page","2026-08-03T02:01:21.580Z","{""root_probe_range"":""000-199"",""rendered_child_count"":0,""product_count"":3370,""sample_product_ids"":[""6389882"",""6643237"",""6780511"",""5104113"",""6444610"",""5276350"",""6643238"",""6247841"",""6336340"",""6389487"",""6406680"",""6655618"",""6389834"",""6073809"",""6406678""]}","d5869e64c8305b425695e880fb1f9052089521384ab0e4ad00960502246290a2","id","106011002","키즈 > 속옷/홈웨어 > 홈웨어","null","false","true"
"musinsa","106012","106","신발","키즈 > 신발","키즈 > 신발","1","KIDS","false","unknown","https://www.musinsa.com/category/106012/goods?gf=A","official_category_next_page","2026-08-03T02:01:21.580Z","{""root_probe_range"":""000-199"",""rendered_child_count"":8,""product_count"":4219,""sample_product_ids"":[""6241180"",""5012720"",""6426125"",""6198581"",""6479982"",""5982737"",""6198582"",""5059376"",""6426129"",""3989015"",""5803876"",""4086180"",""3220889"",""5325951"",""5162503""]}","6efe7bdff6ab9c25b4e34dc05beaeff7ba4211c10a242f5bd0a0b3181ae4ecc8","id","106012","키즈 > 신발","null","false","true"
"musinsa","106012001","106012","구두","키즈 > 신발 > 구두","키즈 > 신발 > 구두","2","KIDS","true","unknown","https://www.musinsa.com/category/106012001/goods?gf=A","official_category_next_page","2026-08-03T02:01:21.580Z","{""root_probe_range"":""000-199"",""rendered_child_count"":0,""product_count"":367,""sample_product_ids"":[""4990845"",""5012344"",""5016183"",""4673558"",""5011738"",""4999697"",""5015148"",""5364824"",""4999416"",""5005561"",""5012753"",""4993845"",""5011831"",""5011772"",""5587952""]}","9d21f5438229e8e443262455cb48bae0e0061e51e26db9f9f5b9c0faa0abd23d","id","106012001","키즈 > 신발 > 구두","null","false","true"
"musinsa","106012002","106012","부츠","키즈 > 신발 > 부츠","키즈 > 신발 > 부츠","2","KIDS","true","unknown","https://www.musinsa.com/category/106012002/goods?gf=A","official_category_next_page","2026-08-03T02:01:21.580Z","{""root_probe_range"":""000-199"",""rendered_child_count"":0,""product_count"":261,""sample_product_ids"":[""4955016"",""4564405"",""4955035"",""4550365"",""4551332"",""4516742"",""4564500"",""4599593"",""4551339"",""4554938"",""5582993"",""5583009"",""4282247"",""5603932"",""4555100""]}","d0d231dcf028e0037b6ca1fa42f8e274675e1cc92d7aec093c97634bb341e123","id","106012002","키즈 > 신발 > 부츠","null","false","true"
"musinsa","106012003","106012","샌들/슬리퍼","키즈 > 신발 > 샌들/슬리퍼","키즈 > 신발 > 샌들/슬리퍼","2","KIDS","true","unknown","https://www.musinsa.com/category/106012003/goods?gf=A","official_category_next_page","2026-08-03T02:01:21.580Z","{""root_probe_range"":""000-199"",""rendered_child_count"":0,""product_count"":884,""sample_product_ids"":[""5012720"",""3220889"",""5162503"",""6017711"",""5998186"",""5892550"",""4250744"",""3780347"",""6277401"",""5892556"",""6847286"",""5983339"",""6283629"",""4989844"",""6277383""]}","e8c844354453a595cc5688e8b78e1770425b275f3347e9957b88670f43041451","id","106012003","키즈 > 신발 > 샌들/슬리퍼","null","false","true"
"musinsa","106012004","106012","실내화","키즈 > 신발 > 실내화","키즈 > 신발 > 실내화","2","KIDS","true","unknown","https://www.musinsa.com/category/106012004/goods?gf=A","official_category_next_page","2026-08-03T02:01:21.580Z","{""root_probe_range"":""000-199"",""rendered_child_count"":0,""product_count"":220,""sample_product_ids"":[""5516292"",""5805540"",""5664801"",""5955748"",""5805532"",""5956460"",""4786632"",""3238810"",""5956458"",""3029859"",""3028467"",""5955733"",""3426362"",""5955978"",""2829173""]}","c4205a77474cbf73a1bce9a4fa9f3860eca4700bcc07c42a07eef3c12253af7e","id","106012004","키즈 > 신발 > 실내화","null","false","true"
"musinsa","106012005","106012","아쿠아슈즈","키즈 > 신발 > 아쿠아슈즈","키즈 > 신발 > 아쿠아슈즈","2","KIDS","true","unknown","https://www.musinsa.com/category/106012005/goods?gf=A","official_category_next_page","2026-08-03T02:01:21.580Z","{""root_probe_range"":""000-199"",""rendered_child_count"":0,""product_count"":246,""sample_product_ids"":[""5059376"",""4005633"",""5052745"",""5129823"",""6662894"",""4086132"",""6802300"",""6635547"",""6709575"",""4086176"",""6263366"",""2564916"",""3390195"",""6499601"",""6624118""]}","bea854dac82e5e8990c0dcab78a196f20fa7cfc5c6580152ba659fa7093b5f61","id","106012005","키즈 > 신발 > 아쿠아슈즈","null","false","true"
"musinsa","106012006","106012","레인 부츠","키즈 > 신발 > 레인 부츠","키즈 > 신발 > 레인 부츠","2","KIDS","true","unknown","https://www.musinsa.com/category/106012006/goods?gf=A","official_category_next_page","2026-08-03T02:01:21.580Z","{""root_probe_range"":""000-199"",""rendered_child_count"":0,""product_count"":192,""sample_product_ids"":[""6426125"",""6198581"",""6198582"",""6426129"",""3989015"",""4086180"",""6198585"",""3127999"",""4941256"",""6426120"",""5103403"",""6249722"",""6253370"",""6115595"",""6499559""]}","5264340f6f5a6d28aec34f167a51a05a7d0e6d34211d7763ec27fcf1747040de","id","106012006","키즈 > 신발 > 레인 부츠","null","false","true"
"musinsa","106012007","106012","운동화","키즈 > 신발 > 운동화","키즈 > 신발 > 운동화","2","KIDS","true","unknown","https://www.musinsa.com/category/106012007/goods?gf=A","official_category_next_page","2026-08-03T02:01:21.580Z","{""root_probe_range"":""000-199"",""rendered_child_count"":0,""product_count"":1812,""sample_product_ids"":[""6241180"",""6479982"",""5982737"",""5803876"",""5325951"",""6479980"",""6017817"",""6479981"",""6355166"",""6479979"",""5204071"",""6798736"",""6515756"",""6802112"",""6283673""]}","b684a5cdbad0a8c45346acf47fa9dc33057d9901ee2bdc7a2e1607f7718d232b","id","106012007","키즈 > 신발 > 운동화","null","false","true"
"musinsa","106012008","106012","기타 신발","키즈 > 신발 > 기타 신발","키즈 > 신발 > 기타 신발","2","KIDS","true","unknown","https://www.musinsa.com/category/106012008/goods?gf=A","official_category_next_page","2026-08-03T02:01:21.580Z","{""root_probe_range"":""000-199"",""rendered_child_count"":0,""product_count"":237,""sample_product_ids"":[""6297915"",""6012372"",""6297919"",""6012367"",""4756857"",""4756863"",""4756856"",""6012379"",""6660518"",""6023063"",""6116481"",""6088135"",""5120966"",""3251637"",""3251639""]}","6ca85df4eb8943311e03e89bdee8ef5357d410739a924a8a830128ebfa53b2cf","id","106012008","키즈 > 신발 > 기타 신발","null","false","true"
"musinsa","106013","106","가방/지갑","키즈 > 가방/지갑","키즈 > 가방/지갑","1","KIDS","false","unknown","https://www.musinsa.com/category/106013/goods?gf=A","official_category_next_page","2026-08-03T02:01:21.580Z","{""root_probe_range"":""000-199"",""rendered_child_count"":4,""product_count"":1753,""sample_product_ids"":[""3988474"",""6840385"",""5932970"",""4882213"",""3351745"",""4882202"",""5404689"",""5941583"",""6350152"",""6884541"",""5714348"",""5282699"",""6141854"",""4615146"",""3995893""]}","83f53a1f69d6a5fe5bfead75987f58606b6396783ee70e8f900e24e5950e1bf9","id","106013","키즈 > 가방/지갑","null","false","true"
"musinsa","106013001","106013","백팩","키즈 > 가방/지갑 > 백팩","키즈 > 가방/지갑 > 백팩","2","KIDS","true","unknown","https://www.musinsa.com/category/106013001/goods?gf=A","official_category_next_page","2026-08-03T02:01:21.580Z","{""root_probe_range"":""000-199"",""rendered_child_count"":0,""product_count"":809,""sample_product_ids"":[""3988474"",""5932970"",""4882213"",""4882202"",""5941583"",""6350152"",""6884541"",""5714348"",""6141854"",""4615146"",""5871791"",""6753084"",""6490183"",""4680252"",""5855212""]}","c13a5039fbd3a2ae51a0b832dd577ee857db8b1d7b19c63bc9b5ee82d296dde3","id","106013001","키즈 > 가방/지갑 > 백팩","null","false","true"
"musinsa","106013002","106013","크로스 백","키즈 > 가방/지갑 > 크로스 백","키즈 > 가방/지갑 > 크로스 백","2","KIDS","true","unknown","https://www.musinsa.com/category/106013002/goods?gf=A","official_category_next_page","2026-08-03T02:01:21.580Z","{""root_probe_range"":""000-199"",""rendered_child_count"":0,""product_count"":691,""sample_product_ids"":[""6840385"",""3351745"",""5404689"",""5282699"",""3995893"",""6840469"",""6848174"",""5195046"",""5757303"",""4904368"",""5369142"",""5909496"",""5886048"",""6143616"",""2366284""]}","4b66adeb9f12481d1fa1a7dc566338feb749ca4158e5ece8c598e4ccac8f6928","id","106013002","키즈 > 가방/지갑 > 크로스 백","null","false","true"
"musinsa","106013003","106013","기타 가방","키즈 > 가방/지갑 > 기타 가방","키즈 > 가방/지갑 > 기타 가방","2","KIDS","true","unknown","https://www.musinsa.com/category/106013003/goods?gf=A","official_category_next_page","2026-08-03T02:01:21.580Z","{""root_probe_range"":""000-199"",""rendered_child_count"":0,""product_count"":212,""sample_product_ids"":[""3810606"",""4056132"",""6045789"",""4056147"",""5150012"",""4862152"",""6265295"",""5065747"",""4661044"",""4462491"",""6731350"",""4656213"",""6005228"",""5192404"",""2476084""]}","5021f523cc83d126fc90e594000b79969ae73dd75524f6b13a025651478d74a7","id","106013003","키즈 > 가방/지갑 > 기타 가방","null","false","true"
"musinsa","106013004","106013","지갑","키즈 > 가방/지갑 > 지갑","키즈 > 가방/지갑 > 지갑","2","KIDS","true","unknown","https://www.musinsa.com/category/106013004/goods?gf=A","official_category_next_page","2026-08-03T02:01:21.580Z","{""root_probe_range"":""000-199"",""rendered_child_count"":0,""product_count"":41,""sample_product_ids"":[""6884545"",""6884563"",""6884544"",""3600334"",""6031224"",""2970504"",""4870968"",""5886134"",""6884564"",""5886126"",""6031148"",""6031158"",""5528578"",""6031211"",""6031201""]}","72c0ee6229f3f3a415a547bad748f0bb7272a7b61de16a4ee9ab0070bf1d7bf6","id","106013004","키즈 > 가방/지갑 > 지갑","null","false","true"
"musinsa","106014","106","모자","키즈 > 모자","키즈 > 모자","1","KIDS","false","unknown","https://www.musinsa.com/category/106014/goods?gf=A","official_category_next_page","2026-08-03T02:01:21.580Z","{""root_probe_range"":""000-199"",""rendered_child_count"":4,""product_count"":2231,""sample_product_ids"":[""6317655"",""4738995"",""6348311"",""4124117"",""6210299"",""6533667"",""6411792"",""6760657"",""6746938"",""5112546"",""5690644"",""3211422"",""6292073"",""6423892"",""6440311""]}","44f6d7a8555778885f51bb5e0c9c08eb5bcbffad6686f092df2e1dd5d596756a","id","106014","키즈 > 모자","null","false","true"
"musinsa","106014001","106014","캡/야구모자","키즈 > 모자 > 캡/야구모자","키즈 > 모자 > 캡/야구모자","2","KIDS","true","unknown","https://www.musinsa.com/category/106014001/goods?gf=A","official_category_next_page","2026-08-03T02:01:21.580Z","{""root_probe_range"":""000-199"",""rendered_child_count"":0,""product_count"":1018,""sample_product_ids"":[""6317655"",""4738995"",""6210299"",""6760657"",""5112546"",""3211422"",""6292073"",""6423892"",""6440311"",""6477074"",""6738603"",""4232478"",""2408196"",""4037602"",""5112557""]}","9df1365d8f2597eae0b8ee48d1db9991a037ae9fd265ec63e1e00a53b32c2335","id","106014001","키즈 > 모자 > 캡/야구모자","null","false","true"
"musinsa","106014002","106014","베레모/비니","키즈 > 모자 > 베레모/비니","키즈 > 모자 > 베레모/비니","2","KIDS","true","unknown","https://www.musinsa.com/category/106014002/goods?gf=A","official_category_next_page","2026-08-03T02:01:21.580Z","{""root_probe_range"":""000-199"",""rendered_child_count"":0,""product_count"":226,""sample_product_ids"":[""6695193"",""4421805"",""4628791"",""6695333"",""6695795"",""6695845"",""5510929"",""5822615"",""6694523"",""5650822"",""6695465"",""5663535"",""6694801"",""5621282"",""4532664""]}","aaf4d82e8873112a3438a15951d5dbe6eadf3c65a04cbb722f4d127521f7dc83","id","106014002","키즈 > 모자 > 베레모/비니","null","false","true"
"musinsa","106014003","106014","버킷/사파리햇","키즈 > 모자 > 버킷/사파리햇","키즈 > 모자 > 버킷/사파리햇","2","KIDS","true","unknown","https://www.musinsa.com/category/106014003/goods?gf=A","official_category_next_page","2026-08-03T02:01:21.580Z","{""root_probe_range"":""000-199"",""rendered_child_count"":0,""product_count"":370,""sample_product_ids"":[""6348311"",""6411792"",""6746938"",""5690644"",""6746942"",""4117646"",""6847818"",""6347713"",""2585781"",""4709104"",""4036826"",""5086171"",""4165796"",""6848248"",""5052857""]}","7ba4fb564eaaea4a966cfc50a5502c00b8bd02c492f14718a189bee526675cc7","id","106014003","키즈 > 모자 > 버킷/사파리햇","null","false","true"
"musinsa","106014004","106014","기타 모자","키즈 > 모자 > 기타 모자","키즈 > 모자 > 기타 모자","2","KIDS","true","unknown","https://www.musinsa.com/category/106014004/goods?gf=A","official_category_next_page","2026-08-03T02:01:21.580Z","{""root_probe_range"":""000-199"",""rendered_child_count"":0,""product_count"":617,""sample_product_ids"":[""4124117"",""6533667"",""2632334"",""6744478"",""1066871"",""4992665"",""4515734"",""5282779"",""5125287"",""6721881"",""6444600"",""6897053"",""6031781"",""5792923"",""4862167""]}","a00af3354e6447e9edfb4adb39fe35b6fcc04b03c4afe8c0a2f5d313efda49e4","id","106014004","키즈 > 모자 > 기타 모자","null","false","true"
"musinsa","106015","106","액세서리/소품","키즈 > 액세서리/소품","키즈 > 액세서리/소품","1","KIDS","false","unknown","https://www.musinsa.com/category/106015/goods?gf=A","official_category_next_page","2026-08-03T02:01:21.580Z","{""root_probe_range"":""000-199"",""rendered_child_count"":10,""product_count"":2182,""sample_product_ids"":[""6748418"",""6229778"",""6662177"",""4678016"",""5693145"",""3052825"",""6721672"",""6768567"",""3783909"",""4314591"",""2738090"",""6768563"",""6699537"",""5256142"",""3484832""]}","9ee488dd1ad94c421c09e15db0fa43031dbc65758743e7534e41d9476a789418","id","106015","키즈 > 액세서리/소품","null","false","true"
"musinsa","106015001","106015","양말","키즈 > 액세서리/소품 > 양말","키즈 > 액세서리/소품 > 양말","2","KIDS","true","unknown","https://www.musinsa.com/category/106015001/goods?gf=A","official_category_next_page","2026-08-03T02:01:21.580Z","{""root_probe_range"":""000-199"",""rendered_child_count"":0,""product_count"":1165,""sample_product_ids"":[""6229778"",""6662177"",""4678016"",""5693145"",""6721672"",""3783909"",""4314591"",""2738090"",""5256142"",""6721677"",""4803091"",""6841112"",""2738089"",""5791867"",""4752521""]}","17deb2b83e032b0d0a04bb41d6c46a6d7a3c400fa184ce703bf998d54b6cd3eb","id","106015001","키즈 > 액세서리/소품 > 양말","null","false","true"
"musinsa","106015002","106015","마스크","키즈 > 액세서리/소품 > 마스크","키즈 > 액세서리/소품 > 마스크","2","KIDS","true","unknown","https://www.musinsa.com/category/106015002/goods?gf=A","official_category_next_page","2026-08-03T02:01:21.580Z","{""root_probe_range"":""000-199"",""rendered_child_count"":0,""product_count"":24,""sample_product_ids"":[""4655671"",""3638076"",""2432664"",""6040142"",""6040141"",""5856555"",""5856554"",""4655672"",""5856553"",""5856550"",""2432641"",""6040068"",""5856549"",""2432645"",""2432634""]}","dc5292276afc9689d78c1cfff8831836f4ad6c6843a31e9849451c6673a46a8b","id","106015002","키즈 > 액세서리/소품 > 마스크","null","false","true"
"musinsa","106015003","106015","머플러/장갑","키즈 > 액세서리/소품 > 머플러/장갑","키즈 > 액세서리/소품 > 머플러/장갑","2","KIDS","true","unknown","https://www.musinsa.com/category/106015003/goods?gf=A","official_category_next_page","2026-08-03T02:01:21.580Z","{""root_probe_range"":""000-199"",""rendered_child_count"":0,""product_count"":232,""sample_product_ids"":[""3294937"",""6080145"",""3294938"",""5695996"",""4862173"",""4747986"",""6770028"",""4492385"",""6769960"",""4591470"",""6770165"",""3771470"",""4421782"",""4406063"",""5552779""]}","9685104151c481de5f8d267ea2cebabef26ee5ea7b8cc3e03268a91f0646c867","id","106015003","키즈 > 액세서리/소품 > 머플러/장갑","null","false","true"
"musinsa","106015004","106015","시계","키즈 > 액세서리/소품 > 시계","키즈 > 액세서리/소품 > 시계","2","KIDS","true","unknown","https://www.musinsa.com/category/106015004/goods?gf=A","official_category_next_page","2026-08-03T02:01:21.580Z","{""root_probe_range"":""000-199"",""rendered_child_count"":0,""product_count"":1,""sample_product_ids"":[""4376414""]}","6492f9f5d84a6d59c3e3e0822b698d7d79e839dd074d191e2b7c300c1d901160","id","106015004","키즈 > 액세서리/소품 > 시계","null","false","true"
"musinsa","106015005","106015","기타 액세서리","키즈 > 액세서리/소품 > 기타 액세서리","키즈 > 액세서리/소품 > 기타 액세서리","2","KIDS","true","unknown","https://www.musinsa.com/category/106015005/goods?gf=A","official_category_next_page","2026-08-03T02:01:21.580Z","{""root_probe_range"":""000-199"",""rendered_child_count"":0,""product_count"":386,""sample_product_ids"":[""6748418"",""6768567"",""6768563"",""6768565"",""6768561"",""5041279"",""3083684"",""5976785"",""6533748"",""5041276"",""3188091"",""4888649"",""6787750"",""6898848"",""6787755""]}","68f598f23b61ab9993b305fc3b1014a329208e8884c2b5a6f4a000b5fcc38721","id","106015005","키즈 > 액세서리/소품 > 기타 액세서리","null","false","true"
"musinsa","106015006","106015","팔찌","키즈 > 액세서리/소품 > 팔찌","키즈 > 액세서리/소품 > 팔찌","2","KIDS","true","unknown","https://www.musinsa.com/category/106015006/goods?gf=A","official_category_next_page","2026-08-03T02:01:21.580Z","{""root_probe_range"":""000-199"",""rendered_child_count"":0,""product_count"":21,""sample_product_ids"":[""5874397"",""5241206"",""5042639"",""5082000"",""5082007"",""5081999"",""5082006"",""5082013"",""5081239"",""5082010"",""5082022"",""5081236"",""5082024"",""5081234"",""4871724""]}","47923e756adb5084526b53a3b5b19952fd1e43c748bbff25022ad6667e025106","id","106015006","키즈 > 액세서리/소품 > 팔찌","null","false","true"
"musinsa","106015007","106015","반지","키즈 > 액세서리/소품 > 반지","키즈 > 액세서리/소품 > 반지","2","KIDS","true","unknown","https://www.musinsa.com/category/106015007/goods?gf=A","official_category_next_page","2026-08-03T02:01:21.580Z","{""root_probe_range"":""000-199"",""rendered_child_count"":0,""product_count"":2,""sample_product_ids"":[""4917929"",""5081306""]}","9e3cce14380f37325b007196007c3bab615e8ecca71f57bee7f5d5d4cf2e3475","id","106015007","키즈 > 액세서리/소품 > 반지","null","false","true"
"musinsa","106015008","106015","목걸이/팬던트","키즈 > 액세서리/소품 > 목걸이/팬던트","키즈 > 액세서리/소품 > 목걸이/팬던트","2","KIDS","true","unknown","https://www.musinsa.com/category/106015008/goods?gf=A","official_category_next_page","2026-08-03T02:01:21.580Z","{""root_probe_range"":""000-199"",""rendered_child_count"":0,""product_count"":29,""sample_product_ids"":[""5240960"",""5240937"",""5241044"",""5240974"",""6359463"",""5241024"",""5240971"",""5241514"",""5241014"",""5241005"",""5701246"",""5874386"",""6254828"",""6359446"",""6359535""]}","f19ee94d5b4935461ee3501853494ede648ddc0108ee2ec24fd6c9335e85d7c2","id","106015008","키즈 > 액세서리/소품 > 목걸이/팬던트","null","false","true"
"musinsa","106015009","106015","헤어 액세서리","키즈 > 액세서리/소품 > 헤어 액세서리","키즈 > 액세서리/소품 > 헤어 액세서리","2","KIDS","true","unknown","https://www.musinsa.com/category/106015009/goods?gf=A","official_category_next_page","2026-08-03T02:01:21.580Z","{""root_probe_range"":""000-199"",""rendered_child_count"":0,""product_count"":121,""sample_product_ids"":[""5410346"",""6153058"",""5409620"",""4315743"",""3538900"",""5409605"",""4187589"",""4030113"",""4187590"",""3865504"",""5909381"",""4187596"",""3865506"",""4187591"",""4187595""]}","ea57075c8345ff50dda94091ab7e47296d5a1cdb530e657035042a7f40d9d6dd","id","106015009","키즈 > 액세서리/소품 > 헤어 액세서리","null","false","true"
"musinsa","106015010","106015","선글라스/안경테","키즈 > 액세서리/소품 > 선글라스/안경테","키즈 > 액세서리/소품 > 선글라스/안경테","2","KIDS","true","unknown","https://www.musinsa.com/category/106015010/goods?gf=A","official_category_next_page","2026-08-03T02:01:21.580Z","{""root_probe_range"":""000-199"",""rendered_child_count"":0,""product_count"":201,""sample_product_ids"":[""3052825"",""6699537"",""3484832"",""3894237"",""2570628"",""3894203"",""3034059"",""1967017"",""3052822"",""5862917"",""2548741"",""4619351"",""5149037"",""4766920"",""5149036""]}","83c8fbd9468a4f4e628de85ecf2eda4b0bbf4b365ce3f8dc941990d576ee7620","id","106015010","키즈 > 액세서리/소품 > 선글라스/안경테","null","false","true"
"musinsa","106016","106","장난감","키즈 > 장난감","키즈 > 장난감","1","KIDS","false","unknown","https://www.musinsa.com/category/106016/goods?gf=A","official_category_next_page","2026-08-03T02:01:21.580Z","{""root_probe_range"":""000-199"",""rendered_child_count"":8,""product_count"":4370,""sample_product_ids"":[""6211266"",""5684853"",""6643414"",""5818902"",""4562112"",""3227191"",""5200400"",""5774112"",""5774096"",""5186158"",""5825615"",""5387548"",""3809304"",""3364599"",""5665248""]}","b331b962a1c3e6ce639f084f87ce22d1bf79bdebf87a18fcbe4f5bcd9a4404d8","id","106016","키즈 > 장난감","null","false","true"
"musinsa","106016001","106016","블록/퍼즐","키즈 > 장난감 > 블록/퍼즐","키즈 > 장난감 > 블록/퍼즐","2","KIDS","false","unknown","https://www.musinsa.com/category/106016001/goods?gf=A","official_category_next_page","2026-08-03T02:01:21.580Z","{""root_probe_range"":""000-199"",""rendered_child_count"":3,""product_count"":320,""sample_product_ids"":[""3423194"",""3416298"",""3416300"",""6059992"",""6051269"",""6051268"",""3416302"",""3416296"",""6059981"",""5781372"",""3417739"",""6059982"",""5781370"",""2360504"",""5605704""]}","68004382682849d7bbaef4b85d3970859360d708d4c4efb2f0083f67e82c02c8","id","106016001","키즈 > 장난감 > 블록/퍼즐","null","false","true"
"musinsa","106016001001","106016001","블록","키즈 > 장난감 > 블록/퍼즐 > 블록","키즈 > 장난감 > 블록/퍼즐 > 블록","3","KIDS","true","unknown","https://www.musinsa.com/category/106016001001/goods?gf=A","official_category_next_page","2026-08-03T02:01:21.580Z","{""root_probe_range"":""000-199"",""rendered_child_count"":0,""product_count"":180,""sample_product_ids"":[""5781372"",""5781370"",""2360504"",""5605704"",""3493227"",""5245592"",""5605709"",""4313219"",""3493206"",""6876818"",""4916383"",""5102580"",""3493222"",""6876815"",""2345901""]}","7cbdcb6712215fe2a15136f2d0579341e9ef9f2e1ff49af47c6ab5ce8bbe69e7","id","106016001001","키즈 > 장난감 > 블록/퍼즐 > 블록","null","false","true"
"musinsa","106016001002","106016001","퍼즐","키즈 > 장난감 > 블록/퍼즐 > 퍼즐","키즈 > 장난감 > 블록/퍼즐 > 퍼즐","3","KIDS","true","unknown","https://www.musinsa.com/category/106016001002/goods?gf=A","official_category_next_page","2026-08-03T02:01:21.580Z","{""root_probe_range"":""000-199"",""rendered_child_count"":0,""product_count"":121,""sample_product_ids"":[""3423194"",""3416298"",""3416300"",""3416302"",""3416296"",""3417739"",""3423106"",""3417740"",""4642076"",""3613657"",""4642075"",""2303735"",""2303729"",""4078396"",""5245527""]}","b95f7737318517e8d343ae7d9b77a3a0f700e4631188c01caed2c03bd50951f2","id","106016001002","키즈 > 장난감 > 블록/퍼즐 > 퍼즐","null","false","true"
"musinsa","106016001003","106016001","레고","키즈 > 장난감 > 블록/퍼즐 > 레고","키즈 > 장난감 > 블록/퍼즐 > 레고","3","KIDS","true","unknown","https://www.musinsa.com/category/106016001003/goods?gf=A","official_category_next_page","2026-08-03T02:01:21.580Z","{""root_probe_range"":""000-199"",""rendered_child_count"":0,""product_count"":19,""sample_product_ids"":[""6059992"",""6051269"",""6051268"",""6059981"",""6059982"",""6051265"",""6059984"",""6059994"",""6165949"",""6059989"",""6051267"",""6053765"",""6059985"",""6059987"",""6059995""]}","3bf37e8add069bb849bda6a1d81909450e54e8b29647294948f808581d5fb6ef","id","106016001003","키즈 > 장난감 > 블록/퍼즐 > 레고","null","false","true"
"musinsa","106016002","106016","작동 완구","키즈 > 장난감 > 작동 완구","키즈 > 장난감 > 작동 완구","2","KIDS","true","unknown","https://www.musinsa.com/category/106016002/goods?gf=A","official_category_next_page","2026-08-03T02:01:21.580Z","{""root_probe_range"":""000-199"",""rendered_child_count"":0,""product_count"":245,""sample_product_ids"":[""2627269"",""3393127"",""5835008"",""5788228"",""3712227"",""3712266"",""3712201"",""3493122"",""2302558"",""2627267"",""3900703"",""6876812"",""3863574"",""6876813"",""2627149""]}","4f4b4925556d9e8d75b21259806f1e177a5f5ff9ab13eece8291fd0b59886ca7","id","106016002","키즈 > 장난감 > 작동 완구","null","false","true"
"musinsa","106016003","106016","승용 완구","키즈 > 장난감 > 승용 완구","키즈 > 장난감 > 승용 완구","2","KIDS","false","unknown","https://www.musinsa.com/category/106016003/goods?gf=A","official_category_next_page","2026-08-03T02:01:21.580Z","{""root_probe_range"":""000-199"",""rendered_child_count"":2,""product_count"":80,""sample_product_ids"":[""4157761"",""2880925"",""3491917"",""3230574"",""2754966"",""3358826"",""5246835"",""2885296"",""4164366"",""3262648"",""4363841"",""6159861"",""2772853"",""4885979"",""2768802""]}","c2c01d933621cc9aad1d7e299e766a48db5bc071b57f8acc149c1895e64fec15","id","106016003","키즈 > 장난감 > 승용 완구","null","false","true"
"musinsa","106016003001","106016003","킥보드","키즈 > 장난감 > 승용 완구 > 킥보드","키즈 > 장난감 > 승용 완구 > 킥보드","3","KIDS","true","unknown","https://www.musinsa.com/category/106016003001/goods?gf=A","official_category_next_page","2026-08-03T02:01:21.580Z","{""root_probe_range"":""000-199"",""rendered_child_count"":0,""product_count"":14,""sample_product_ids"":[""3057559"",""4216510"",""3057562"",""3057565"",""3424917"",""3057544"",""3057540"",""4567952"",""3424912"",""3396862"",""3740778"",""3057568"",""3057551"",""4164140""]}","c5406765a32cd68c9690f9698f73a3aa8a9ddf645ea191ad2c0a03842438fcbf","id","106016003001","키즈 > 장난감 > 승용 완구 > 킥보드","null","false","true"
"musinsa","106016003002","106016003","기타 승용 완구","키즈 > 장난감 > 승용 완구 > 기타 승용 완구","키즈 > 장난감 > 승용 완구 > 기타 승용 완구","3","KIDS","true","unknown","https://www.musinsa.com/category/106016003002/goods?gf=A","official_category_next_page","2026-08-03T02:01:21.580Z","{""root_probe_range"":""000-199"",""rendered_child_count"":0,""product_count"":66,""sample_product_ids"":[""4157761"",""2880925"",""3491917"",""3230574"",""2754966"",""3358826"",""5246835"",""2885296"",""4164366"",""3262648"",""4363841"",""6159861"",""2772853"",""4885979"",""2768802""]}","5c3f9a00fa60ec271c4e009edfedda9dae8a2d5568fae4f2b1efd4f34f5c3a4d","id","106016003002","키즈 > 장난감 > 승용 완구 > 기타 승용 완구","null","false","true"
"musinsa","106016004","106016","인형","키즈 > 장난감 > 인형","키즈 > 장난감 > 인형","2","KIDS","true","unknown","https://www.musinsa.com/category/106016004/goods?gf=A","official_category_next_page","2026-08-03T02:01:21.580Z","{""root_probe_range"":""000-199"",""rendered_child_count"":0,""product_count"":831,""sample_product_ids"":[""6643414"",""5825615"",""3809304"",""2600301"",""3032038"",""3809300"",""2600102"",""6829578"",""4929439"",""4929462"",""2835208"",""6829579"",""3809298"",""2955510"",""5936487""]}","c46ebeeca6e215f954f19085b0e3daac4fbd81df8c19bbca09ab76c3b75dfa1f","id","106016004","키즈 > 장난감 > 인형","null","false","true"
"musinsa","106016005","106016","신생아 완구","키즈 > 장난감 > 신생아 완구","키즈 > 장난감 > 신생아 완구","2","KIDS","true","unknown","https://www.musinsa.com/category/106016005/goods?gf=A","official_category_next_page","2026-08-03T02:01:21.580Z","{""root_probe_range"":""000-199"",""rendered_child_count"":0,""product_count"":200,""sample_product_ids"":[""3317286"",""3316835"",""2615677"",""5264969"",""2615540"",""5245304"",""2608547"",""5836553"",""5363813"",""4581643"",""2608519"",""5267397"",""4265674"",""3082507"",""2608520""]}","2b9ec39b6db666ba10164e2178e19801ad5030ef0478396dde0a024ce3cce553","id","106016005","키즈 > 장난감 > 신생아 완구","null","false","true"
"musinsa","106016006","106016","교구","키즈 > 장난감 > 교구","키즈 > 장난감 > 교구","2","KIDS","true","unknown","https://www.musinsa.com/category/106016006/goods?gf=A","official_category_next_page","2026-08-03T02:01:21.580Z","{""root_probe_range"":""000-199"",""rendered_child_count"":0,""product_count"":497,""sample_product_ids"":[""5684853"",""2318324"",""2636060"",""2636049"",""5694423"",""3317299"",""2636046"",""3701564"",""3317076"",""2982691"",""3317298"",""4155295"",""3322401"",""2982685"",""2981441""]}","1f530561bc97f64388a070bd67adf58b77e85e5f5688f629ad729aa2c8bc5e10","id","106016006","키즈 > 장난감 > 교구","null","false","true"
"musinsa","106016007","106016","기타 장난감","키즈 > 장난감 > 기타 장난감","키즈 > 장난감 > 기타 장난감","2","KIDS","true","unknown","https://www.musinsa.com/category/106016007/goods?gf=A","official_category_next_page","2026-08-03T02:01:21.580Z","{""root_probe_range"":""000-199"",""rendered_child_count"":0,""product_count"":1323,""sample_product_ids"":[""6211266"",""4562112"",""5774112"",""5774096"",""5186158"",""3364599"",""5665248"",""5774121"",""6051532"",""3364506"",""6051586"",""5715586"",""3317281"",""4972872"",""3364083""]}","edb08eed2ca878f590c9043e8e294b5b09d995689775d4bd39428739065119dc","id","106016007","키즈 > 장난감 > 기타 장난감","null","false","true"
"musinsa","106016008","106016","놀이","키즈 > 장난감 > 놀이","키즈 > 장난감 > 놀이","2","KIDS","true","unknown","https://www.musinsa.com/category/106016008/goods?gf=A","official_category_next_page","2026-08-03T02:01:21.580Z","{""root_probe_range"":""000-199"",""rendered_child_count"":0,""product_count"":874,""sample_product_ids"":[""5818902"",""3227191"",""5200400"",""5387548"",""4552973"",""5234006"",""6120421"",""6841002"",""4906040"",""4798712"",""6840988"",""5339639"",""6840991"",""4660491"",""4682612""]}","f328126c114176d48e9d86503d57b631d7e224613439bf4e5c425060025b3467","id","106016008","키즈 > 장난감 > 놀이","null","false","true"
"musinsa","106017","106","교육","키즈 > 교육","키즈 > 교육","1","KIDS","false","unknown","https://www.musinsa.com/category/106017/goods?gf=A","official_category_next_page","2026-08-03T02:01:21.580Z","{""root_probe_range"":""000-199"",""rendered_child_count"":2,""product_count"":481,""sample_product_ids"":[""6884584"",""6884581"",""6884582"",""2966359"",""3152254"",""5152120"",""2942591"",""5688982"",""6043593"",""5073025"",""6138046"",""5768394"",""2995314"",""5651922"",""5688980""]}","79f242b1d3d1c8514ae48552564ba29ce6a238c119cd03fa059124270b520cb0","id","106017","키즈 > 교육","null","false","true"
"musinsa","106017001","106017","문구","키즈 > 교육 > 문구","키즈 > 교육 > 문구","2","KIDS","true","unknown","https://www.musinsa.com/category/106017001/goods?gf=A","official_category_next_page","2026-08-03T02:01:21.580Z","{""root_probe_range"":""000-199"",""rendered_child_count"":0,""product_count"":59,""sample_product_ids"":[""6884584"",""6884581"",""6884582"",""6043593"",""6043598"",""6043628"",""6043638"",""6043609"",""6043606"",""6043601"",""5881419"",""6043641"",""6043613"",""3866736"",""6043634""]}","892160503ee6caf6c4da5f5441fb75c8d9fc24c6ff3a9d9634d49039765a5f11","id","106017001","키즈 > 교육 > 문구","null","false","true"
"musinsa","106017002","106017","도서/CD","키즈 > 교육 > 도서/CD","키즈 > 교육 > 도서/CD","2","KIDS","false","unknown","https://www.musinsa.com/category/106017002/goods?gf=A","official_category_next_page","2026-08-03T02:01:21.580Z","{""root_probe_range"":""000-199"",""rendered_child_count"":2,""product_count"":422,""sample_product_ids"":[""2966359"",""3152254"",""5152120"",""2942591"",""5688982"",""5073025"",""6138046"",""5768394"",""2995314"",""5651922"",""5688980"",""3665287"",""4948306"",""3703940"",""5923677""]}","10819cbefabb8b5102502437589875d7b46763c9e55c4a554cf82af38babc7a9","id","106017002","키즈 > 교육 > 도서/CD","null","false","true"
"musinsa","106017002001","106017002","전집/세트","키즈 > 교육 > 도서/CD > 전집/세트","키즈 > 교육 > 도서/CD > 전집/세트","3","KIDS","true","unknown","https://www.musinsa.com/category/106017002001/goods?gf=A","official_category_next_page","2026-08-03T02:01:21.580Z","{""root_probe_range"":""000-199"",""rendered_child_count"":0,""product_count"":172,""sample_product_ids"":[""2966359"",""3152254"",""5152120"",""2942591"",""5688982"",""5073025"",""6138046"",""5768394"",""2995314"",""5651922"",""5688980"",""4948306"",""3703940"",""5923677"",""3704031""]}","e9b5f1fecdbfa8d449ea752db10c4119a38634bd7c6f0caa0be27ceb876376cc","id","106017002001","키즈 > 교육 > 도서/CD > 전집/세트","null","false","true"
"musinsa","106017002003","106017002","기타 도서/CD","키즈 > 교육 > 도서/CD > 기타 도서/CD","키즈 > 교육 > 도서/CD > 기타 도서/CD","3","KIDS","true","unknown","https://www.musinsa.com/category/106017002003/goods?gf=A","official_category_next_page","2026-08-03T02:01:21.580Z","{""root_probe_range"":""000-199"",""rendered_child_count"":0,""product_count"":250,""sample_product_ids"":[""3665287"",""3665288"",""3990627"",""5568386"",""3988064"",""5697053"",""4049818"",""4769114"",""5405431"",""5872522"",""3415739"",""6884741"",""3415726"",""5372661"",""4769161""]}","64db24824bd9bfe0b2a7817e158bb578c9cc37c0124b466fccfb0a40b620d070","id","106017002003","키즈 > 교육 > 도서/CD > 기타 도서/CD","null","false","true"
"musinsa","106018","106","홈인테리어/리빙","키즈 > 홈인테리어/리빙","키즈 > 홈인테리어/리빙","1","KIDS","false","unknown","https://www.musinsa.com/category/106018/goods?gf=A","official_category_next_page","2026-08-03T02:01:21.580Z","{""root_probe_range"":""000-199"",""rendered_child_count"":9,""product_count"":1980,""sample_product_ids"":[""4662002"",""4662055"",""4662005"",""5174910"",""4662007"",""3833195"",""6763911"",""3830970"",""6906377"",""6907270"",""3786876"",""4036032"",""4290565"",""4453142"",""3057954""]}","4e92739aaae70289c6abbd22794552d84ed74a153fde1d40e8466a94e642351c","id","106018","키즈 > 홈인테리어/리빙","null","false","true"
"musinsa","106018001","106018","가구/수납","키즈 > 홈인테리어/리빙 > 가구/수납","키즈 > 홈인테리어/리빙 > 가구/수납","2","KIDS","false","unknown","https://www.musinsa.com/category/106018001/goods?gf=A","official_category_next_page","2026-08-03T02:01:21.580Z","{""root_probe_range"":""000-199"",""rendered_child_count"":4,""product_count"":111,""sample_product_ids"":[""5268586"",""5246938"",""2660579"",""3093415"",""3099687"",""4359885"",""3182266"",""3099716"",""2650172"",""3756145"",""3182123"",""3306695"",""3096911"",""5427183"",""3097408""]}","7951c12d4530239f7bd2064e298c6747f8ebbea408c3ce2f67dd8402a0ed7c7f","id","106018001","키즈 > 홈인테리어/리빙 > 가구/수납","null","false","true"
"musinsa","106018001001","106018001","책상/의자/책장","키즈 > 홈인테리어/리빙 > 가구/수납 > 책상/의자/책장","키즈 > 홈인테리어/리빙 > 가구/수납 > 책상/의자/책장","3","KIDS","true","unknown","https://www.musinsa.com/category/106018001001/goods?gf=A","official_category_next_page","2026-08-03T02:01:21.580Z","{""root_probe_range"":""000-199"",""rendered_child_count"":0,""product_count"":71,""sample_product_ids"":[""5268586"",""5246938"",""2660579"",""4359885"",""3182266"",""2650172"",""3182123"",""3306695"",""5427183"",""4538457"",""4699407"",""5071842"",""3405434"",""4648095"",""3182212""]}","56977b36d555306dd9e69fee04d7de07b0a492849567c5b873bf1e99690040c0","id","106018001001","키즈 > 홈인테리어/리빙 > 가구/수납 > 책상/의자/책장","null","false","true"
"musinsa","106018001002","106018001","수납/정리","키즈 > 홈인테리어/리빙 > 가구/수납 > 수납/정리","키즈 > 홈인테리어/리빙 > 가구/수납 > 수납/정리","3","KIDS","true","unknown","https://www.musinsa.com/category/106018001002/goods?gf=A","official_category_next_page","2026-08-03T02:01:21.580Z","{""root_probe_range"":""000-199"",""rendered_child_count"":0,""product_count"":19,""sample_product_ids"":[""3756145"",""6316349"",""2676053"",""3706880"",""3756153"",""2684765"",""3706864"",""5239880"",""5865742"",""5904008"",""6316262"",""4191596"",""5863885"",""5904064"",""6685643""]}","486914a50a6661ec9e1a497b1a51dfa2b13d2ab025a8493b16cf7e91886d161d","id","106018001002","키즈 > 홈인테리어/리빙 > 가구/수납 > 수납/정리","null","false","true"
"musinsa","106018001003","106018001","침대/소파","키즈 > 홈인테리어/리빙 > 가구/수납 > 침대/소파","키즈 > 홈인테리어/리빙 > 가구/수납 > 침대/소파","3","KIDS","true","unknown","https://www.musinsa.com/category/106018001003/goods?gf=A","official_category_next_page","2026-08-03T02:01:21.580Z","{""root_probe_range"":""000-199"",""rendered_child_count"":0,""product_count"":18,""sample_product_ids"":[""3093415"",""3099687"",""3099716"",""3096911"",""3097408"",""3093702"",""3096891"",""3097374"",""3093622"",""3162305"",""3097446"",""4379023"",""2836377"",""3093614"",""3093664""]}","049c688d1deff787119aa10f01070ca074c6162272f50a8d4aa1096631f2ca24","id","106018001003","키즈 > 홈인테리어/리빙 > 가구/수납 > 침대/소파","null","false","true"
"musinsa","106018001004","106018001","기타 가구/수납","키즈 > 홈인테리어/리빙 > 가구/수납 > 기타 가구/수납","키즈 > 홈인테리어/리빙 > 가구/수납 > 기타 가구/수납","3","KIDS","true","unknown","https://www.musinsa.com/category/106018001004/goods?gf=A","official_category_next_page","2026-08-03T02:01:21.580Z","{""root_probe_range"":""000-199"",""rendered_child_count"":0,""product_count"":3,""sample_product_ids"":[""6444873"",""2323514"",""5427229""]}","83407a49ad80acde73cce420fa92d874ea2bca05bc8bef4eb5f0c8f4b3314280","id","106018001004","키즈 > 홈인테리어/리빙 > 가구/수납 > 기타 가구/수납","null","false","true"
"musinsa","106018002","106018","패브릭 용품","키즈 > 홈인테리어/리빙 > 패브릭 용품","키즈 > 홈인테리어/리빙 > 패브릭 용품","2","KIDS","false","unknown","https://www.musinsa.com/category/106018002/goods?gf=A","official_category_next_page","2026-08-03T02:01:21.580Z","{""root_probe_range"":""000-199"",""rendered_child_count"":4,""product_count"":453,""sample_product_ids"":[""6906377"",""6907270"",""4290565"",""4453142"",""3057954"",""6341519"",""5287949"",""6450776"",""3057958"",""6450869"",""5254549"",""3178917"",""3216539"",""6450853"",""3057965""]}","b6d32a32182166246c5736f3852c13b6da097f253c69cda38e62dca3b1cc1daa","id","106018002","키즈 > 홈인테리어/리빙 > 패브릭 용품","null","false","true"
"musinsa","106018002001","106018002","침구","키즈 > 홈인테리어/리빙 > 패브릭 용품 > 침구","키즈 > 홈인테리어/리빙 > 패브릭 용품 > 침구","3","KIDS","true","unknown","https://www.musinsa.com/category/106018002001/goods?gf=A","official_category_next_page","2026-08-03T02:01:21.580Z","{""root_probe_range"":""000-199"",""rendered_child_count"":0,""product_count"":193,""sample_product_ids"":[""6906377"",""6907270"",""4290565"",""4453142"",""6341519"",""5287949"",""6450776"",""6450869"",""3178917"",""3216539"",""6450853"",""4904913"",""5848985"",""6450825"",""4796326""]}","8e59a0bcb5faf12b7ab8f45260897a881c7a57e1b4b6645f9f6d4383c69ac17b","id","106018002001","키즈 > 홈인테리어/리빙 > 패브릭 용품 > 침구","null","false","true"
"musinsa","106018002002","106018002","베개/쿠션","키즈 > 홈인테리어/리빙 > 패브릭 용품 > 베개/쿠션","키즈 > 홈인테리어/리빙 > 패브릭 용품 > 베개/쿠션","3","KIDS","true","unknown","https://www.musinsa.com/category/106018002002/goods?gf=A","official_category_next_page","2026-08-03T02:01:21.580Z","{""root_probe_range"":""000-199"",""rendered_child_count"":0,""product_count"":54,""sample_product_ids"":[""6723735"",""5282773"",""3361705"",""4579154"",""4970113"",""4293114"",""3654521"",""3656935"",""5173299"",""3361923"",""5172448"",""3361769"",""3363948"",""3363967"",""3654225""]}","972137c98c2769679956651f61e992a9d23b7227b1beb70efdcf10428c071bb1","id","106018002002","키즈 > 홈인테리어/리빙 > 패브릭 용품 > 베개/쿠션","null","false","true"
"musinsa","106018002003","106018002","러그","키즈 > 홈인테리어/리빙 > 패브릭 용품 > 러그","키즈 > 홈인테리어/리빙 > 패브릭 용품 > 러그","3","KIDS","true","unknown","https://www.musinsa.com/category/106018002003/goods?gf=A","official_category_next_page","2026-08-03T02:01:21.580Z","{""root_probe_range"":""000-199"",""rendered_child_count"":0,""product_count"":11,""sample_product_ids"":[""3314409"",""3314422"",""3314400"",""3314360"",""6768371"",""5516365"",""3019707"",""3019491"",""3019511"",""3019559"",""3642309""]}","dff817c198dc74ea53ded457d25a7e71c5bae6e131765af5f94ad49b84224089","id","106018002003","키즈 > 홈인테리어/리빙 > 패브릭 용품 > 러그","null","false","true"
"musinsa","106018002004","106018002","기타 침구용품","키즈 > 홈인테리어/리빙 > 패브릭 용품 > 기타 침구용품","키즈 > 홈인테리어/리빙 > 패브릭 용품 > 기타 침구용품","3","KIDS","true","unknown","https://www.musinsa.com/category/106018002004/goods?gf=A","official_category_next_page","2026-08-03T02:01:21.580Z","{""root_probe_range"":""000-199"",""rendered_child_count"":0,""product_count"":195,""sample_product_ids"":[""3057954"",""3057958"",""5254549"",""3057965"",""5247622"",""5291697"",""5801160"",""5892967"",""3057964"",""5272685"",""5262144"",""3057960"",""4259096"",""6729571"",""4811096""]}","071293f79bd271d478770170335a3eebde355159dc2ef013df248488b79c459b","id","106018002004","키즈 > 홈인테리어/리빙 > 패브릭 용품 > 기타 침구용품","null","false","true"
"musinsa","106018003","106018","키친","키즈 > 홈인테리어/리빙 > 키친","키즈 > 홈인테리어/리빙 > 키친","2","KIDS","false","unknown","https://www.musinsa.com/category/106018003/goods?gf=A","official_category_next_page","2026-08-03T02:01:21.580Z","{""root_probe_range"":""000-199"",""rendered_child_count"":3,""product_count"":433,""sample_product_ids"":[""6763911"",""3776144"",""6347816"",""3264955"",""4271294"",""3316853"",""4381133"",""3987378"",""4381130"",""4271350"",""3987384"",""6060880"",""4277711"",""3316844"",""3428715""]}","0c6057f2881f9b7db6ccb4973cc39354458c6b2a6125d2b8238b20c11c4770a6","id","106018003","키즈 > 홈인테리어/리빙 > 키친","null","false","true"
"musinsa","106018003001","106018003","기타 키친용품","키즈 > 홈인테리어/리빙 > 키친 > 기타 키친용품","키즈 > 홈인테리어/리빙 > 키친 > 기타 키친용품","3","KIDS","true","unknown","https://www.musinsa.com/category/106018003001/goods?gf=A","official_category_next_page","2026-08-03T02:01:21.580Z","{""root_probe_range"":""000-199"",""rendered_child_count"":0,""product_count"":264,""sample_product_ids"":[""6763911"",""6347816"",""4271294"",""4381133"",""4381130"",""4271350"",""6060880"",""4277711"",""3428715"",""4473656"",""5065733"",""2687131"",""5862909"",""3653306"",""4598215""]}","e71776caa9d8a97a0e8c8c10f68352bcc8e4127e4ce543e1a2a891461690fd54","id","106018003001","키즈 > 홈인테리어/리빙 > 키친 > 기타 키친용품","null","false","true"
"musinsa","106018003002","106018003","유아식기","키즈 > 홈인테리어/리빙 > 키친 > 유아식기","키즈 > 홈인테리어/리빙 > 키친 > 유아식기","3","KIDS","true","unknown","https://www.musinsa.com/category/106018003002/goods?gf=A","official_category_next_page","2026-08-03T02:01:21.580Z","{""root_probe_range"":""000-199"",""rendered_child_count"":0,""product_count"":131,""sample_product_ids"":[""3776144"",""3264955"",""3316853"",""3987378"",""3987384"",""3316844"",""3316855"",""6389443"",""6397689"",""6400828"",""3239507"",""4272140"",""6397949"",""3076456"",""3264806""]}","19d05fdd844fdc1f70cfec71407b5488ed94e426a4e8ef8b7c5b53324bc80dbd","id","106018003002","키즈 > 홈인테리어/리빙 > 키친 > 유아식기","null","false","true"
"musinsa","106018003003","106018003","수저/포크","키즈 > 홈인테리어/리빙 > 키친 > 수저/포크","키즈 > 홈인테리어/리빙 > 키친 > 수저/포크","3","KIDS","true","unknown","https://www.musinsa.com/category/106018003003/goods?gf=A","official_category_next_page","2026-08-03T02:01:21.580Z","{""root_probe_range"":""000-199"",""rendered_child_count"":0,""product_count"":38,""sample_product_ids"":[""2875456"",""4157038"",""4157016"",""2875437"",""2873568"",""2873762"",""2873667"",""2869430"",""2873640"",""2869514"",""2875478"",""2875493"",""2875502"",""2875511"",""2871214""]}","2eac5beabac504467e03740b63359aacd4cd95fae9dc79bbba8f8dbbed441a63","id","106018003003","키즈 > 홈인테리어/리빙 > 키친 > 수저/포크","null","false","true"
"musinsa","106018004","106018","소품","키즈 > 홈인테리어/리빙 > 소품","키즈 > 홈인테리어/리빙 > 소품","2","KIDS","false","unknown","https://www.musinsa.com/category/106018004/goods?gf=A","official_category_next_page","2026-08-03T02:01:21.580Z","{""root_probe_range"":""000-199"",""rendered_child_count"":4,""product_count"":28,""sample_product_ids"":[""5949305"",""3302131"",""6729941"",""5075624"",""2327688"",""5950778"",""2320907"",""2328049"",""4239509"",""6207432"",""2531749"",""2327247"",""3775905"",""3453848"",""2640471""]}","1ffe00b53b20386bb39d54e4cec182d37537649eac073e42f8f30e072d50eb43","id","106018004","키즈 > 홈인테리어/리빙 > 소품","null","false","true"
"musinsa","106018004001","106018004","장식 소품","키즈 > 홈인테리어/리빙 > 소품 > 장식 소품","키즈 > 홈인테리어/리빙 > 소품 > 장식 소품","3","KIDS","true","unknown","https://www.musinsa.com/category/106018004001/goods?gf=A","official_category_next_page","2026-08-03T02:01:21.580Z","{""root_probe_range"":""000-199"",""rendered_child_count"":0,""product_count"":7,""sample_product_ids"":[""2327688"",""2320907"",""2328049"",""6207432"",""2327247"",""5757293"",""5757162""]}","f30545c2eb5a0747db4fc32cab37401b82de33822145afb9140e9e27bcb99871","id","106018004001","키즈 > 홈인테리어/리빙 > 소품 > 장식 소품","null","false","true"
"musinsa","106018004002","106018004","시즌 소품","키즈 > 홈인테리어/리빙 > 소품 > 시즌 소품","키즈 > 홈인테리어/리빙 > 소품 > 시즌 소품","3","KIDS","true","unknown","https://www.musinsa.com/category/106018004002/goods?gf=A","official_category_next_page","2026-08-03T02:01:21.580Z","{""root_probe_range"":""000-199"",""rendered_child_count"":0,""product_count"":5,""sample_product_ids"":[""3302131"",""5075624"",""2531749"",""3775905"",""2640471""]}","8e2b6d458cb153125a1dce35425f0ce4237bf969356884a8dc106209d4a0a172","id","106018004002","키즈 > 홈인테리어/리빙 > 소품 > 시즌 소품","null","false","true"
"musinsa","106018004003","106018004","파티/답례품","키즈 > 홈인테리어/리빙 > 소품 > 파티/답례품","키즈 > 홈인테리어/리빙 > 소품 > 파티/답례품","3","KIDS","true","unknown","https://www.musinsa.com/category/106018004003/goods?gf=A","official_category_next_page","2026-08-03T02:01:21.580Z","{""root_probe_range"":""000-199"",""rendered_child_count"":0,""product_count"":11,""sample_product_ids"":[""5949305"",""5950778"",""3453848"",""6468346"",""4066164"",""4452854"",""4035878"",""3551440"",""4035874"",""6468338"",""4035880""]}","02ddc7ab07dcf4c536da78997394e6fb3b75299193bcf5d8fd1ca5bc8c8b8bd9","id","106018004003","키즈 > 홈인테리어/리빙 > 소품 > 파티/답례품","null","false","true"
"musinsa","106018004004","106018004","기타 소품","키즈 > 홈인테리어/리빙 > 소품 > 기타 소품","키즈 > 홈인테리어/리빙 > 소품 > 기타 소품","3","KIDS","true","unknown","https://www.musinsa.com/category/106018004004/goods?gf=A","official_category_next_page","2026-08-03T02:01:21.580Z","{""root_probe_range"":""000-199"",""rendered_child_count"":0,""product_count"":5,""sample_product_ids"":[""6729941"",""4239509"",""4453028"",""4035883"",""3405298""]}","b0763f041b809380e2d750976835c07ba61bb5f6bcc0bfb571742adc7bd8d433","id","106018004004","키즈 > 홈인테리어/리빙 > 소품 > 기타 소품","null","false","true"
"musinsa","106018005","106018","스킨/바디용품","키즈 > 홈인테리어/리빙 > 스킨/바디용품","키즈 > 홈인테리어/리빙 > 스킨/바디용품","2","KIDS","false","unknown","https://www.musinsa.com/category/106018005/goods?gf=A","official_category_next_page","2026-08-03T02:01:21.580Z","{""root_probe_range"":""000-199"",""rendered_child_count"":3,""product_count"":192,""sample_product_ids"":[""4662002"",""4662055"",""4662005"",""4662007"",""5868632"",""5868528"",""4567435"",""5458889"",""3035399"",""4828421"",""4065661"",""4828543"",""5981601"",""5026689"",""3035420""]}","f10bf96bcd92494c8b9f5e6dfca574e23c474af9e0dfe7ffa9222ba5c50b494d","id","106018005","키즈 > 홈인테리어/리빙 > 스킨/바디용품","null","false","true"
"musinsa","106018005001","106018005","어린이 화장품","키즈 > 홈인테리어/리빙 > 스킨/바디용품 > 어린이 화장품","키즈 > 홈인테리어/리빙 > 스킨/바디용품 > 어린이 화장품","3","KIDS","true","unknown","https://www.musinsa.com/category/106018005001/goods?gf=A","official_category_next_page","2026-08-03T02:01:21.580Z","{""root_probe_range"":""000-199"",""rendered_child_count"":0,""product_count"":17,""sample_product_ids"":[""2306587"",""3022887"",""5136550"",""4158769"",""4592133"",""4241681"",""2306557"",""2308657"",""2306663"",""2308602"",""4158744"",""4237288"",""2306719"",""3536726"",""5136515""]}","8319008a68dd207ccdaf454ad2143d53297e4b8288b6d4ab8a6a02c4f195d656","id","106018005001","키즈 > 홈인테리어/리빙 > 스킨/바디용품 > 어린이 화장품","null","false","true"
"musinsa","106018005002","106018005","아기욕조","키즈 > 홈인테리어/리빙 > 스킨/바디용품 > 아기욕조","키즈 > 홈인테리어/리빙 > 스킨/바디용품 > 아기욕조","3","KIDS","true","unknown","https://www.musinsa.com/category/106018005002/goods?gf=A","official_category_next_page","2026-08-03T02:01:21.580Z","{""root_probe_range"":""000-199"",""rendered_child_count"":0,""product_count"":13,""sample_product_ids"":[""5656068"",""3175590"",""3173280"",""3173320"",""4381200"",""3172922"",""3172950"",""3432852"",""3432853"",""3778050"",""3432854"",""5238909"",""2301435""]}","f6a72e323f7156a36bb5affa00595dd2e9cea5a676478fb21a63eeeabaea2872","id","106018005002","키즈 > 홈인테리어/리빙 > 스킨/바디용품 > 아기욕조","null","false","true"
"musinsa","106018005003","106018005","기타스킨/바디용품","키즈 > 홈인테리어/리빙 > 스킨/바디용품 > 기타스킨/바디용품","키즈 > 홈인테리어/리빙 > 스킨/바디용품 > 기타스킨/바디용품","3","KIDS","true","unknown","https://www.musinsa.com/category/106018005003/goods?gf=A","official_category_next_page","2026-08-03T02:01:21.580Z","{""root_probe_range"":""000-199"",""rendered_child_count"":0,""product_count"":179,""sample_product_ids"":[""4662002"",""4662055"",""4662005"",""4662007"",""5868632"",""5868528"",""4567435"",""5458889"",""3035399"",""4828421"",""4065661"",""4828543"",""5981601"",""5026689"",""3035420""]}","c7f6e63063a324a930fa24d9d8655addfcdbf3fc3143847460a166faebe31f81","id","106018005003","키즈 > 홈인테리어/리빙 > 스킨/바디용품 > 기타스킨/바디용품","null","false","true"
"musinsa","106018006","106018","안전용품","키즈 > 홈인테리어/리빙 > 안전용품","키즈 > 홈인테리어/리빙 > 안전용품","2","KIDS","true","unknown","https://www.musinsa.com/category/106018006/goods?gf=A","official_category_next_page","2026-08-03T02:01:21.580Z","{""root_probe_range"":""000-199"",""rendered_child_count"":0,""product_count"":152,""sample_product_ids"":[""3490108"",""5272231"",""5148722"",""5905089"",""4577090"",""4906816"",""4208258"",""4902832"",""5186499"",""4240163"",""4309742"",""2837278"",""4129049"",""4208256"",""3240047""]}","8efae9de54cfc9160c4e2ddda187e454eeb66f30e52a4405201c48fd8aeb3ef9","id","106018006","키즈 > 홈인테리어/리빙 > 안전용품","null","false","true"
"musinsa","106018007","106018","기타 용품","키즈 > 홈인테리어/리빙 > 기타 용품","키즈 > 홈인테리어/리빙 > 기타 용품","2","KIDS","true","unknown","https://www.musinsa.com/category/106018007/goods?gf=A","official_category_next_page","2026-08-03T02:01:21.580Z","{""root_probe_range"":""000-199"",""rendered_child_count"":0,""product_count"":395,""sample_product_ids"":[""5174910"",""3830970"",""3786876"",""4036032"",""6815351"",""4667829"",""5306882"",""5341230"",""4517272"",""2843903"",""3706673"",""5617270"",""6139805"",""5174492"",""2476108""]}","ba79cd3cddb5018de80cb902c378259af40f8ce9c8b121233df2beb4d6d11ed0","id","106018007","키즈 > 홈인테리어/리빙 > 기타 용품","null","false","true"
"musinsa","106018008","106018","이유/수유/건강용품","키즈 > 홈인테리어/리빙 > 이유/수유/건강용품","키즈 > 홈인테리어/리빙 > 이유/수유/건강용품","2","KIDS","true","unknown","https://www.musinsa.com/category/106018008/goods?gf=A","official_category_next_page","2026-08-03T02:01:21.580Z","{""root_probe_range"":""000-199"",""rendered_child_count"":0,""product_count"":159,""sample_product_ids"":[""3833195"",""6709759"",""6709707"",""6713938"",""4330163"",""6710191"",""3833238"",""2964957"",""3491656"",""4331279"",""6709426"",""6633576"",""6709318"",""6499025"",""3491293""]}","eccfdfd27d5278a6c67308b613b141cdc27c3a896aea540e7d391819bc7c84ea","id","106018008","키즈 > 홈인테리어/리빙 > 이유/수유/건강용품","null","false","true"
"musinsa","106018009","106018","세탁용품","키즈 > 홈인테리어/리빙 > 세탁용품","키즈 > 홈인테리어/리빙 > 세탁용품","2","KIDS","true","unknown","https://www.musinsa.com/category/106018009/goods?gf=A","official_category_next_page","2026-08-03T02:01:21.580Z","{""root_probe_range"":""000-199"",""rendered_child_count"":0,""product_count"":57,""sample_product_ids"":[""4518752"",""4387015"",""5080768"",""4066370"",""5080739"",""5841734"",""5885858"",""5127221"",""4518845"",""4390103"",""4520070"",""4387006"",""5841554"",""4389146"",""5860994""]}","bd9008830ab6c29bc82202140f0f5927877df41a8ada397a8520f3f1f347335b","id","106018009","키즈 > 홈인테리어/리빙 > 세탁용품","null","false","true"
"uniqlo","57993","57958","재킷 & 코트","아우터 > 재킷 & 코트","아우터 > 재킷 & 코트","2","WOMEN","false","unknown","https://www.uniqlo.com/kr/ko/men_navigation","official_navigation_preloaded_taxonomies","2026-08-03T02:01:21.580Z","{""group"":""categories"",""key"":""jackets"",""parent_count"":2}","2dad9b2eaa9e0b3966064c40708d8fff9be454662a8eba631cdaf427266f1f53","id_target","57993","아우터 > 재킷","WOMEN","true","false"
"uniqlo","79210","57995","코튼","티셔츠 & UT > 티셔츠 (반팔 & 긴팔) > 코튼","티셔츠 & UT > 티셔츠 (반팔 & 긴팔) > 코튼","3","WOMEN","true","unknown","https://www.uniqlo.com/kr/ko/men_navigation","official_navigation_preloaded_taxonomies","2026-08-03T02:01:21.580Z","{""group"":""subcategories"",""key"":""cotton"",""parent_count"":3}","2dad9b2eaa9e0b3966064c40708d8fff9be454662a8eba631cdaf427266f1f53","id_target","79210","티셔츠 & UT > 티셔츠 (반팔 & 긴팔) > 레귤러","WOMEN","true","false"
"uniqlo","58141","57995","립","티셔츠 & UT > 티셔츠 (반팔 & 긴팔) > 립","티셔츠 & UT > 티셔츠 (반팔 & 긴팔) > 립","3","WOMEN","true","unknown","https://www.uniqlo.com/kr/ko/men_navigation","official_navigation_preloaded_taxonomies","2026-08-03T02:01:21.580Z","{""group"":""subcategories"",""key"":""rib"",""parent_count"":3}","2dad9b2eaa9e0b3966064c40708d8fff9be454662a8eba631cdaf427266f1f53","id_target","58141","티셔츠 & UT > 티셔츠 (반팔 & 긴팔) > 슬림","WOMEN","true","false"
"uniqlo","58140","57995","AIRism","티셔츠 & UT > 티셔츠 (반팔 & 긴팔) > AIRism","티셔츠 & UT > 티셔츠 (반팔 & 긴팔) > AIRism","3","WOMEN","true","unknown","https://www.uniqlo.com/kr/ko/men_navigation","official_navigation_preloaded_taxonomies","2026-08-03T02:01:21.580Z","{""group"":""subcategories"",""key"":""airism"",""parent_count"":3}","2dad9b2eaa9e0b3966064c40708d8fff9be454662a8eba631cdaf427266f1f53","id_target","58140","티셔츠 & UT > 티셔츠 (반팔 & 긴팔) > 릴랙스","WOMEN","true","false"
"uniqlo","98277","57995","터틀넥 & 하이넥","티셔츠 & UT > 티셔츠 (반팔 & 긴팔) > 터틀넥 & 하이넥","티셔츠 & UT > 티셔츠 (반팔 & 긴팔) > 터틀넥 & 하이넥","3","WOMEN","true","unknown","https://www.uniqlo.com/kr/ko/men_navigation","official_navigation_preloaded_taxonomies","2026-08-03T02:01:21.580Z","{""group"":""subcategories"",""key"":""turtle-and-high-neck"",""parent_count"":3}","2dad9b2eaa9e0b3966064c40708d8fff9be454662a8eba631cdaf427266f1f53","id_target","98277","티셔츠 & UT > 티셔츠 (반팔 & 긴팔) > Pick up","WOMEN","true","false"
"uniqlo","58125","57993","캐주얼 재킷","아우터 > 재킷 & 코트 > 캐주얼 재킷","아우터 > 재킷 & 코트 > 캐주얼 재킷","3","WOMEN","true","unknown","https://www.uniqlo.com/kr/ko/men_navigation","official_navigation_preloaded_taxonomies","2026-08-03T02:01:21.580Z","{""group"":""subcategories"",""key"":""casual"",""parent_count"":3}","2dad9b2eaa9e0b3966064c40708d8fff9be454662a8eba631cdaf427266f1f53","id_target","58125","아우터 > 재킷 > 캐주얼 재킷","WOMEN","true","false"
"uniqlo","94952","57993","재킷","아우터 > 재킷 & 코트 > 재킷","아우터 > 재킷 & 코트 > 재킷","3","WOMEN","true","unknown","https://www.uniqlo.com/kr/ko/men_navigation","official_navigation_preloaded_taxonomies","2026-08-03T02:01:21.580Z","{""group"":""subcategories"",""key"":""jacket"",""parent_count"":3}","2dad9b2eaa9e0b3966064c40708d8fff9be454662a8eba631cdaf427266f1f53","id_target","94952","아우터 > 재킷 > 재킷","WOMEN","true","false"
"uniqlo","101617","57993","Uniqlo U","아우터 > 재킷 & 코트 > Uniqlo U","아우터 > 재킷 & 코트 > Uniqlo U","3","WOMEN","true","unknown","https://www.uniqlo.com/kr/ko/men_navigation","official_navigation_preloaded_taxonomies","2026-08-03T02:01:21.580Z","{""group"":""subcategories"",""key"":""uniqlo-u"",""parent_count"":3}","2dad9b2eaa9e0b3966064c40708d8fff9be454662a8eba631cdaf427266f1f53","id_target","101617","아우터 > 재킷 > Uniqlo U","WOMEN","true","false"
"uniqlo","58124","57993","감탄 재킷","아우터 > 재킷 & 코트 > 감탄 재킷","아우터 > 재킷 & 코트 > 감탄 재킷","3","WOMEN","true","unknown","https://www.uniqlo.com/kr/ko/men_navigation","official_navigation_preloaded_taxonomies","2026-08-03T02:01:21.580Z","{""group"":""subcategories"",""key"":""gamtan"",""parent_count"":3}","2dad9b2eaa9e0b3966064c40708d8fff9be454662a8eba631cdaf427266f1f53","id_target","58124","아우터 > 재킷 > 감탄 재킷","WOMEN","true","false"
"uniqlo","62523","57993","UNIQLO and JW ANDERSON","아우터 > 재킷 & 코트 > UNIQLO and JW ANDERSON","아우터 > 재킷 & 코트 > UNIQLO and JW ANDERSON","3","WOMEN","true","unknown","https://www.uniqlo.com/kr/ko/men_navigation","official_navigation_preloaded_taxonomies","2026-08-03T02:01:21.580Z","{""group"":""subcategories"",""key"":""uniqlo-and-jw-anderson"",""parent_count"":3}","2dad9b2eaa9e0b3966064c40708d8fff9be454662a8eba631cdaf427266f1f53","id_target","62523","아우터 > 재킷 > UNIQLO and JW ANDERSON","WOMEN","true","false"
"uniqlo","62521","57993","UNIQLO and COMPTOIR DES COTONNIERS","아우터 > 재킷 & 코트 > UNIQLO and COMPTOIR DES COTONNIERS","아우터 > 재킷 & 코트 > UNIQLO and COMPTOIR DES COTONNIERS","3","WOMEN","true","unknown","https://www.uniqlo.com/kr/ko/men_navigation","official_navigation_preloaded_taxonomies","2026-08-03T02:01:21.580Z","{""group"":""subcategories"",""key"":""comptoir-des-cotonniers"",""parent_count"":3}","2dad9b2eaa9e0b3966064c40708d8fff9be454662a8eba631cdaf427266f1f53","id_target","62521","아우터 > 재킷 > UNIQLO and COMPTOIR DES COTONNIERS","WOMEN","true","false"
"uniqlo","58128","57993","그 외","아우터 > 재킷 & 코트 > 그 외","아우터 > 재킷 & 코트 > 그 외","3","WOMEN","true","unknown","https://www.uniqlo.com/kr/ko/men_navigation","official_navigation_preloaded_taxonomies","2026-08-03T02:01:21.580Z","{""group"":""subcategories"",""key"":""others"",""parent_count"":3}","2dad9b2eaa9e0b3966064c40708d8fff9be454662a8eba631cdaf427266f1f53","id_target","58128","아우터 > 재킷 > 그 외","WOMEN","true","false"
"uniqlo","63074","57993","유니섹스","아우터 > 재킷 & 코트 > 유니섹스","아우터 > 재킷 & 코트 > 유니섹스","3","WOMEN","true","unknown","https://www.uniqlo.com/kr/ko/men_navigation","official_navigation_preloaded_taxonomies","2026-08-03T02:01:21.580Z","{""group"":""subcategories"",""key"":""unisex"",""parent_count"":3}","2dad9b2eaa9e0b3966064c40708d8fff9be454662a8eba631cdaf427266f1f53","id_target","63074","아우터 > 재킷 > 유니섹스","WOMEN","true","false"
"uniqlo","124366","57993","GU","아우터 > 재킷 & 코트 > GU","아우터 > 재킷 & 코트 > GU","3","WOMEN","true","unknown","https://www.uniqlo.com/kr/ko/men_navigation","official_navigation_preloaded_taxonomies","2026-08-03T02:01:21.580Z","{""group"":""subcategories"",""key"":""gu"",""parent_count"":3}","2dad9b2eaa9e0b3966064c40708d8fff9be454662a8eba631cdaf427266f1f53","id_target","124366","아우터 > 재킷 > GU","WOMEN","true","false"
"uniqlo","98330","58017","장갑","스포츠 유틸리티 웨어 > 액세서리 > 장갑","스포츠 유틸리티 웨어 > 액세서리 > 장갑","3","WOMEN","true","unknown","https://www.uniqlo.com/kr/ko/men_navigation","official_navigation_preloaded_taxonomies","2026-08-03T02:01:21.580Z","{""group"":""subcategories"",""key"":""gloves"",""parent_count"":3}","2dad9b2eaa9e0b3966064c40708d8fff9be454662a8eba631cdaf427266f1f53","id_target","98330","스포츠 유틸리티 웨어 > 액세서리 > (X)장갑","WOMEN","true","false"
"uniqlo","58268","58017","스카프 & 넥워머","스포츠 유틸리티 웨어 > 액세서리 > 스카프 & 넥워머","스포츠 유틸리티 웨어 > 액세서리 > 스카프 & 넥워머","3","WOMEN","true","unknown","https://www.uniqlo.com/kr/ko/men_navigation","official_navigation_preloaded_taxonomies","2026-08-03T02:01:21.580Z","{""group"":""subcategories"",""key"":""scarves-and-neck-warmers"",""parent_count"":3}","2dad9b2eaa9e0b3966064c40708d8fff9be454662a8eba631cdaf427266f1f53","id_target","58268","스포츠 유틸리티 웨어 > 액세서리 > (X)스카프 & 넥워머","WOMEN","true","false"
"uniqlo","62580","58017","그 외","스포츠 유틸리티 웨어 > 액세서리 > 그 외","스포츠 유틸리티 웨어 > 액세서리 > 그 외","3","WOMEN","true","unknown","https://www.uniqlo.com/kr/ko/men_navigation","official_navigation_preloaded_taxonomies","2026-08-03T02:01:21.580Z","{""group"":""subcategories"",""key"":""others"",""parent_count"":3}","2dad9b2eaa9e0b3966064c40708d8fff9be454662a8eba631cdaf427266f1f53","id_target","62580","스포츠 유틸리티 웨어 > 액세서리 > (X)그 외","WOMEN","true","false"
"uniqlo","58441","58045","그 외","티셔츠 & 스웨트셔츠 & UT > 그래픽티셔츠 > 그 외","티셔츠 & 스웨트셔츠 & UT > 그래픽티셔츠 > 그 외","3","MEN","true","unknown","https://www.uniqlo.com/kr/ko/men_navigation","official_navigation_preloaded_taxonomies","2026-08-03T02:01:21.580Z","{""group"":""subcategories"",""key"":""others"",""parent_count"":3}","2dad9b2eaa9e0b3966064c40708d8fff9be454662a8eba631cdaf427266f1f53","id_target","58441","티셔츠 & 스웨트셔츠 & UT > 그래픽티셔츠 > Others 그 외","MEN","true","false"
"uniqlo","100315","95357","긴팔 니트","니트 & 가디건 > 니트 > 긴팔 니트","니트 & 가디건 > 니트 > 긴팔 니트","3","MEN","true","unknown","https://www.uniqlo.com/kr/ko/men_navigation","official_navigation_preloaded_taxonomies","2026-08-03T02:01:21.580Z","{""group"":""subcategories"",""key"":""long-sleeve"",""parent_count"":3}","2dad9b2eaa9e0b3966064c40708d8fff9be454662a8eba631cdaf427266f1f53","id_target","100315","니트 & 가디건 > 니트 > 긴팔","MEN","true","false"
"uniqlo","98385","58056","그 외","스포츠 유틸리티 웨어 > 아우터 > 그 외","스포츠 유틸리티 웨어 > 아우터 > 그 외","3","MEN","true","unknown","https://www.uniqlo.com/kr/ko/men_navigation","official_navigation_preloaded_taxonomies","2026-08-03T02:01:21.580Z","{""group"":""subcategories"",""key"":""others"",""parent_count"":3}","2dad9b2eaa9e0b3966064c40708d8fff9be454662a8eba631cdaf427266f1f53","id_target","98385","스포츠 유틸리티 웨어 > 아우터 > (x)그 외","MEN","true","false"
"uniqlo","58502","58060","가방","스포츠 유틸리티 웨어 > 액세서리 > 가방","스포츠 유틸리티 웨어 > 액세서리 > 가방","3","MEN","true","unknown","https://www.uniqlo.com/kr/ko/men_navigation","official_navigation_preloaded_taxonomies","2026-08-03T02:01:21.580Z","{""group"":""subcategories"",""key"":""bags"",""parent_count"":3}","2dad9b2eaa9e0b3966064c40708d8fff9be454662a8eba631cdaf427266f1f53","id_target","58502","스포츠 유틸리티 웨어 > 액세서리 > (X)가방","MEN","true","false"
"uniqlo","98387","58060","장갑","스포츠 유틸리티 웨어 > 액세서리 > 장갑","스포츠 유틸리티 웨어 > 액세서리 > 장갑","3","MEN","true","unknown","https://www.uniqlo.com/kr/ko/men_navigation","official_navigation_preloaded_taxonomies","2026-08-03T02:01:21.580Z","{""group"":""subcategories"",""key"":""gloves"",""parent_count"":3}","2dad9b2eaa9e0b3966064c40708d8fff9be454662a8eba631cdaf427266f1f53","id_target","98387","스포츠 유틸리티 웨어 > 액세서리 > (X)장갑","MEN","true","false"
"uniqlo","62985","58060","스카프 & 넥워머","스포츠 유틸리티 웨어 > 액세서리 > 스카프 & 넥워머","스포츠 유틸리티 웨어 > 액세서리 > 스카프 & 넥워머","3","MEN","true","unknown","https://www.uniqlo.com/kr/ko/men_navigation","official_navigation_preloaded_taxonomies","2026-08-03T02:01:21.580Z","{""group"":""subcategories"",""key"":""scarves-and-neck-warmers"",""parent_count"":3}","2dad9b2eaa9e0b3966064c40708d8fff9be454662a8eba631cdaf427266f1f53","id_target","62985","스포츠 유틸리티 웨어 > 액세서리 > (X)스카프 & 넥워머","MEN","true","false"
"uniqlo","151483","58081","Pokémon","티셔츠 & UT > 그래픽티셔츠 > Pokémon","티셔츠 & UT > 그래픽티셔츠 > Pokémon","3","KIDS","true","unknown","https://www.uniqlo.com/kr/ko/men_navigation","official_navigation_preloaded_taxonomies","2026-08-03T02:01:21.580Z","{""group"":""subcategories"",""key"":""pokemon-26ss-2nd"",""parent_count"":3}","2dad9b2eaa9e0b3966064c40708d8fff9be454662a8eba631cdaf427266f1f53","path_target","86459","티셔츠 & UT > 그래픽티셔츠 > Pokémon","KIDS","false","false"
